claim_id,split,class_label,product_age_days,warranty_status,remaining_warranty_days,fault_category,repair_history_count,receipt_available,warranty_card_available,serial_number_match,missing_documents,damage_type
CLM-000001,train,Valid Claim,304,active,56,Compressor failure,0,True,True,True,None,
CLM-000002,validation,Valid Claim,340,active,20,Battery defect,1,True,True,True,None,
CLM-000003,train,Valid Claim,573,active,147,Motor malfunction,0,True,True,True,None,
CLM-000004,train,Valid Claim,696,active,24,Component failure,0,True,True,True,None,
CLM-000005,validation,Valid Claim,271,active,89,Manufacturing defect,0,True,True,True,None,
CLM-000006,train,Valid Claim,520,active,20,Compressor failure,0,True,True,True,None,
CLM-000007,train,Valid Claim,666,active,54,Motor malfunction,0,True,True,True,None,
CLM-000008,train,Valid Claim,994,active,86,Motor malfunction,0,True,True,True,None,
CLM-000009,validation,Valid Claim,520,active,20,Compressor failure,0,True,True,True,None,
CLM-000010,train,Valid Claim,184,active,356,Compressor failure,2,True,True,True,None,
CLM-000011,train,Valid Claim,340,active,20,Motor malfunction,0,True,True,True,None,
CLM-000012,train,Valid Claim,278,active,82,Display fault,0,True,True,True,None,
CLM-000013,train,Valid Claim,792,active,288,Compressor failure,0,True,True,True,None,
CLM-000014,test,Valid Claim,452,active,88,Component failure,0,True,True,True,None,
CLM-000015,validation,Valid Claim,516,active,24,Component failure,0,True,True,True,None,
CLM-000016,train,Valid Claim,694,active,26,Battery defect,0,True,True,True,None,
CLM-000017,train,Valid Claim,673,active,47,Motor malfunction,1,True,True,True,None,
CLM-000018,train,Valid Claim,501,active,39,Battery defect,0,True,True,True,None,
CLM-000019,train,Valid Claim,1060,active,20,Component failure,0,True,True,True,None,
CLM-000020,train,Valid Claim,903,active,177,Manufacturing defect,0,True,True,True,None,
CLM-000021,test,Valid Claim,1027,active,53,Battery defect,0,True,True,True,None,
CLM-000022,test,Valid Claim,316,active,44,Component failure,0,True,True,True,None,
CLM-000023,train,Valid Claim,924,active,156,Component failure,0,True,True,True,None,
CLM-000024,train,Valid Claim,700,active,20,Compressor failure,0,True,True,True,None,
CLM-000025,train,Valid Claim,369,active,171,Motor malfunction,0,True,True,True,None,
CLM-000026,train,Valid Claim,632,active,88,Compressor failure,0,True,True,True,None,
CLM-000027,train,Valid Claim,340,active,20,Motor malfunction,0,True,True,True,None,
CLM-000028,validation,Valid Claim,75,active,285,Display fault,0,True,True,True,None,
CLM-000029,train,Valid Claim,297,active,63,Display fault,0,True,True,True,None,
CLM-000030,train,Valid Claim,679,active,41,Motor malfunction,0,True,True,True,None,
CLM-000031,train,Valid Claim,42,active,318,Motor malfunction,1,True,True,True,None,
CLM-000032,train,Valid Claim,1056,active,24,Battery defect,1,True,True,True,None,
CLM-000033,validation,Valid Claim,883,active,197,Component failure,0,True,True,True,None,
CLM-000034,train,Valid Claim,1049,active,31,Display fault,0,True,True,True,None,
CLM-000035,test,Valid Claim,336,active,204,Component failure,0,True,True,True,None,
CLM-000036,train,Valid Claim,700,active,20,Display fault,0,True,True,True,None,
CLM-000037,train,Valid Claim,737,active,343,Component failure,0,True,True,True,None,
CLM-000038,train,Valid Claim,666,active,54,Battery defect,2,True,True,True,None,
CLM-000039,train,Valid Claim,638,active,82,Battery defect,0,True,True,True,None,
CLM-000040,train,Valid Claim,968,active,112,Display fault,0,True,True,True,None,
CLM-000041,validation,Valid Claim,700,active,20,Battery defect,0,True,True,True,None,
CLM-000042,train,Valid Claim,1060,active,20,Motor malfunction,0,True,True,True,None,
CLM-000043,train,Valid Claim,571,active,509,Compressor failure,1,True,True,True,None,
CLM-000044,validation,Valid Claim,204,active,156,Component failure,0,True,True,True,None,
CLM-000045,train,Valid Claim,240,active,120,Battery defect,0,True,True,True,None,
CLM-000046,train,Valid Claim,504,active,216,Motor malfunction,0,True,True,True,None,
CLM-000047,train,Valid Claim,336,active,24,Component failure,0,True,True,True,None,
CLM-000048,validation,Valid Claim,340,active,20,Manufacturing defect,0,True,True,True,None,
CLM-000049,test,Valid Claim,510,active,30,Motor malfunction,0,True,True,True,None,
CLM-000050,validation,Valid Claim,1022,active,58,Component failure,1,True,True,True,None,
CLM-000051,test,Valid Claim,490,active,50,Component failure,0,True,True,True,None,
CLM-000052,train,Valid Claim,877,active,203,Motor malfunction,0,True,True,True,None,
CLM-000053,test,Valid Claim,630,active,90,Compressor failure,2,True,True,True,None,
CLM-000054,validation,Valid Claim,1031,active,49,Display fault,0,True,True,True,None,
CLM-000055,test,Valid Claim,205,active,155,Component failure,0,True,True,True,None,
CLM-000056,train,Valid Claim,339,active,21,Display fault,1,True,True,True,None,
CLM-000057,train,Valid Claim,1060,active,20,Motor malfunction,0,True,True,True,None,
CLM-000058,train,Valid Claim,339,active,21,Battery defect,0,True,True,True,None,
CLM-000059,test,Valid Claim,399,active,141,Manufacturing defect,0,True,True,True,None,
CLM-000060,train,Valid Claim,1048,active,32,Compressor failure,0,True,True,True,None,
CLM-000061,train,Valid Claim,556,active,164,Compressor failure,0,True,True,True,None,
CLM-000062,validation,Valid Claim,260,active,100,Display fault,0,True,True,True,None,
CLM-000063,validation,Valid Claim,665,active,55,Display fault,1,True,True,True,None,
CLM-000064,train,Valid Claim,453,active,267,Compressor failure,0,True,True,True,None,
CLM-000065,validation,Valid Claim,530,active,190,Component failure,0,True,True,True,None,
CLM-000066,train,Valid Claim,334,active,26,Display fault,0,True,True,True,None,
CLM-000067,train,Valid Claim,501,active,39,Component failure,0,True,True,True,None,
CLM-000068,train,Valid Claim,382,active,338,Compressor failure,2,True,True,True,None,
CLM-000069,train,Valid Claim,340,active,20,Display fault,3,True,True,True,None,
CLM-000070,train,Valid Claim,662,active,58,Battery defect,1,True,True,True,None,
CLM-000071,train,Valid Claim,518,active,22,Component failure,0,True,True,True,None,
CLM-000072,test,Valid Claim,619,active,101,Compressor failure,0,True,True,True,None,
CLM-000073,train,Valid Claim,246,active,114,Display fault,0,True,True,True,None,
CLM-000074,train,Valid Claim,577,active,143,Display fault,0,True,True,True,None,
CLM-000075,train,Valid Claim,307,active,53,Manufacturing defect,1,True,True,True,None,
CLM-000076,train,Valid Claim,427,active,293,Battery defect,0,True,True,True,None,
CLM-000077,train,Valid Claim,997,active,83,Display fault,0,True,True,True,None,
CLM-000078,train,Valid Claim,530,active,190,Battery defect,1,True,True,True,None,
CLM-000079,train,Valid Claim,664,active,56,Display fault,0,True,True,True,None,
CLM-000080,train,Valid Claim,285,active,75,Display fault,0,True,True,True,None,
CLM-000081,test,Valid Claim,680,active,40,Compressor failure,0,True,True,True,None,
CLM-000082,train,Valid Claim,153,active,207,Compressor failure,0,True,True,True,None,
CLM-000083,train,Valid Claim,700,active,20,Component failure,0,True,True,True,None,
CLM-000084,train,Valid Claim,423,active,117,Motor malfunction,0,True,True,True,None,
CLM-000085,train,Valid Claim,700,active,20,Manufacturing defect,0,True,True,True,None,
CLM-000086,train,Valid Claim,205,active,155,Component failure,1,True,True,True,None,
CLM-000087,train,Valid Claim,674,active,46,Battery defect,0,True,True,True,None,
CLM-000088,test,Valid Claim,700,active,20,Compressor failure,0,True,True,True,None,
CLM-000089,test,Valid Claim,15,active,345,Manufacturing defect,0,True,True,True,None,
CLM-000090,train,Valid Claim,1058,active,22,Compressor failure,0,True,True,True,None,
CLM-000091,train,Valid Claim,1046,active,34,Compressor failure,0,True,True,True,None,
CLM-000092,test,Valid Claim,321,active,39,Component failure,1,True,True,True,None,
CLM-000093,train,Valid Claim,624,active,96,Component failure,0,True,True,True,None,
CLM-000094,train,Valid Claim,308,active,52,Compressor failure,1,True,True,True,None,
CLM-000095,train,Valid Claim,340,active,20,Display fault,0,True,True,True,None,
CLM-000096,train,Valid Claim,700,active,20,Manufacturing defect,0,True,True,True,None,
CLM-000097,train,Valid Claim,284,active,76,Display fault,0,True,True,True,None,
CLM-000098,train,Valid Claim,426,active,114,Motor malfunction,0,True,True,True,None,
CLM-000099,validation,Valid Claim,340,active,20,Battery defect,0,True,True,True,None,
CLM-000100,test,Valid Claim,128,active,232,Battery defect,0,True,True,True,None,
CLM-000101,validation,Valid Claim,339,active,21,Component failure,0,True,True,True,None,
CLM-000102,train,Valid Claim,255,active,105,Battery defect,1,True,True,True,None,
CLM-000103,test,Valid Claim,662,active,58,Display fault,0,True,True,True,None,
CLM-000104,train,Valid Claim,200,active,340,Display fault,0,True,True,True,None,
CLM-000105,train,Valid Claim,331,active,389,Manufacturing defect,0,True,True,True,None,
CLM-000106,validation,Valid Claim,137,active,223,Manufacturing defect,0,True,True,True,None,
CLM-000107,test,Valid Claim,518,active,202,Display fault,0,True,True,True,None,
CLM-000108,train,Valid Claim,962,active,118,Battery defect,1,True,True,True,None,
CLM-000109,train,Valid Claim,885,active,195,Component failure,1,True,True,True,None,
CLM-000110,train,Valid Claim,162,active,558,Display fault,0,True,True,True,None,
CLM-000111,train,Valid Claim,305,active,55,Component failure,2,True,True,True,None,
CLM-000112,train,Valid Claim,554,active,166,Compressor failure,1,True,True,True,None,
CLM-000113,train,Valid Claim,441,active,279,Battery defect,0,True,True,True,None,
CLM-000114,train,Valid Claim,269,active,271,Battery defect,0,True,True,True,None,
CLM-000115,train,Valid Claim,520,active,20,Battery defect,1,True,True,True,None,
CLM-000116,train,Valid Claim,241,active,119,Component failure,0,True,True,True,None,
CLM-000117,train,Valid Claim,499,active,41,Display fault,1,True,True,True,None,
CLM-000118,train,Valid Claim,893,active,187,Manufacturing defect,0,True,True,True,None,
CLM-000119,train,Valid Claim,279,active,81,Battery defect,0,True,True,True,None,
CLM-000120,train,Valid Claim,278,active,262,Display fault,0,True,True,True,None,
CLM-000121,train,Valid Claim,700,active,20,Component failure,0,True,True,True,None,
CLM-000122,test,Valid Claim,520,active,20,Battery defect,0,True,True,True,None,
CLM-000123,train,Valid Claim,936,active,144,Compressor failure,0,True,True,True,None,
CLM-000124,train,Valid Claim,203,active,517,Display fault,0,True,True,True,None,
CLM-000125,train,Valid Claim,305,active,55,Compressor failure,1,True,True,True,None,
CLM-000126,train,Valid Claim,1014,active,66,Display fault,1,True,True,True,None,
CLM-000127,train,Valid Claim,639,active,81,Display fault,0,True,True,True,None,
CLM-000128,train,Valid Claim,1060,active,20,Battery defect,0,True,True,True,None,
CLM-000129,validation,Valid Claim,955,active,125,Motor malfunction,1,True,True,True,None,
CLM-000130,train,Valid Claim,680,active,40,Component failure,1,True,True,True,None,
CLM-000131,test,Valid Claim,15,active,345,Compressor failure,0,True,True,True,None,
CLM-000132,train,Valid Claim,444,active,96,Component failure,1,True,True,True,None,
CLM-000133,train,Valid Claim,241,active,119,Display fault,0,True,True,True,None,
CLM-000134,train,Valid Claim,615,active,105,Motor malfunction,1,True,True,True,None,
CLM-000135,test,Valid Claim,681,active,39,Display fault,0,True,True,True,None,
CLM-000136,validation,Valid Claim,335,active,25,Compressor failure,0,True,True,True,None,
CLM-000137,train,Valid Claim,488,active,52,Compressor failure,2,True,True,True,None,
CLM-000138,train,Valid Claim,268,active,92,Component failure,0,True,True,True,None,
CLM-000139,validation,Valid Claim,339,active,201,Battery defect,2,True,True,True,None,
CLM-000140,train,Valid Claim,385,active,155,Display fault,0,True,True,True,None,
CLM-000141,train,Valid Claim,655,active,65,Component failure,1,True,True,True,None,
CLM-000142,train,Valid Claim,972,active,108,Compressor failure,0,True,True,True,None,
CLM-000143,train,Valid Claim,120,active,420,Display fault,0,True,True,True,None,
CLM-000144,train,Valid Claim,476,active,64,Compressor failure,0,True,True,True,None,
CLM-000145,train,Valid Claim,340,active,20,Motor malfunction,2,True,True,True,None,
CLM-000146,train,Valid Claim,545,active,175,Compressor failure,2,True,True,True,None,
CLM-000147,train,Valid Claim,1009,active,71,Motor malfunction,0,True,True,True,None,
CLM-000148,train,Valid Claim,245,active,115,Battery defect,0,True,True,True,None,
CLM-000149,train,Valid Claim,520,active,20,Display fault,1,True,True,True,None,
CLM-000150,test,Valid Claim,491,active,229,Component failure,0,True,True,True,None,
CLM-000151,train,Valid Claim,982,active,98,Manufacturing defect,0,True,True,True,None,
CLM-000152,test,Valid Claim,520,active,20,Compressor failure,1,True,True,True,None,
CLM-000153,train,Valid Claim,574,active,146,Manufacturing defect,0,True,True,True,None,
CLM-000154,train,Valid Claim,1029,active,51,Manufacturing defect,0,True,True,True,None,
CLM-000155,train,Valid Claim,1021,active,59,Display fault,0,True,True,True,None,
CLM-000156,train,Valid Claim,634,active,86,Component failure,1,True,True,True,None,
CLM-000157,validation,Valid Claim,604,active,116,Component failure,0,True,True,True,None,
CLM-000158,train,Valid Claim,71,active,469,Motor malfunction,0,True,True,True,None,
CLM-000159,train,Valid Claim,1033,active,47,Manufacturing defect,0,True,True,True,None,
CLM-000160,train,Valid Claim,340,active,20,Manufacturing defect,0,True,True,True,None,
CLM-000161,test,Valid Claim,340,active,20,Battery defect,0,True,True,True,None,
CLM-000162,validation,Valid Claim,670,active,50,Battery defect,1,True,True,True,None,
CLM-000163,validation,Valid Claim,948,active,132,Component failure,0,True,True,True,None,
CLM-000164,train,Valid Claim,698,active,22,Component failure,0,True,True,True,None,
CLM-000165,train,Valid Claim,337,active,23,Battery defect,0,True,True,True,None,
CLM-000166,train,Valid Claim,636,active,84,Display fault,0,True,True,True,None,
CLM-000167,test,Valid Claim,340,active,20,Manufacturing defect,0,True,True,True,None,
CLM-000168,train,Valid Claim,832,active,248,Display fault,1,True,True,True,None,
CLM-000169,train,Valid Claim,322,active,38,Battery defect,0,True,True,True,None,
CLM-000170,test,Valid Claim,692,active,28,Display fault,0,True,True,True,None,
CLM-000171,train,Valid Claim,641,active,79,Battery defect,0,True,True,True,None,
CLM-000172,validation,Valid Claim,375,active,165,Display fault,0,True,True,True,None,
CLM-000173,train,Valid Claim,686,active,34,Component failure,0,True,True,True,None,
CLM-000174,train,Valid Claim,269,active,91,Compressor failure,0,True,True,True,None,
CLM-000175,test,Valid Claim,649,active,71,Motor malfunction,0,True,True,True,None,
CLM-000176,train,Valid Claim,1024,active,56,Manufacturing defect,0,True,True,True,None,
CLM-000177,train,Valid Claim,494,active,46,Motor malfunction,0,True,True,True,None,
CLM-000178,train,Valid Claim,275,active,265,Battery defect,0,True,True,True,None,
CLM-000179,train,Valid Claim,224,active,136,Compressor failure,0,True,True,True,None,
CLM-000180,train,Valid Claim,988,active,92,Display fault,0,True,True,True,None,
CLM-000181,train,Valid Claim,196,active,164,Component failure,0,True,True,True,None,
CLM-000182,train,Valid Claim,486,active,54,Battery defect,0,True,True,True,None,
CLM-000183,train,Valid Claim,259,active,101,Manufacturing defect,0,True,True,True,None,
CLM-000184,train,Valid Claim,520,active,20,Battery defect,0,True,True,True,None,
CLM-000185,train,Valid Claim,339,active,21,Compressor failure,0,True,True,True,None,
CLM-000186,train,Valid Claim,88,active,272,Component failure,0,True,True,True,None,
CLM-000187,train,Valid Claim,631,active,89,Display fault,0,True,True,True,None,
CLM-000188,test,Valid Claim,300,active,60,Compressor failure,2,True,True,True,None,
CLM-000189,test,Valid Claim,505,active,35,Manufacturing defect,1,True,True,True,None,
CLM-000190,test,Valid Claim,619,active,101,Manufacturing defect,0,True,True,True,None,
CLM-000191,validation,Valid Claim,184,active,176,Manufacturing defect,0,True,True,True,None,
CLM-000192,test,Valid Claim,455,active,85,Compressor failure,0,True,True,True,None,
CLM-000193,train,Valid Claim,340,active,20,Battery defect,0,True,True,True,None,
CLM-000194,train,Valid Claim,340,active,20,Component failure,0,True,True,True,None,
CLM-000195,train,Valid Claim,269,active,91,Compressor failure,0,True,True,True,None,
CLM-000196,train,Valid Claim,340,active,20,Battery defect,1,True,True,True,None,
CLM-000197,train,Valid Claim,521,active,199,Display fault,1,True,True,True,None,
CLM-000198,train,Valid Claim,464,active,76,Battery defect,0,True,True,True,None,
CLM-000199,train,Valid Claim,309,active,51,Manufacturing defect,0,True,True,True,None,
CLM-000200,train,Valid Claim,700,active,20,Compressor failure,1,True,True,True,None,
CLM-000201,validation,Valid Claim,859,active,221,Battery defect,0,True,True,True,None,
CLM-000202,validation,Valid Claim,1059,active,21,Component failure,0,True,True,True,None,
CLM-000203,train,Valid Claim,158,active,202,Component failure,0,True,True,True,None,
CLM-000204,train,Valid Claim,289,active,251,Manufacturing defect,0,True,True,True,None,
CLM-000205,train,Valid Claim,157,active,203,Compressor failure,0,True,True,True,None,
CLM-000206,test,Valid Claim,1037,active,43,Compressor failure,1,True,True,True,None,
CLM-000207,train,Valid Claim,689,active,31,Motor malfunction,0,True,True,True,None,
CLM-000208,validation,Valid Claim,436,active,284,Battery defect,0,True,True,True,None,
CLM-000209,train,Valid Claim,340,active,20,Display fault,0,True,True,True,None,
CLM-000210,train,Valid Claim,340,active,20,Manufacturing defect,1,True,True,True,None,
CLM-000211,train,Valid Claim,629,active,91,Battery defect,0,True,True,True,None,
CLM-000212,train,Valid Claim,676,active,44,Component failure,0,True,True,True,None,
CLM-000213,validation,Valid Claim,197,active,163,Compressor failure,1,True,True,True,None,
CLM-000214,validation,Valid Claim,490,active,50,Battery defect,1,True,True,True,None,
CLM-000215,test,Valid Claim,496,active,224,Battery defect,1,True,True,True,None,
CLM-000216,validation,Valid Claim,329,active,31,Compressor failure,0,True,True,True,None,
CLM-000217,validation,Valid Claim,928,active,152,Battery defect,0,True,True,True,None,
CLM-000218,validation,Valid Claim,686,active,34,Manufacturing defect,0,True,True,True,None,
CLM-000219,train,Valid Claim,336,active,24,Motor malfunction,0,True,True,True,None,
CLM-000220,train,Valid Claim,286,active,74,Motor malfunction,1,True,True,True,None,
CLM-000221,train,Valid Claim,615,active,105,Component failure,0,True,True,True,None,
CLM-000222,train,Valid Claim,294,active,246,Component failure,1,True,True,True,None,
CLM-000223,train,Valid Claim,217,active,143,Display fault,0,True,True,True,None,
CLM-000224,train,Valid Claim,437,active,103,Manufacturing defect,0,True,True,True,None,
CLM-000225,train,Valid Claim,294,active,66,Manufacturing defect,1,True,True,True,None,
CLM-000226,train,Valid Claim,520,active,20,Manufacturing defect,2,True,True,True,None,
CLM-000227,validation,Valid Claim,56,active,304,Compressor failure,0,True,True,True,None,
CLM-000228,train,Valid Claim,659,active,61,Battery defect,0,True,True,True,None,
CLM-000229,train,Valid Claim,672,active,48,Display fault,0,True,True,True,None,
CLM-000230,train,Valid Claim,418,active,302,Manufacturing defect,0,True,True,True,None,
CLM-000231,validation,Valid Claim,1029,active,51,Battery defect,0,True,True,True,None,
CLM-000232,train,Valid Claim,288,active,72,Manufacturing defect,0,True,True,True,None,
CLM-000233,train,Valid Claim,337,active,23,Display fault,1,True,True,True,None,
CLM-000234,train,Valid Claim,436,active,104,Manufacturing defect,0,True,True,True,None,
CLM-000235,train,Valid Claim,700,active,20,Motor malfunction,1,True,True,True,None,
CLM-000236,test,Valid Claim,296,active,64,Motor malfunction,0,True,True,True,None,
CLM-000237,validation,Valid Claim,15,active,345,Motor malfunction,0,True,True,True,None,
CLM-000238,train,Valid Claim,194,active,166,Compressor failure,0,True,True,True,None,
CLM-000239,train,Valid Claim,807,active,273,Manufacturing defect,0,True,True,True,None,
CLM-000240,train,Valid Claim,644,active,76,Component failure,0,True,True,True,None,
CLM-000241,train,Valid Claim,1060,active,20,Motor malfunction,0,True,True,True,None,
CLM-000242,test,Valid Claim,291,active,69,Display fault,0,True,True,True,None,
CLM-000243,train,Valid Claim,442,active,98,Component failure,2,True,True,True,None,
CLM-000244,test,Valid Claim,683,active,37,Manufacturing defect,0,True,True,True,None,
CLM-000245,train,Valid Claim,297,active,63,Compressor failure,0,True,True,True,None,
CLM-000246,train,Valid Claim,510,active,30,Compressor failure,0,True,True,True,None,
CLM-000247,train,Valid Claim,587,active,133,Component failure,0,True,True,True,None,
CLM-000248,train,Valid Claim,328,active,32,Battery defect,0,True,True,True,None,
CLM-000249,train,Valid Claim,687,active,33,Compressor failure,1,True,True,True,None,
CLM-000250,train,Valid Claim,408,active,132,Compressor failure,0,True,True,True,None,
CLM-000251,train,Valid Claim,499,active,41,Battery defect,1,True,True,True,None,
CLM-000252,validation,Valid Claim,310,active,50,Manufacturing defect,0,True,True,True,None,
CLM-000253,test,Valid Claim,483,active,57,Component failure,0,True,True,True,None,
CLM-000254,train,Valid Claim,1017,active,63,Compressor failure,0,True,True,True,None,
CLM-000255,validation,Valid Claim,292,active,68,Battery defect,1,True,True,True,None,
CLM-000256,train,Valid Claim,477,active,243,Manufacturing defect,0,True,True,True,None,
CLM-000257,validation,Valid Claim,91,active,269,Battery defect,0,True,True,True,None,
CLM-000258,test,Valid Claim,683,active,37,Motor malfunction,0,True,True,True,None,
CLM-000259,train,Valid Claim,240,active,120,Compressor failure,2,True,True,True,None,
CLM-000260,validation,Valid Claim,518,active,22,Motor malfunction,0,True,True,True,None,
CLM-000261,validation,Valid Claim,700,active,20,Battery defect,0,True,True,True,None,
CLM-000262,train,Valid Claim,234,active,126,Component failure,1,True,True,True,None,
CLM-000263,train,Valid Claim,340,active,20,Component failure,0,True,True,True,None,
CLM-000264,test,Valid Claim,949,active,131,Battery defect,0,True,True,True,None,
CLM-000265,test,Valid Claim,246,active,294,Battery defect,0,True,True,True,None,
CLM-000266,train,Valid Claim,1060,active,20,Display fault,0,True,True,True,None,
CLM-000267,train,Valid Claim,920,active,160,Manufacturing defect,0,True,True,True,None,
CLM-000268,validation,Valid Claim,301,active,59,Display fault,0,True,True,True,None,
CLM-000269,train,Valid Claim,668,active,52,Battery defect,0,True,True,True,None,
CLM-000270,validation,Valid Claim,643,active,77,Display fault,0,True,True,True,None,
CLM-000271,test,Valid Claim,389,active,331,Battery defect,0,True,True,True,None,
CLM-000272,train,Valid Claim,504,active,36,Battery defect,0,True,True,True,None,
CLM-000273,train,Valid Claim,340,active,20,Motor malfunction,0,True,True,True,None,
CLM-000274,test,Valid Claim,364,active,176,Battery defect,0,True,True,True,None,
CLM-000275,train,Valid Claim,520,active,20,Compressor failure,0,True,True,True,None,
CLM-000276,train,Valid Claim,1012,active,68,Compressor failure,0,True,True,True,None,
CLM-000277,test,Valid Claim,515,active,205,Compressor failure,0,True,True,True,None,
CLM-000278,train,Valid Claim,253,active,107,Manufacturing defect,0,True,True,True,None,
CLM-000279,train,Valid Claim,340,active,20,Display fault,0,True,True,True,None,
CLM-000280,validation,Valid Claim,627,active,93,Battery defect,1,True,True,True,None,
CLM-000281,train,Valid Claim,343,active,197,Motor malfunction,1,True,True,True,None,
CLM-000282,train,Valid Claim,640,active,80,Component failure,0,True,True,True,None,
CLM-000283,train,Valid Claim,193,active,527,Compressor failure,0,True,True,True,None,
CLM-000284,train,Valid Claim,260,active,100,Compressor failure,1,True,True,True,None,
CLM-000285,train,Valid Claim,577,active,143,Compressor failure,2,True,True,True,None,
CLM-000286,train,Valid Claim,843,active,237,Battery defect,1,True,True,True,None,
CLM-000287,train,Valid Claim,509,active,211,Manufacturing defect,0,True,True,True,None,
CLM-000288,train,Valid Claim,340,active,20,Display fault,0,True,True,True,None,
CLM-000289,validation,Valid Claim,577,active,143,Display fault,0,True,True,True,None,
CLM-000290,train,Valid Claim,675,active,45,Manufacturing defect,0,True,True,True,None,
CLM-000291,train,Valid Claim,533,active,187,Component failure,1,True,True,True,None,
CLM-000292,train,Valid Claim,689,active,31,Manufacturing defect,0,True,True,True,None,
CLM-000293,validation,Valid Claim,476,active,244,Compressor failure,2,True,True,True,None,
CLM-000294,test,Valid Claim,366,active,174,Manufacturing defect,0,True,True,True,None,
CLM-000295,train,Valid Claim,282,active,78,Motor malfunction,2,True,True,True,None,
CLM-000296,validation,Valid Claim,655,active,65,Display fault,0,True,True,True,None,
CLM-000297,train,Valid Claim,328,active,32,Display fault,0,True,True,True,None,
CLM-000298,train,Valid Claim,1038,active,42,Motor malfunction,0,True,True,True,None,
CLM-000299,train,Valid Claim,340,active,20,Compressor failure,0,True,True,True,None,
CLM-000300,train,Valid Claim,331,active,29,Battery defect,2,True,True,True,None,
CLM-000301,validation,Valid Claim,656,active,64,Component failure,0,True,True,True,None,
CLM-000302,train,Valid Claim,15,active,345,Display fault,0,True,True,True,None,
CLM-000303,train,Valid Claim,377,active,343,Manufacturing defect,0,True,True,True,None,
CLM-000304,validation,Valid Claim,509,active,31,Battery defect,0,True,True,True,None,
CLM-000305,train,Valid Claim,331,active,29,Display fault,0,True,True,True,None,
CLM-000306,train,Valid Claim,700,active,20,Display fault,4,True,True,True,None,
CLM-000307,test,Valid Claim,300,active,60,Motor malfunction,0,True,True,True,None,
CLM-000308,train,Valid Claim,337,active,203,Display fault,0,True,True,True,None,
CLM-000309,test,Valid Claim,690,active,30,Display fault,0,True,True,True,None,
CLM-000310,validation,Valid Claim,340,active,20,Compressor failure,1,True,True,True,None,
CLM-000311,train,Valid Claim,1060,active,20,Compressor failure,0,True,True,True,None,
CLM-000312,train,Valid Claim,264,active,96,Display fault,0,True,True,True,None,
CLM-000313,train,Valid Claim,297,active,63,Display fault,0,True,True,True,None,
CLM-000314,test,Valid Claim,458,active,82,Component failure,0,True,True,True,None,
CLM-000315,train,Valid Claim,331,active,29,Display fault,1,True,True,True,None,
CLM-000316,test,Valid Claim,282,active,78,Compressor failure,0,True,True,True,None,
CLM-000317,train,Valid Claim,152,active,208,Manufacturing defect,0,True,True,True,None,
CLM-000318,train,Valid Claim,503,active,37,Compressor failure,1,True,True,True,None,
CLM-000319,train,Valid Claim,232,active,128,Manufacturing defect,0,True,True,True,None,
CLM-000320,test,Valid Claim,944,active,136,Battery defect,0,True,True,True,None,
CLM-000321,train,Valid Claim,193,active,167,Display fault,0,True,True,True,None,
CLM-000322,train,Valid Claim,197,active,163,Motor malfunction,0,True,True,True,None,
CLM-000323,train,Valid Claim,516,active,204,Component failure,0,True,True,True,None,
CLM-000324,train,Valid Claim,320,active,40,Motor malfunction,0,True,True,True,None,
CLM-000325,train,Valid Claim,64,active,476,Battery defect,0,True,True,True,None,
CLM-000326,train,Valid Claim,267,active,93,Component failure,1,True,True,True,None,
CLM-000327,validation,Valid Claim,909,active,171,Display fault,0,True,True,True,None,
CLM-000328,validation,Valid Claim,600,active,120,Motor malfunction,1,True,True,True,None,
CLM-000329,test,Valid Claim,208,active,332,Display fault,0,True,True,True,None,
CLM-000330,train,Valid Claim,213,active,147,Motor malfunction,0,True,True,True,None,
CLM-000331,test,Valid Claim,436,active,104,Battery defect,0,True,True,True,None,
CLM-000332,train,Valid Claim,474,active,246,Display fault,2,True,True,True,None,
CLM-000333,train,Valid Claim,520,active,20,Display fault,0,True,True,True,None,
CLM-000334,train,Valid Claim,470,active,70,Battery defect,0,True,True,True,None,
CLM-000335,train,Valid Claim,15,active,345,Manufacturing defect,0,True,True,True,None,
CLM-000336,train,Valid Claim,530,active,190,Manufacturing defect,0,True,True,True,None,
CLM-000337,train,Valid Claim,511,active,29,Manufacturing defect,0,True,True,True,None,
CLM-000338,validation,Valid Claim,682,active,38,Motor malfunction,1,True,True,True,None,
CLM-000339,train,Valid Claim,653,active,67,Battery defect,0,True,True,True,None,
CLM-000340,test,Valid Claim,300,active,60,Display fault,0,True,True,True,None,
CLM-000341,train,Valid Claim,44,active,496,Manufacturing defect,0,True,True,True,None,
CLM-000342,train,Valid Claim,332,active,28,Compressor failure,0,True,True,True,None,
CLM-000343,train,Valid Claim,234,active,126,Manufacturing defect,0,True,True,True,None,
CLM-000344,test,Valid Claim,667,active,413,Manufacturing defect,0,True,True,True,None,
CLM-000345,test,Valid Claim,837,active,243,Motor malfunction,1,True,True,True,None,
CLM-000346,test,Valid Claim,602,active,118,Battery defect,0,True,True,True,None,
CLM-000347,train,Valid Claim,700,active,20,Component failure,1,True,True,True,None,
CLM-000348,train,Valid Claim,700,active,20,Manufacturing defect,0,True,True,True,None,
CLM-000349,test,Valid Claim,582,active,138,Motor malfunction,0,True,True,True,None,
CLM-000350,train,Valid Claim,520,active,20,Battery defect,0,True,True,True,None,
CLM-000351,validation,Valid Claim,323,active,37,Component failure,0,True,True,True,None,
CLM-000352,train,Valid Claim,700,active,20,Manufacturing defect,0,True,True,True,None,
CLM-000353,train,Valid Claim,1021,active,59,Component failure,0,True,True,True,None,
CLM-000354,train,Valid Claim,398,active,142,Motor malfunction,1,True,True,True,None,
CLM-000355,train,Valid Claim,700,active,20,Display fault,0,True,True,True,None,
CLM-000356,train,Valid Claim,202,active,518,Compressor failure,0,True,True,True,None,
CLM-000357,train,Valid Claim,278,active,82,Component failure,0,True,True,True,None,
CLM-000358,train,Valid Claim,340,active,20,Component failure,0,True,True,True,None,
CLM-000359,train,Valid Claim,633,active,87,Display fault,0,True,True,True,None,
CLM-000360,test,Valid Claim,700,active,20,Compressor failure,0,True,True,True,None,
CLM-000361,train,Valid Claim,340,active,20,Display fault,1,True,True,True,None,
CLM-000362,train,Valid Claim,699,active,21,Display fault,0,True,True,True,None,
CLM-000363,train,Valid Claim,239,active,121,Compressor failure,1,True,True,True,None,
CLM-000364,test,Valid Claim,346,active,194,Component failure,0,True,True,True,None,
CLM-000365,train,Valid Claim,158,active,202,Battery defect,0,True,True,True,None,
CLM-000366,train,Valid Claim,597,active,123,Motor malfunction,0,True,True,True,None,
CLM-000367,test,Valid Claim,563,active,157,Motor malfunction,1,True,True,True,None,
CLM-000368,train,Valid Claim,274,active,446,Display fault,0,True,True,True,None,
CLM-000369,train,Valid Claim,336,active,24,Display fault,0,True,True,True,None,
CLM-000370,train,Valid Claim,623,active,97,Display fault,0,True,True,True,None,
CLM-000371,train,Valid Claim,329,active,31,Display fault,0,True,True,True,None,
CLM-000372,train,Valid Claim,520,active,20,Display fault,0,True,True,True,None,
CLM-000373,test,Valid Claim,325,active,35,Motor malfunction,0,True,True,True,None,
CLM-000374,train,Valid Claim,558,active,162,Battery defect,0,True,True,True,None,
CLM-000375,train,Valid Claim,310,active,50,Compressor failure,0,True,True,True,None,
CLM-000376,train,Valid Claim,280,active,80,Component failure,2,True,True,True,None,
CLM-000377,train,Valid Claim,502,active,38,Compressor failure,0,True,True,True,None,
CLM-000378,train,Valid Claim,603,active,117,Display fault,0,True,True,True,None,
CLM-000379,train,Valid Claim,202,active,158,Display fault,1,True,True,True,None,
CLM-000380,validation,Valid Claim,328,active,32,Battery defect,1,True,True,True,None,
CLM-000381,train,Valid Claim,129,active,231,Component failure,1,True,True,True,None,
CLM-000382,train,Valid Claim,634,active,86,Battery defect,0,True,True,True,None,
CLM-000383,train,Valid Claim,613,active,107,Display fault,1,True,True,True,None,
CLM-000384,train,Valid Claim,952,active,128,Battery defect,0,True,True,True,None,
CLM-000385,train,Valid Claim,362,active,178,Battery defect,0,True,True,True,None,
CLM-000386,test,Valid Claim,698,active,22,Motor malfunction,0,True,True,True,None,
CLM-000387,train,Valid Claim,671,active,49,Battery defect,0,True,True,True,None,
CLM-000388,test,Valid Claim,245,active,115,Manufacturing defect,0,True,True,True,None,
CLM-000389,train,Valid Claim,519,active,21,Motor malfunction,0,True,True,True,None,
CLM-000390,validation,Valid Claim,317,active,223,Manufacturing defect,1,True,True,True,None,
CLM-000391,train,Valid Claim,477,active,243,Component failure,0,True,True,True,None,
CLM-000392,train,Valid Claim,700,active,20,Motor malfunction,0,True,True,True,None,
CLM-000393,train,Valid Claim,209,active,331,Battery defect,0,True,True,True,None,
CLM-000394,train,Valid Claim,276,active,84,Compressor failure,0,True,True,True,None,
CLM-000395,train,Valid Claim,700,active,20,Compressor failure,0,True,True,True,None,
CLM-000396,train,Valid Claim,454,active,86,Display fault,0,True,True,True,None,
CLM-000397,train,Valid Claim,589,active,131,Motor malfunction,0,True,True,True,None,
CLM-000398,train,Valid Claim,406,active,134,Display fault,1,True,True,True,None,
CLM-000399,train,Valid Claim,947,active,133,Component failure,0,True,True,True,None,
CLM-000400,train,Valid Claim,219,active,141,Battery defect,2,True,True,True,None,
CLM-000401,train,Valid Claim,638,active,82,Display fault,0,True,True,True,None,
CLM-000402,validation,Valid Claim,340,active,20,Display fault,1,True,True,True,None,
CLM-000403,train,Valid Claim,945,active,135,Motor malfunction,0,True,True,True,None,
CLM-000404,validation,Valid Claim,414,active,126,Motor malfunction,0,True,True,True,None,
CLM-000405,train,Valid Claim,412,active,128,Manufacturing defect,1,True,True,True,None,
CLM-000406,train,Valid Claim,260,active,100,Manufacturing defect,0,True,True,True,None,
CLM-000407,train,Valid Claim,468,active,252,Manufacturing defect,0,True,True,True,None,
CLM-000408,train,Valid Claim,163,active,197,Component failure,1,True,True,True,None,
CLM-000409,train,Valid Claim,472,active,68,Compressor failure,0,True,True,True,None,
CLM-000410,train,Valid Claim,700,active,20,Component failure,0,True,True,True,None,
CLM-000411,train,Valid Claim,1026,active,54,Motor malfunction,0,True,True,True,None,
CLM-000412,train,Valid Claim,289,active,71,Battery defect,0,True,True,True,None,
CLM-000413,validation,Valid Claim,664,active,56,Component failure,0,True,True,True,None,
CLM-000414,test,Valid Claim,646,active,74,Component failure,0,True,True,True,None,
CLM-000415,train,Valid Claim,302,active,238,Manufacturing defect,0,True,True,True,None,
CLM-000416,train,Valid Claim,1030,active,50,Compressor failure,0,True,True,True,None,
CLM-000417,train,Valid Claim,659,active,61,Manufacturing defect,0,True,True,True,None,
CLM-000418,train,Valid Claim,187,active,173,Compressor failure,1,True,True,True,None,
CLM-000419,train,Valid Claim,167,active,373,Manufacturing defect,1,True,True,True,None,
CLM-000420,validation,Valid Claim,754,active,326,Compressor failure,0,True,True,True,None,
CLM-000421,train,Valid Claim,340,active,20,Display fault,0,True,True,True,None,
CLM-000422,train,Valid Claim,496,active,44,Compressor failure,1,True,True,True,None,
CLM-000423,train,Valid Claim,316,active,44,Motor malfunction,0,True,True,True,None,
CLM-000424,train,Valid Claim,476,active,64,Compressor failure,0,True,True,True,None,
CLM-000425,validation,Valid Claim,697,active,23,Motor malfunction,0,True,True,True,None,
CLM-000426,validation,Valid Claim,212,active,148,Motor malfunction,0,True,True,True,None,
CLM-000427,train,Valid Claim,440,active,100,Manufacturing defect,0,True,True,True,None,
CLM-000428,test,Valid Claim,700,active,20,Manufacturing defect,0,True,True,True,None,
CLM-000429,train,Valid Claim,15,active,345,Manufacturing defect,1,True,True,True,None,
CLM-000430,validation,Valid Claim,332,active,28,Battery defect,0,True,True,True,None,
CLM-000431,validation,Valid Claim,297,active,63,Battery defect,1,True,True,True,None,
CLM-000432,train,Valid Claim,153,active,207,Battery defect,0,True,True,True,None,
CLM-000433,train,Valid Claim,228,active,132,Component failure,0,True,True,True,None,
CLM-000434,train,Valid Claim,434,active,106,Component failure,0,True,True,True,None,
CLM-000435,validation,Valid Claim,200,active,160,Compressor failure,0,True,True,True,None,
CLM-000436,test,Valid Claim,1060,active,20,Compressor failure,0,True,True,True,None,
CLM-000437,train,Valid Claim,248,active,112,Manufacturing defect,0,True,True,True,None,
CLM-000438,train,Valid Claim,612,active,108,Motor malfunction,0,True,True,True,None,
CLM-000439,train,Valid Claim,552,active,528,Display fault,0,True,True,True,None,
CLM-000440,train,Valid Claim,653,active,67,Motor malfunction,0,True,True,True,None,
CLM-000441,train,Valid Claim,939,active,141,Component failure,0,True,True,True,None,
CLM-000442,validation,Valid Claim,1042,active,38,Component failure,0,True,True,True,None,
CLM-000443,train,Valid Claim,520,active,20,Display fault,0,True,True,True,None,
CLM-000444,test,Valid Claim,1060,active,20,Compressor failure,0,True,True,True,None,
CLM-000445,train,Valid Claim,340,active,20,Component failure,0,True,True,True,None,
CLM-000446,test,Valid Claim,286,active,254,Component failure,0,True,True,True,None,
CLM-000447,validation,Valid Claim,989,active,91,Component failure,0,True,True,True,None,
CLM-000448,train,Valid Claim,15,active,345,Display fault,0,True,True,True,None,
CLM-000449,validation,Valid Claim,623,active,97,Manufacturing defect,0,True,True,True,None,
CLM-000450,train,Valid Claim,981,active,99,Manufacturing defect,1,True,True,True,None,
CLM-000451,train,Valid Claim,220,active,140,Display fault,0,True,True,True,None,
CLM-000452,train,Valid Claim,469,active,71,Component failure,1,True,True,True,None,
CLM-000453,train,Valid Claim,409,active,131,Compressor failure,0,True,True,True,None,
CLM-000454,train,Valid Claim,15,active,525,Display fault,1,True,True,True,None,
CLM-000455,train,Valid Claim,139,active,221,Battery defect,0,True,True,True,None,
CLM-000456,train,Valid Claim,912,active,168,Display fault,0,True,True,True,None,
CLM-000457,test,Valid Claim,871,active,209,Motor malfunction,0,True,True,True,None,
CLM-000458,validation,Valid Claim,317,active,43,Display fault,0,True,True,True,None,
CLM-000459,test,Valid Claim,487,active,53,Compressor failure,0,True,True,True,None,
CLM-000460,test,Valid Claim,289,active,71,Display fault,0,True,True,True,None,
CLM-000461,train,Valid Claim,993,active,87,Motor malfunction,2,True,True,True,None,
CLM-000462,train,Valid Claim,760,active,320,Battery defect,0,True,True,True,None,
CLM-000463,train,Valid Claim,516,active,204,Display fault,1,True,True,True,None,
CLM-000464,validation,Valid Claim,173,active,187,Motor malfunction,0,True,True,True,None,
CLM-000465,train,Valid Claim,700,active,20,Component failure,0,True,True,True,None,
CLM-000466,train,Valid Claim,670,active,50,Manufacturing defect,1,True,True,True,None,
CLM-000467,test,Valid Claim,513,active,207,Compressor failure,0,True,True,True,None,
CLM-000468,train,Valid Claim,547,active,173,Battery defect,0,True,True,True,None,
CLM-000469,validation,Valid Claim,277,active,83,Compressor failure,0,True,True,True,None,
CLM-000470,train,Valid Claim,340,active,20,Battery defect,0,True,True,True,None,
CLM-000471,train,Valid Claim,1060,active,20,Display fault,1,True,True,True,None,
CLM-000472,train,Valid Claim,676,active,44,Manufacturing defect,0,True,True,True,None,
CLM-000473,train,Valid Claim,471,active,69,Manufacturing defect,0,True,True,True,None,
CLM-000474,test,Valid Claim,245,active,115,Display fault,0,True,True,True,None,
CLM-000475,train,Valid Claim,520,active,20,Compressor failure,1,True,True,True,None,
CLM-000476,train,Valid Claim,398,active,142,Motor malfunction,1,True,True,True,None,
CLM-000477,validation,Valid Claim,340,active,20,Manufacturing defect,0,True,True,True,None,
CLM-000478,train,Valid Claim,579,active,141,Compressor failure,0,True,True,True,None,
CLM-000479,train,Valid Claim,635,active,85,Component failure,0,True,True,True,None,
CLM-000480,train,Valid Claim,631,active,89,Component failure,0,True,True,True,None,
CLM-000481,test,Valid Claim,340,active,20,Manufacturing defect,0,True,True,True,None,
CLM-000482,train,Valid Claim,305,active,55,Component failure,0,True,True,True,None,
CLM-000483,validation,Valid Claim,510,active,210,Display fault,0,True,True,True,None,
CLM-000484,train,Valid Claim,476,active,64,Component failure,0,True,True,True,None,
CLM-000485,train,Valid Claim,1060,active,20,Display fault,0,True,True,True,None,
CLM-000486,train,Valid Claim,269,active,91,Compressor failure,0,True,True,True,None,
CLM-000487,validation,Valid Claim,340,active,20,Manufacturing defect,0,True,True,True,None,
CLM-000488,train,Valid Claim,648,active,72,Display fault,1,True,True,True,None,
CLM-000489,validation,Valid Claim,460,active,80,Battery defect,0,True,True,True,None,
CLM-000490,train,Valid Claim,643,active,77,Component failure,0,True,True,True,None,
CLM-000491,train,Valid Claim,660,active,60,Display fault,2,True,True,True,None,
CLM-000492,train,Valid Claim,675,active,45,Display fault,0,True,True,True,None,
CLM-000493,test,Valid Claim,291,active,69,Battery defect,0,True,True,True,None,
CLM-000494,train,Valid Claim,262,active,278,Battery defect,0,True,True,True,None,
CLM-000495,train,Valid Claim,599,active,121,Motor malfunction,0,True,True,True,None,
CLM-000496,train,Valid Claim,966,active,114,Battery defect,0,True,True,True,None,
CLM-000497,test,Valid Claim,453,active,87,Compressor failure,0,True,True,True,None,
CLM-000498,train,Valid Claim,224,active,136,Display fault,0,True,True,True,None,
CLM-000499,train,Valid Claim,1060,active,20,Display fault,0,True,True,True,None,
CLM-000500,test,Valid Claim,1060,active,20,Motor malfunction,1,True,True,True,None,
CLM-000501,train,Invalid Claim,414,expired,-54,Power surge (external),2,True,True,True,None,
CLM-000502,validation,Invalid Claim,-26,active,386,Battery defect,0,True,True,False,None,
CLM-000503,train,Invalid Claim,213,active,147,Battery defect,1,True,True,False,None,
CLM-000504,train,Invalid Claim,-34,active,394,Motor malfunction,0,True,True,True,None,
CLM-000505,validation,Invalid Claim,125,active,235,Physical/drop damage,1,True,True,True,None,
CLM-000506,train,Invalid Claim,187,active,353,Compressor failure,1,True,True,True,None,
CLM-000507,train,Invalid Claim,367,active,353,Display fault,3,True,True,False,None,
CLM-000508,train,Invalid Claim,866,expired,-326,Compressor failure,1,True,True,True,None,
CLM-000509,validation,Invalid Claim,726,expired,-366,Motor malfunction,3,True,True,True,None,
CLM-000510,train,Invalid Claim,216,active,144,Unauthorized repair damage,2,True,True,True,None,
CLM-000511,train,Invalid Claim,607,active,113,Manufacturing defect,3,True,True,True,None,
CLM-000512,train,Invalid Claim,377,active,163,Compressor failure,1,True,True,True,None,
CLM-000513,train,Invalid Claim,345,active,15,Water damage,1,True,True,True,None,
CLM-000514,test,Invalid Claim,250,active,110,Manufacturing defect,4,True,True,False,None,
CLM-000515,validation,Invalid Claim,861,expired,-141,Display fault,3,True,True,True,None,
CLM-000516,train,Invalid Claim,478,active,242,Battery defect,3,True,True,False,None,
CLM-000517,train,Invalid Claim,472,active,248,Manufacturing defect,2,True,True,False,None,
CLM-000518,train,Invalid Claim,449,active,271,Power surge (external),3,True,True,True,None,
CLM-000519,train,Invalid Claim,635,expired,-95,Battery defect,3,True,True,True,None,
CLM-000520,train,Invalid Claim,402,active,138,Manufacturing defect,1,True,True,False,None,
CLM-000521,test,Invalid Claim,78,active,282,Compressor failure,1,True,True,False,None,
CLM-000522,test,Invalid Claim,311,active,49,Normal wear and tear,1,True,True,True,None,
CLM-000523,train,Invalid Claim,601,expired,-61,Manufacturing defect,3,True,True,True,None,
CLM-000524,train,Invalid Claim,115,active,245,Component failure,2,True,True,False,None,
CLM-000525,train,Invalid Claim,271,active,89,Normal wear and tear,0,True,True,True,None,
CLM-000526,train,Invalid Claim,193,active,167,Component failure,3,True,True,False,None,
CLM-000527,train,Invalid Claim,697,active,23,Manufacturing defect,2,True,True,False,None,
CLM-000528,validation,Invalid Claim,602,expired,-62,Compressor failure,1,True,True,True,None,
CLM-000529,train,Invalid Claim,461,expired,-101,Motor malfunction,0,True,True,True,None,
CLM-000530,train,Invalid Claim,814,expired,-94,Physical/drop damage,2,True,True,True,None,
CLM-000531,train,Invalid Claim,243,active,117,Unauthorized repair damage,2,True,True,False,None,
CLM-000532,train,Invalid Claim,702,expired,-162,Component failure,1,True,True,True,None,
CLM-000533,validation,Invalid Claim,24,active,336,Battery defect,1,True,True,True,None,
CLM-000534,train,Invalid Claim,-87,active,447,Motor malfunction,0,True,True,True,None,
CLM-000535,test,Invalid Claim,607,expired,-67,Compressor failure,1,True,True,True,None,
CLM-000536,train,Invalid Claim,757,expired,-37,Power surge (external),5,True,True,True,None,
CLM-000537,train,Invalid Claim,465,expired,-105,Battery defect,2,True,True,False,None,
CLM-000538,train,Invalid Claim,264,active,96,Manufacturing defect,2,True,True,True,None,
CLM-000539,train,Invalid Claim,221,active,499,Battery defect,0,True,True,False,None,
CLM-000540,train,Invalid Claim,-85,active,445,Battery defect,0,True,True,True,None,
CLM-000541,validation,Invalid Claim,159,active,201,Compressor failure,1,True,True,False,None,
CLM-000542,train,Invalid Claim,-51,active,771,Component failure,0,True,True,False,None,
CLM-000543,train,Invalid Claim,785,expired,-65,Display fault,1,True,True,True,None,
CLM-000544,validation,Invalid Claim,530,active,10,Display fault,1,True,True,True,None,
CLM-000545,train,Invalid Claim,438,active,102,Display fault,1,True,True,False,None,
CLM-000546,train,Invalid Claim,534,active,186,Unauthorized repair damage,2,True,True,True,None,
CLM-000547,train,Invalid Claim,145,active,395,Compressor failure,3,True,True,False,None,
CLM-000548,validation,Invalid Claim,302,active,58,Battery defect,0,True,True,False,None,
CLM-000549,test,Invalid Claim,404,expired,-44,Water damage,1,True,True,True,None,
CLM-000550,validation,Invalid Claim,26,active,334,Battery defect,1,True,True,False,None,
CLM-000551,test,Invalid Claim,304,active,236,Compressor failure,1,True,True,True,None,
CLM-000552,train,Invalid Claim,795,expired,-75,Component failure,0,True,True,False,None,
CLM-000553,test,Invalid Claim,311,active,409,Power surge (external),1,True,True,True,None,
CLM-000554,validation,Invalid Claim,-33,active,573,Physical/drop damage,0,True,True,True,None,
CLM-000555,test,Invalid Claim,376,active,164,Battery defect,2,True,True,False,None,
CLM-000556,train,Invalid Claim,423,active,297,Water damage,1,True,True,True,None,
CLM-000557,train,Invalid Claim,-45,active,405,Compressor failure,0,True,True,True,None,
CLM-000558,train,Invalid Claim,449,expired,-89,Battery defect,3,True,True,True,None,
CLM-000559,test,Invalid Claim,-66,active,786,Motor malfunction,0,True,True,True,None,
CLM-000560,train,Invalid Claim,732,expired,-192,Component failure,1,True,True,True,None,
CLM-000561,train,Invalid Claim,-59,active,779,Manufacturing defect,0,True,True,True,None,
CLM-000562,validation,Invalid Claim,790,expired,-70,Component failure,1,True,True,True,None,
CLM-000563,validation,Invalid Claim,13,active,347,Battery defect,2,True,True,True,None,
CLM-000564,train,Invalid Claim,234,active,126,Motor malfunction,0,True,True,False,None,
CLM-000565,validation,Invalid Claim,315,active,225,Component failure,1,True,True,False,None,
CLM-000566,train,Invalid Claim,-45,active,405,Manufacturing defect,0,True,True,True,None,
CLM-000567,train,Invalid Claim,401,expired,-41,Compressor failure,2,True,True,False,None,
CLM-000568,train,Invalid Claim,508,active,32,Battery defect,3,True,True,False,None,
CLM-000569,train,Invalid Claim,309,active,51,Motor malfunction,1,True,True,False,None,
CLM-000570,train,Invalid Claim,233,active,127,Unauthorized repair damage,0,True,True,True,None,
CLM-000571,train,Invalid Claim,99,active,261,Manufacturing defect,2,True,True,False,None,
CLM-000572,test,Invalid Claim,471,expired,-111,Manufacturing defect,2,True,True,True,None,
CLM-000573,train,Invalid Claim,675,expired,-315,Battery defect,1,True,True,True,None,
CLM-000574,train,Invalid Claim,-65,active,425,Battery defect,0,True,True,False,None,
CLM-000575,train,Invalid Claim,347,active,13,Physical/drop damage,0,True,True,True,None,
CLM-000576,train,Invalid Claim,482,expired,-122,Component failure,2,True,True,True,None,
CLM-000577,train,Invalid Claim,-67,active,427,Manufacturing defect,0,True,True,True,None,
CLM-000578,train,Invalid Claim,49,active,311,Compressor failure,1,True,True,True,None,
CLM-000579,train,Invalid Claim,753,expired,-33,Component failure,0,True,True,True,None,
CLM-000580,train,Invalid Claim,-43,active,403,Physical/drop damage,0,True,True,True,None,
CLM-000581,test,Invalid Claim,567,expired,-207,Component failure,4,True,True,True,None,
CLM-000582,train,Invalid Claim,217,active,143,Battery defect,0,True,True,False,None,
CLM-000583,train,Invalid Claim,122,active,238,Component failure,1,True,True,True,None,
CLM-000584,train,Invalid Claim,80,active,460,Battery defect,0,True,True,False,None,
CLM-000585,train,Invalid Claim,-79,active,799,Battery defect,0,True,True,True,None,
CLM-000586,train,Invalid Claim,853,expired,-133,Compressor failure,0,True,True,True,None,
CLM-000587,train,Invalid Claim,400,active,140,Unauthorized repair damage,2,True,True,True,None,
CLM-000588,test,Invalid Claim,432,expired,-72,Battery defect,2,True,True,True,None,
CLM-000589,test,Invalid Claim,616,expired,-76,Display fault,0,True,True,True,None,
CLM-000590,train,Invalid Claim,226,active,134,Battery defect,2,True,True,False,None,
CLM-000591,train,Invalid Claim,505,active,35,Unauthorized repair damage,1,True,True,True,None,
CLM-000592,test,Invalid Claim,175,active,365,Water damage,3,True,True,True,None,
CLM-000593,train,Invalid Claim,720,expired,-180,Manufacturing defect,1,True,True,True,None,
CLM-000594,train,Invalid Claim,476,expired,-116,Compressor failure,1,True,True,True,None,
CLM-000595,train,Invalid Claim,741,expired,-21,Component failure,0,True,True,True,None,
CLM-000596,train,Invalid Claim,538,active,182,Battery defect,1,True,True,False,None,
CLM-000597,train,Invalid Claim,425,active,295,Display fault,1,True,True,True,None,
CLM-000598,train,Invalid Claim,241,active,299,Motor malfunction,0,True,True,False,None,
CLM-000599,validation,Invalid Claim,47,active,313,Battery defect,4,True,True,True,None,
CLM-000600,test,Invalid Claim,586,active,134,Display fault,3,True,True,False,None,
CLM-000601,validation,Invalid Claim,608,expired,-68,Motor malfunction,1,True,True,True,None,
CLM-000602,train,Invalid Claim,144,active,216,Manufacturing defect,1,True,True,False,None,
CLM-000603,test,Invalid Claim,-88,active,808,Component failure,0,True,True,True,None,
CLM-000604,train,Invalid Claim,265,active,275,Component failure,2,True,True,False,None,
CLM-000605,train,Invalid Claim,53,active,667,Battery defect,1,True,True,True,None,
CLM-000606,validation,Invalid Claim,153,active,207,Power surge (external),2,True,True,True,None,
CLM-000607,test,Invalid Claim,894,expired,-174,Display fault,0,True,True,True,None,
CLM-000608,train,Invalid Claim,225,active,315,Manufacturing defect,2,True,True,False,None,
CLM-000609,train,Invalid Claim,185,active,175,Battery defect,1,True,True,False,None,
CLM-000610,train,Invalid Claim,407,expired,-47,Battery defect,1,True,True,True,None,
CLM-000611,train,Invalid Claim,100,active,260,Power surge (external),1,True,True,True,None,
CLM-000612,train,Invalid Claim,-33,active,573,Manufacturing defect,0,True,True,True,None,
CLM-000613,train,Invalid Claim,72,active,288,Display fault,0,True,True,False,None,
CLM-000614,train,Invalid Claim,271,active,89,Compressor failure,2,True,True,False,None,
CLM-000615,train,Invalid Claim,441,active,279,Normal wear and tear,3,True,True,True,None,
CLM-000616,train,Invalid Claim,340,active,20,Battery defect,1,True,True,False,None,
CLM-000617,train,Invalid Claim,508,expired,-148,Unauthorized repair damage,2,True,True,True,None,
CLM-000618,train,Invalid Claim,213,active,147,Manufacturing defect,2,True,True,True,None,
CLM-000619,train,Invalid Claim,-17,active,737,Component failure,0,True,True,True,None,
CLM-000620,train,Invalid Claim,563,active,157,Display fault,4,True,True,False,None,
CLM-000621,train,Invalid Claim,327,active,213,Compressor failure,1,True,True,True,None,
CLM-000622,test,Invalid Claim,-69,active,429,Component failure,0,True,True,False,None,
CLM-000623,train,Invalid Claim,201,active,159,Physical/drop damage,2,True,True,True,None,
CLM-000624,train,Invalid Claim,442,active,98,Manufacturing defect,1,True,True,True,None,
CLM-000625,train,Invalid Claim,79,active,281,Unauthorized repair damage,0,True,True,True,None,
CLM-000626,train,Invalid Claim,60,active,480,Normal wear and tear,1,True,True,True,None,
CLM-000627,train,Invalid Claim,555,expired,-15,Physical/drop damage,2,True,True,True,None,
CLM-000628,train,Invalid Claim,766,expired,-46,Manufacturing defect,2,True,True,False,None,
CLM-000629,validation,Invalid Claim,-57,active,777,Manufacturing defect,0,True,True,True,None,
CLM-000630,train,Invalid Claim,169,active,191,Unauthorized repair damage,4,True,True,True,None,
CLM-000631,test,Invalid Claim,194,active,166,Component failure,1,True,True,True,None,
CLM-000632,train,Invalid Claim,134,active,226,Display fault,3,True,True,False,None,
CLM-000633,train,Invalid Claim,891,expired,-171,Normal wear and tear,1,True,True,True,None,
CLM-000634,train,Invalid Claim,598,expired,-58,Normal wear and tear,1,True,True,True,None,
CLM-000635,test,Invalid Claim,258,active,102,Power surge (external),1,True,True,True,None,
CLM-000636,validation,Invalid Claim,174,active,366,Battery defect,0,True,True,False,None,
CLM-000637,train,Invalid Claim,414,expired,-54,Battery defect,1,True,True,True,None,
CLM-000638,train,Invalid Claim,406,active,134,Compressor failure,1,True,True,False,None,
CLM-000639,validation,Invalid Claim,-17,active,377,Compressor failure,0,True,True,False,None,
CLM-000640,train,Invalid Claim,329,active,31,Battery defect,1,True,True,True,None,
CLM-000641,train,Invalid Claim,489,active,231,Water damage,0,True,True,True,None,
CLM-000642,train,Invalid Claim,82,active,638,Compressor failure,1,True,True,False,None,
CLM-000643,train,Invalid Claim,137,active,223,Compressor failure,1,True,True,False,None,
CLM-000644,train,Invalid Claim,102,active,258,Component failure,1,True,True,True,None,
CLM-000645,train,Invalid Claim,658,active,62,Display fault,4,True,True,False,None,
CLM-000646,train,Invalid Claim,468,active,252,Display fault,1,True,True,False,None,
CLM-000647,train,Invalid Claim,407,expired,-47,Component failure,4,True,True,False,None,
CLM-000648,train,Invalid Claim,169,active,551,Physical/drop damage,1,True,True,False,None,
CLM-000649,train,Invalid Claim,176,active,184,Power surge (external),2,True,True,True,None,
CLM-000650,test,Invalid Claim,571,expired,-31,Battery defect,1,True,True,True,None,
CLM-000651,train,Invalid Claim,933,expired,-213,Component failure,0,True,True,True,None,
CLM-000652,test,Invalid Claim,468,expired,-108,Battery defect,1,True,True,True,None,
CLM-000653,train,Invalid Claim,-56,active,776,Battery defect,0,True,True,True,None,
CLM-000654,train,Invalid Claim,458,expired,-98,Motor malfunction,1,True,True,True,None,
CLM-000655,train,Invalid Claim,302,active,58,Physical/drop damage,1,True,True,True,None,
CLM-000656,train,Invalid Claim,614,expired,-74,Display fault,0,True,True,False,None,
CLM-000657,validation,Invalid Claim,462,active,258,Normal wear and tear,1,True,True,True,None,
CLM-000658,train,Invalid Claim,737,expired,-17,Normal wear and tear,1,True,True,True,None,
CLM-000659,train,Invalid Claim,377,expired,-17,Compressor failure,2,True,True,True,None,
CLM-000660,train,Invalid Claim,19,active,341,Power surge (external),3,True,True,True,None,
CLM-000661,test,Invalid Claim,-35,active,755,Manufacturing defect,0,True,True,False,None,
CLM-000662,validation,Invalid Claim,60,active,300,Compressor failure,1,True,True,True,None,
CLM-000663,validation,Invalid Claim,-51,active,771,Motor malfunction,0,True,True,True,None,
CLM-000664,train,Invalid Claim,292,active,248,Water damage,1,True,True,True,None,
CLM-000665,train,Invalid Claim,205,active,155,Manufacturing defect,2,True,True,True,None,
CLM-000666,train,Invalid Claim,221,active,499,Component failure,1,True,True,False,None,
CLM-000667,test,Invalid Claim,171,active,549,Unauthorized repair damage,2,True,True,True,None,
CLM-000668,train,Invalid Claim,220,active,140,Display fault,4,True,True,False,None,
CLM-000669,train,Invalid Claim,128,active,232,Battery defect,0,True,True,False,None,
CLM-000670,test,Invalid Claim,198,active,342,Motor malfunction,2,True,True,True,None,
CLM-000671,train,Invalid Claim,1034,expired,-314,Display fault,2,True,True,True,None,
CLM-000672,validation,Invalid Claim,447,active,93,Component failure,1,True,True,False,None,
CLM-000673,train,Invalid Claim,517,expired,-157,Display fault,1,True,True,True,None,
CLM-000674,train,Invalid Claim,-57,active,417,Compressor failure,0,True,True,True,None,
CLM-000675,test,Invalid Claim,554,expired,-194,Component failure,1,True,True,True,None,
CLM-000676,train,Invalid Claim,471,active,249,Water damage,2,True,True,True,None,
CLM-000677,train,Invalid Claim,56,active,304,Water damage,4,True,True,True,None,
CLM-000678,train,Invalid Claim,54,active,666,Physical/drop damage,2,True,True,True,None,
CLM-000679,train,Invalid Claim,-24,active,564,Compressor failure,0,True,True,True,None,
CLM-000680,train,Invalid Claim,288,active,72,Display fault,2,True,True,True,None,
CLM-000681,train,Invalid Claim,135,active,225,Manufacturing defect,1,True,True,False,None,
CLM-000682,train,Invalid Claim,433,expired,-73,Battery defect,3,True,True,True,None,
CLM-000683,train,Invalid Claim,378,active,162,Water damage,1,True,True,True,None,
CLM-000684,train,Invalid Claim,-16,active,376,Manufacturing defect,0,True,True,True,None,
CLM-000685,train,Invalid Claim,302,active,58,Normal wear and tear,0,True,True,True,None,
CLM-000686,train,Invalid Claim,329,active,31,Battery defect,3,True,True,False,None,
CLM-000687,train,Invalid Claim,158,active,202,Physical/drop damage,4,True,True,True,None,
CLM-000688,test,Invalid Claim,368,active,352,Motor malfunction,1,True,True,True,None,
CLM-000689,test,Invalid Claim,341,active,379,Battery defect,0,True,True,False,None,
CLM-000690,test,Invalid Claim,500,active,220,Power surge (external),1,True,True,False,None,
CLM-000691,validation,Invalid Claim,67,active,473,Display fault,0,True,True,False,None,
CLM-000692,test,Invalid Claim,372,active,168,Water damage,3,True,True,True,None,
CLM-000693,train,Invalid Claim,201,active,339,Normal wear and tear,1,True,True,True,None,
CLM-000694,train,Invalid Claim,120,active,240,Normal wear and tear,1,True,True,True,None,
CLM-000695,train,Invalid Claim,-44,active,764,Display fault,0,True,True,True,None,
CLM-000696,train,Invalid Claim,245,active,115,Power surge (external),0,True,True,True,None,
CLM-000697,train,Invalid Claim,647,expired,-107,Manufacturing defect,1,True,True,True,None,
CLM-000698,train,Invalid Claim,293,active,427,Motor malfunction,0,True,True,False,None,
CLM-000699,train,Invalid Claim,572,expired,-212,Motor malfunction,2,True,True,True,None,
CLM-000700,train,Invalid Claim,478,expired,-118,Motor malfunction,0,True,True,True,None,
CLM-000701,validation,Invalid Claim,667,expired,-127,Manufacturing defect,2,True,True,True,None,
CLM-000702,validation,Invalid Claim,350,active,190,Motor malfunction,1,True,True,True,None,
CLM-000703,train,Invalid Claim,-29,active,749,Power surge (external),0,True,True,True,None,
CLM-000704,train,Invalid Claim,242,active,118,Motor malfunction,1,True,True,False,None,
CLM-000705,train,Invalid Claim,270,active,90,Component failure,0,True,True,False,None,
CLM-000706,test,Invalid Claim,254,active,466,Display fault,1,True,True,True,None,
CLM-000707,train,Invalid Claim,360,active,180,Display fault,1,True,True,True,None,
CLM-000708,validation,Invalid Claim,190,active,350,Display fault,1,True,True,False,None,
CLM-000709,train,Invalid Claim,400,expired,-40,Water damage,0,True,True,True,None,
CLM-000710,train,Invalid Claim,316,active,224,Motor malfunction,1,True,True,False,None,
CLM-000711,train,Invalid Claim,-71,active,431,Motor malfunction,0,True,True,True,None,
CLM-000712,train,Invalid Claim,231,active,129,Component failure,1,True,True,False,None,
CLM-000713,validation,Invalid Claim,81,active,279,Physical/drop damage,1,True,True,True,None,
CLM-000714,validation,Invalid Claim,484,expired,-124,Compressor failure,0,True,True,False,None,
CLM-000715,test,Invalid Claim,-58,active,418,Display fault,0,True,True,True,None,
CLM-000716,validation,Invalid Claim,430,active,110,Normal wear and tear,0,True,True,True,None,
CLM-000717,validation,Invalid Claim,82,active,278,Manufacturing defect,1,True,True,True,None,
CLM-000718,validation,Invalid Claim,89,active,451,Normal wear and tear,2,True,True,True,None,
CLM-000719,train,Invalid Claim,597,active,123,Display fault,1,True,True,True,None,
CLM-000720,train,Invalid Claim,183,active,357,Normal wear and tear,1,True,True,False,None,
CLM-000721,train,Invalid Claim,297,active,243,Battery defect,1,True,True,False,None,
CLM-000722,train,Invalid Claim,189,active,351,Unauthorized repair damage,3,True,True,True,None,
CLM-000723,train,Invalid Claim,476,expired,-116,Battery defect,0,True,True,True,None,
CLM-000724,train,Invalid Claim,662,active,58,Physical/drop damage,2,True,True,True,None,
CLM-000725,train,Invalid Claim,828,expired,-108,Display fault,0,True,True,False,None,
CLM-000726,train,Invalid Claim,357,active,3,Unauthorized repair damage,2,True,True,True,None,
CLM-000727,validation,Invalid Claim,-35,active,755,Compressor failure,0,True,True,True,None,
CLM-000728,train,Invalid Claim,209,active,511,Normal wear and tear,1,True,True,True,None,
CLM-000729,train,Invalid Claim,736,expired,-16,Battery defect,1,True,True,True,None,
CLM-000730,train,Invalid Claim,443,expired,-83,Manufacturing defect,1,True,True,True,None,
CLM-000731,validation,Invalid Claim,299,active,61,Physical/drop damage,2,True,True,True,None,
CLM-000732,train,Invalid Claim,351,active,9,Compressor failure,4,True,True,False,None,
CLM-000733,train,Invalid Claim,142,active,218,Manufacturing defect,1,True,True,True,None,
CLM-000734,train,Invalid Claim,121,active,239,Display fault,1,True,True,False,None,
CLM-000735,train,Invalid Claim,10,active,530,Water damage,1,True,True,True,None,
CLM-000736,test,Invalid Claim,81,active,639,Display fault,1,True,True,True,None,
CLM-000737,validation,Invalid Claim,341,active,19,Compressor failure,1,True,True,False,None,
CLM-000738,train,Invalid Claim,407,expired,-47,Compressor failure,0,True,True,True,None,
CLM-000739,train,Invalid Claim,-25,active,565,Display fault,0,True,True,False,None,
CLM-000740,train,Invalid Claim,26,active,514,Display fault,0,True,True,False,None,
CLM-000741,train,Invalid Claim,86,active,274,Battery defect,1,True,True,True,None,
CLM-000742,test,Invalid Claim,415,expired,-55,Compressor failure,0,True,True,True,None,
CLM-000743,train,Invalid Claim,754,expired,-34,Component failure,2,True,True,True,None,
CLM-000744,test,Invalid Claim,704,expired,-164,Display fault,2,True,True,True,None,
CLM-000745,train,Invalid Claim,56,active,484,Component failure,2,True,True,False,None,
CLM-000746,train,Invalid Claim,134,active,226,Display fault,2,True,True,False,None,
CLM-000747,train,Invalid Claim,389,expired,-29,Component failure,2,True,True,True,None,
CLM-000748,train,Invalid Claim,240,active,120,Power surge (external),2,True,True,True,None,
CLM-000749,train,Invalid Claim,583,expired,-43,Motor malfunction,1,True,True,True,None,
CLM-000750,train,Invalid Claim,529,active,191,Battery defect,0,True,True,False,None,
CLM-000751,train,Invalid Claim,264,active,96,Physical/drop damage,0,True,True,True,None,
CLM-000752,validation,Invalid Claim,32,active,328,Display fault,0,True,True,False,None,
CLM-000753,test,Invalid Claim,722,expired,-182,Compressor failure,1,True,True,True,None,
CLM-000754,train,Invalid Claim,647,expired,-287,Manufacturing defect,4,True,True,True,None,
CLM-000755,validation,Invalid Claim,-50,active,410,Normal wear and tear,0,True,True,True,None,
CLM-000756,train,Invalid Claim,-60,active,420,Physical/drop damage,0,True,True,True,None,
CLM-000757,validation,Invalid Claim,245,active,295,Water damage,1,True,True,True,None,
CLM-000758,test,Invalid Claim,-75,active,435,Component failure,0,True,True,True,None,
CLM-000759,train,Invalid Claim,827,expired,-107,Compressor failure,2,True,True,True,None,
CLM-000760,validation,Invalid Claim,736,expired,-16,Component failure,0,True,True,True,None,
CLM-000761,validation,Invalid Claim,18,active,342,Power surge (external),0,True,True,True,None,
CLM-000762,train,Invalid Claim,-48,active,588,Component failure,0,True,True,True,None,
CLM-000763,train,Invalid Claim,589,expired,-49,Motor malfunction,0,True,True,True,None,
CLM-000764,test,Invalid Claim,605,expired,-65,Compressor failure,0,True,True,True,None,
CLM-000765,test,Invalid Claim,78,active,462,Compressor failure,0,True,True,False,None,
CLM-000766,train,Invalid Claim,117,active,243,Battery defect,1,True,True,True,None,
CLM-000767,train,Invalid Claim,601,expired,-241,Display fault,4,True,True,False,None,
CLM-000768,validation,Invalid Claim,594,expired,-54,Manufacturing defect,1,True,True,False,None,
CLM-000769,train,Invalid Claim,276,active,84,Water damage,1,True,True,True,None,
CLM-000770,validation,Invalid Claim,574,expired,-34,Component failure,1,True,True,False,None,
CLM-000771,test,Invalid Claim,145,active,395,Battery defect,1,True,True,True,None,
CLM-000772,train,Invalid Claim,180,active,540,Normal wear and tear,0,True,True,True,None,
CLM-000773,train,Invalid Claim,572,expired,-32,Unauthorized repair damage,2,True,True,True,None,
CLM-000774,test,Invalid Claim,391,active,149,Component failure,2,True,True,False,None,
CLM-000775,train,Invalid Claim,14,active,706,Component failure,5,True,True,True,None,
CLM-000776,train,Invalid Claim,236,active,124,Unauthorized repair damage,1,True,True,True,None,
CLM-000777,test,Invalid Claim,-42,active,402,Component failure,0,True,True,True,None,
CLM-000778,train,Invalid Claim,741,expired,-21,Battery defect,0,True,True,False,None,
CLM-000779,train,Invalid Claim,809,expired,-269,Motor malfunction,2,True,True,True,None,
CLM-000780,validation,Invalid Claim,54,active,306,Battery defect,3,True,True,False,None,
CLM-000781,train,Invalid Claim,152,active,388,Display fault,1,True,True,True,None,
CLM-000782,train,Invalid Claim,-60,active,420,Power surge (external),0,True,True,True,None,
CLM-000783,train,Invalid Claim,165,active,195,Power surge (external),1,True,True,True,None,
CLM-000784,train,Invalid Claim,-89,active,809,Motor malfunction,0,True,True,False,None,
CLM-000785,train,Invalid Claim,456,active,84,Battery defect,1,True,True,False,None,
CLM-000786,train,Invalid Claim,375,expired,-15,Compressor failure,2,True,True,False,None,
CLM-000787,train,Invalid Claim,832,expired,-112,Battery defect,1,True,True,True,None,
CLM-000788,train,Invalid Claim,711,active,9,Unauthorized repair damage,1,True,True,True,None,
CLM-000789,validation,Invalid Claim,258,active,102,Power surge (external),4,True,True,True,None,
CLM-000790,train,Invalid Claim,779,expired,-59,Manufacturing defect,2,True,True,True,None,
CLM-000791,train,Invalid Claim,277,active,83,Battery defect,1,True,True,True,None,
CLM-000792,train,Invalid Claim,74,active,286,Physical/drop damage,3,True,True,True,None,
CLM-000793,validation,Invalid Claim,-85,active,445,Manufacturing defect,0,True,True,True,None,
CLM-000794,test,Invalid Claim,73,active,287,Manufacturing defect,1,True,True,False,None,
CLM-000795,train,Invalid Claim,190,active,170,Motor malfunction,3,True,True,False,None,
CLM-000796,validation,Invalid Claim,847,expired,-127,Compressor failure,3,True,True,True,None,
CLM-000797,train,Invalid Claim,913,expired,-193,Battery defect,0,True,True,True,None,
CLM-000798,train,Invalid Claim,413,expired,-53,Display fault,3,True,True,False,None,
CLM-000799,train,Invalid Claim,157,active,203,Normal wear and tear,2,True,True,True,None,
CLM-000800,train,Invalid Claim,125,active,235,Display fault,0,True,True,False,None,
CLM-000801,validation,Invalid Claim,-87,active,807,Motor malfunction,0,True,True,True,None,
CLM-000802,train,Invalid Claim,719,expired,-179,Compressor failure,0,True,True,False,None,
CLM-000803,train,Invalid Claim,265,active,95,Unauthorized repair damage,4,True,True,True,None,
CLM-000804,validation,Invalid Claim,-59,active,599,Battery defect,0,True,True,True,None,
CLM-000805,train,Invalid Claim,879,expired,-159,Power surge (external),0,True,True,True,None,
CLM-000806,train,Invalid Claim,555,expired,-195,Compressor failure,0,True,True,True,None,
CLM-000807,test,Invalid Claim,289,active,71,Battery defect,3,True,True,False,None,
CLM-000808,train,Invalid Claim,-85,active,445,Manufacturing defect,0,True,True,True,None,
CLM-000809,test,Invalid Claim,301,active,59,Manufacturing defect,1,True,True,True,None,
CLM-000810,validation,Invalid Claim,325,active,35,Display fault,1,True,True,False,None,
CLM-000811,train,Invalid Claim,37,active,683,Battery defect,2,True,True,False,None,
CLM-000812,train,Invalid Claim,169,active,191,Normal wear and tear,1,True,True,True,None,
CLM-000813,train,Invalid Claim,300,active,60,Display fault,1,True,True,False,None,
CLM-000814,test,Invalid Claim,417,expired,-57,Manufacturing defect,4,True,True,True,None,
CLM-000815,train,Invalid Claim,456,active,84,Physical/drop damage,0,True,True,True,None,
CLM-000816,test,Invalid Claim,57,active,303,Battery defect,1,True,True,True,None,
CLM-000817,train,Invalid Claim,164,active,196,Compressor failure,0,True,True,False,None,
CLM-000818,train,Invalid Claim,353,active,7,Display fault,1,True,True,False,None,
CLM-000819,train,Invalid Claim,282,active,78,Compressor failure,2,True,True,True,None,
CLM-000820,test,Invalid Claim,420,expired,-60,Compressor failure,1,True,True,True,None,
CLM-000821,train,Invalid Claim,-88,active,448,Motor malfunction,0,True,True,True,None,
CLM-000822,train,Invalid Claim,233,active,127,Battery defect,2,True,True,False,None,
CLM-000823,train,Invalid Claim,669,active,51,Component failure,2,True,True,False,None,
CLM-000824,train,Invalid Claim,403,expired,-43,Display fault,0,True,True,True,None,
CLM-000825,train,Invalid Claim,133,active,587,Normal wear and tear,1,True,True,True,None,
CLM-000826,train,Invalid Claim,209,active,151,Battery defect,1,True,True,False,None,
CLM-000827,validation,Invalid Claim,-48,active,768,Battery defect,0,True,True,True,None,
CLM-000828,validation,Invalid Claim,381,active,159,Component failure,0,True,True,False,None,
CLM-000829,test,Invalid Claim,813,expired,-93,Compressor failure,3,True,True,True,None,
CLM-000830,train,Invalid Claim,835,expired,-115,Component failure,1,True,True,True,None,
CLM-000831,test,Invalid Claim,375,expired,-15,Component failure,3,True,True,True,None,
CLM-000832,train,Invalid Claim,492,active,228,Display fault,2,True,True,False,None,
CLM-000833,train,Invalid Claim,635,expired,-95,Battery defect,0,True,True,True,None,
CLM-000834,train,Invalid Claim,79,active,281,Water damage,1,True,True,True,None,
CLM-000835,train,Invalid Claim,220,active,140,Unauthorized repair damage,1,True,True,True,None,
CLM-000836,train,Invalid Claim,103,active,257,Power surge (external),1,True,True,False,None,
CLM-000837,train,Invalid Claim,583,expired,-43,Component failure,2,True,True,True,None,
CLM-000838,validation,Invalid Claim,647,expired,-287,Component failure,5,True,True,True,None,
CLM-000839,train,Invalid Claim,-27,active,747,Display fault,0,True,True,True,None,
CLM-000840,test,Invalid Claim,356,active,4,Physical/drop damage,2,True,True,True,None,
CLM-000841,train,Invalid Claim,479,active,61,Water damage,2,True,True,True,None,
CLM-000842,train,Invalid Claim,-13,active,373,Compressor failure,0,True,True,True,None,
CLM-000843,train,Invalid Claim,-51,active,771,Battery defect,0,True,True,True,None,
CLM-000844,test,Invalid Claim,-68,active,428,Display fault,0,True,True,True,None,
CLM-000845,test,Invalid Claim,154,active,206,Display fault,1,True,True,False,None,
CLM-000846,test,Invalid Claim,87,active,273,Normal wear and tear,0,True,True,True,None,
CLM-000847,train,Invalid Claim,435,expired,-75,Component failure,1,True,True,True,None,
CLM-000848,train,Invalid Claim,-12,active,372,Manufacturing defect,0,True,True,True,None,
CLM-000849,test,Invalid Claim,227,active,313,Compressor failure,3,True,True,False,None,
CLM-000850,train,Invalid Claim,-88,active,448,Motor malfunction,0,True,True,True,None,
CLM-000851,validation,Invalid Claim,685,active,35,Power surge (external),1,True,True,False,None,
CLM-000852,train,Invalid Claim,-7,active,547,Compressor failure,0,True,True,True,None,
CLM-000853,train,Invalid Claim,-27,active,387,Power surge (external),0,True,True,True,None,
CLM-000854,train,Invalid Claim,168,active,192,Display fault,3,True,True,False,None,
CLM-000855,train,Invalid Claim,-55,active,415,Battery defect,0,True,True,True,None,
CLM-000856,train,Invalid Claim,124,active,236,Compressor failure,5,True,True,False,None,
CLM-000857,train,Invalid Claim,86,active,274,Physical/drop damage,1,True,True,True,None,
CLM-000858,train,Invalid Claim,661,expired,-121,Battery defect,0,True,True,True,None,
CLM-000859,train,Invalid Claim,525,active,195,Manufacturing defect,0,True,True,False,None,
CLM-000860,test,Invalid Claim,382,expired,-22,Compressor failure,0,True,True,True,None,
CLM-000861,train,Invalid Claim,319,active,41,Unauthorized repair damage,0,True,True,True,None,
CLM-000862,train,Invalid Claim,397,expired,-37,Display fault,2,True,True,False,None,
CLM-000863,train,Invalid Claim,-25,active,565,Manufacturing defect,0,True,True,True,None,
CLM-000864,test,Invalid Claim,330,active,30,Normal wear and tear,0,True,True,True,None,
CLM-000865,train,Invalid Claim,237,active,123,Power surge (external),1,True,True,True,None,
CLM-000866,train,Invalid Claim,785,expired,-65,Manufacturing defect,3,True,True,True,None,
CLM-000867,test,Invalid Claim,535,active,5,Normal wear and tear,3,True,True,False,None,
CLM-000868,train,Invalid Claim,638,expired,-98,Compressor failure,0,True,True,True,None,
CLM-000869,train,Invalid Claim,-30,active,390,Power surge (external),0,True,True,True,None,
CLM-000870,train,Invalid Claim,409,active,131,Power surge (external),2,True,True,True,None,
CLM-000871,train,Invalid Claim,438,expired,-78,Component failure,1,True,True,True,None,
CLM-000872,train,Invalid Claim,-3,active,723,Component failure,0,True,True,True,None,
CLM-000873,test,Invalid Claim,840,expired,-120,Motor malfunction,4,True,True,True,None,
CLM-000874,train,Invalid Claim,283,active,437,Battery defect,2,True,True,False,None,
CLM-000875,train,Invalid Claim,908,expired,-188,Battery defect,0,True,True,True,None,
CLM-000876,train,Invalid Claim,419,expired,-59,Motor malfunction,2,True,True,True,None,
CLM-000877,train,Invalid Claim,151,active,569,Water damage,1,True,True,True,None,
CLM-000878,train,Invalid Claim,-48,active,768,Battery defect,0,True,True,True,None,
CLM-000879,train,Invalid Claim,-53,active,413,Component failure,0,True,True,True,None,
CLM-000880,validation,Invalid Claim,409,expired,-49,Display fault,0,True,True,False,None,
CLM-000881,train,Invalid Claim,656,active,64,Normal wear and tear,0,True,True,True,None,
CLM-000882,train,Invalid Claim,362,active,178,Motor malfunction,1,True,True,False,None,
CLM-000883,train,Invalid Claim,326,active,34,Power surge (external),1,True,True,True,None,
CLM-000884,train,Invalid Claim,139,active,401,Compressor failure,1,True,True,True,None,
CLM-000885,train,Invalid Claim,142,active,218,Physical/drop damage,1,True,True,True,None,
CLM-000886,test,Invalid Claim,-1,active,361,Manufacturing defect,0,True,True,False,None,
CLM-000887,train,Invalid Claim,153,active,387,Power surge (external),3,True,True,True,None,
CLM-000888,test,Invalid Claim,445,active,275,Component failure,0,True,True,False,None,
CLM-000889,train,Invalid Claim,475,expired,-115,Battery defect,0,True,True,True,None,
CLM-000890,validation,Invalid Claim,223,active,137,Display fault,1,True,True,True,None,
CLM-000891,train,Invalid Claim,753,expired,-213,Display fault,4,True,True,True,None,
CLM-000892,train,Invalid Claim,-20,active,740,Motor malfunction,0,True,True,True,None,
CLM-000893,train,Invalid Claim,34,active,326,Unauthorized repair damage,1,True,True,True,None,
CLM-000894,train,Invalid Claim,408,expired,-48,Battery defect,0,True,True,True,None,
CLM-000895,train,Invalid Claim,661,active,59,Power surge (external),2,True,True,True,None,
CLM-000896,train,Invalid Claim,357,active,363,Display fault,1,True,True,True,None,
CLM-000897,train,Invalid Claim,339,active,21,Manufacturing defect,3,True,True,False,None,
CLM-000898,train,Invalid Claim,71,active,289,Manufacturing defect,1,True,True,True,None,
CLM-000899,train,Invalid Claim,-6,active,546,Battery defect,0,True,True,False,None,
CLM-000900,train,Invalid Claim,127,active,593,Manufacturing defect,0,True,True,False,None,
CLM-000901,train,Invalid Claim,96,active,264,Compressor failure,1,True,True,False,None,
CLM-000902,validation,Invalid Claim,142,active,218,Power surge (external),4,True,True,True,None,
CLM-000903,train,Invalid Claim,-71,active,611,Motor malfunction,0,True,True,True,None,
CLM-000904,validation,Invalid Claim,737,expired,-17,Battery defect,1,True,True,True,None,
CLM-000905,train,Invalid Claim,218,active,322,Battery defect,1,True,True,False,None,
CLM-000906,train,Invalid Claim,653,expired,-113,Battery defect,3,True,True,False,None,
CLM-000907,train,Invalid Claim,118,active,242,Compressor failure,1,True,True,True,None,
CLM-000908,train,Invalid Claim,294,active,66,Component failure,1,True,True,True,None,
CLM-000909,train,Invalid Claim,473,active,67,Compressor failure,3,True,True,False,None,
CLM-000910,train,Invalid Claim,633,active,87,Power surge (external),0,True,True,True,None,
CLM-000911,train,Invalid Claim,93,active,447,Battery defect,1,True,True,True,None,
CLM-000912,train,Invalid Claim,376,active,164,Display fault,2,True,True,False,None,
CLM-000913,validation,Invalid Claim,408,expired,-48,Compressor failure,0,True,True,True,None,
CLM-000914,test,Invalid Claim,381,active,159,Water damage,3,True,True,True,None,
CLM-000915,train,Invalid Claim,97,active,263,Display fault,3,True,True,False,None,
CLM-000916,train,Invalid Claim,290,active,430,Physical/drop damage,3,True,True,True,None,
CLM-000917,train,Invalid Claim,36,active,324,Compressor failure,1,True,True,True,None,
CLM-000918,train,Invalid Claim,456,expired,-96,Component failure,3,True,True,True,None,
CLM-000919,train,Invalid Claim,396,expired,-36,Manufacturing defect,2,True,True,True,None,
CLM-000920,validation,Invalid Claim,-4,active,364,Manufacturing defect,0,True,True,False,None,
CLM-000921,train,Invalid Claim,777,expired,-57,Battery defect,2,True,True,True,None,
CLM-000922,train,Invalid Claim,390,expired,-30,Power surge (external),2,True,True,True,None,
CLM-000923,train,Invalid Claim,-49,active,409,Manufacturing defect,0,True,True,False,None,
CLM-000924,train,Invalid Claim,327,active,33,Display fault,1,True,True,True,None,
CLM-000925,validation,Invalid Claim,510,expired,-150,Manufacturing defect,4,True,True,True,None,
CLM-000926,validation,Invalid Claim,-6,active,366,Display fault,0,True,True,True,None,
CLM-000927,train,Invalid Claim,159,active,561,Battery defect,3,True,True,False,None,
CLM-000928,test,Invalid Claim,-26,active,566,Power surge (external),0,True,True,True,None,
CLM-000929,train,Invalid Claim,306,active,54,Motor malfunction,1,True,True,True,None,
CLM-000930,validation,Invalid Claim,819,expired,-99,Manufacturing defect,3,True,True,True,None,
CLM-000931,validation,Invalid Claim,220,active,320,Display fault,1,True,True,False,None,
CLM-000932,train,Invalid Claim,309,active,51,Compressor failure,1,True,True,False,None,
CLM-000933,train,Invalid Claim,293,active,67,Motor malfunction,3,True,True,False,None,
CLM-000934,train,Invalid Claim,356,active,364,Physical/drop damage,1,True,True,True,None,
CLM-000935,validation,Invalid Claim,-17,active,737,Manufacturing defect,0,True,True,True,None,
CLM-000936,test,Invalid Claim,33,active,327,Component failure,1,True,True,True,None,
CLM-000937,train,Invalid Claim,510,active,210,Physical/drop damage,1,True,True,True,None,
CLM-000938,train,Invalid Claim,101,active,259,Display fault,0,True,True,False,None,
CLM-000939,train,Invalid Claim,-29,active,389,Battery defect,0,True,True,True,None,
CLM-000940,train,Invalid Claim,140,active,220,Motor malfunction,1,True,True,True,None,
CLM-000941,train,Invalid Claim,-56,active,596,Motor malfunction,0,True,True,True,None,
CLM-000942,validation,Invalid Claim,193,active,167,Water damage,0,True,True,True,None,
CLM-000943,train,Invalid Claim,396,expired,-36,Motor malfunction,2,True,True,False,None,
CLM-000944,test,Invalid Claim,277,active,263,Water damage,0,True,True,True,None,
CLM-000945,train,Invalid Claim,794,expired,-74,Battery defect,1,True,True,True,None,
CLM-000946,test,Invalid Claim,249,active,111,Power surge (external),2,True,True,True,None,
CLM-000947,validation,Invalid Claim,-18,active,738,Display fault,0,True,True,True,None,
CLM-000948,train,Invalid Claim,227,active,133,Display fault,1,True,True,False,None,
CLM-000949,validation,Invalid Claim,654,active,66,Normal wear and tear,3,True,True,False,None,
CLM-000950,train,Invalid Claim,337,active,23,Display fault,2,True,True,False,None,
CLM-000951,train,Invalid Claim,539,expired,-179,Display fault,2,True,True,True,None,
CLM-000952,train,Invalid Claim,434,expired,-74,Display fault,3,True,True,False,None,
CLM-000953,train,Invalid Claim,410,expired,-50,Power surge (external),0,True,True,True,None,
CLM-000954,train,Invalid Claim,-52,active,592,Manufacturing defect,0,True,True,True,None,
CLM-000955,train,Invalid Claim,-59,active,779,Manufacturing defect,0,True,True,True,None,
CLM-000956,train,Invalid Claim,-85,active,805,Battery defect,0,True,True,True,None,
CLM-000957,test,Invalid Claim,285,active,75,Unauthorized repair damage,1,True,True,True,None,
CLM-000958,validation,Invalid Claim,584,expired,-44,Battery defect,0,True,True,False,None,
CLM-000959,test,Invalid Claim,-52,active,592,Compressor failure,0,True,True,False,None,
CLM-000960,test,Invalid Claim,506,active,214,Display fault,0,True,True,False,None,
CLM-000961,train,Invalid Claim,19,active,341,Component failure,1,True,True,False,None,
CLM-000962,train,Invalid Claim,628,expired,-88,Component failure,2,True,True,True,None,
CLM-000963,train,Invalid Claim,475,expired,-115,Battery defect,1,True,True,True,None,
CLM-000964,validation,Invalid Claim,582,expired,-42,Component failure,0,True,True,True,None,
CLM-000965,train,Invalid Claim,559,expired,-199,Component failure,1,True,True,True,None,
CLM-000966,train,Invalid Claim,435,active,285,Normal wear and tear,1,True,True,True,None,
CLM-000967,test,Invalid Claim,-46,active,406,Manufacturing defect,0,True,True,True,None,
CLM-000968,train,Invalid Claim,152,active,208,Compressor failure,1,True,True,True,None,
CLM-000969,validation,Invalid Claim,759,expired,-39,Battery defect,2,True,True,True,None,
CLM-000970,train,Invalid Claim,172,active,188,Power surge (external),1,True,True,True,None,
CLM-000971,train,Invalid Claim,23,active,517,Physical/drop damage,1,True,True,True,None,
CLM-000972,train,Invalid Claim,377,expired,-17,Display fault,0,True,True,False,None,
CLM-000973,train,Invalid Claim,-83,active,803,Motor malfunction,0,True,True,True,None,
CLM-000974,test,Invalid Claim,349,active,191,Component failure,0,True,True,False,None,
CLM-000975,train,Invalid Claim,543,active,177,Unauthorized repair damage,2,True,True,True,None,
CLM-000976,train,Invalid Claim,737,expired,-17,Component failure,1,True,True,True,None,
CLM-000977,validation,Invalid Claim,446,active,274,Power surge (external),1,True,True,True,None,
CLM-000978,train,Invalid Claim,149,active,211,Component failure,2,True,True,True,None,
CLM-000979,train,Invalid Claim,20,active,340,Display fault,1,True,True,True,None,
CLM-000980,train,Invalid Claim,474,active,66,Motor malfunction,3,True,True,False,None,
CLM-000981,test,Invalid Claim,741,expired,-21,Compressor failure,1,True,True,True,None,
CLM-000982,train,Invalid Claim,413,expired,-53,Manufacturing defect,0,True,True,True,None,
CLM-000983,validation,Invalid Claim,188,active,172,Compressor failure,2,True,True,True,None,
CLM-000984,train,Invalid Claim,356,active,4,Water damage,1,True,True,True,None,
CLM-000985,train,Invalid Claim,544,expired,-184,Power surge (external),2,True,True,True,None,
CLM-000986,train,Invalid Claim,555,active,165,Battery defect,4,True,True,False,None,
CLM-000987,validation,Invalid Claim,224,active,316,Motor malfunction,1,True,True,False,None,
CLM-000988,train,Invalid Claim,412,expired,-52,Display fault,2,True,True,True,None,
CLM-000989,validation,Invalid Claim,122,active,418,Power surge (external),0,True,True,True,None,
CLM-000990,train,Invalid Claim,235,active,125,Normal wear and tear,0,True,True,True,None,
CLM-000991,train,Invalid Claim,390,expired,-30,Battery defect,2,True,True,False,None,
CLM-000992,train,Invalid Claim,-67,active,607,Manufacturing defect,0,True,True,True,None,
CLM-000993,test,Invalid Claim,332,active,208,Motor malfunction,3,True,True,False,None,
CLM-000994,train,Invalid Claim,735,expired,-15,Display fault,1,True,True,True,None,
CLM-000995,train,Invalid Claim,712,active,8,Power surge (external),4,True,True,True,None,
CLM-000996,train,Invalid Claim,660,expired,-120,Compressor failure,1,True,True,True,None,
CLM-000997,test,Invalid Claim,573,expired,-33,Display fault,1,True,True,True,None,
CLM-000998,train,Invalid Claim,494,expired,-134,Normal wear and tear,1,True,True,True,None,
CLM-000999,train,Invalid Claim,347,active,13,Water damage,2,True,True,True,None,
CLM-001000,test,Invalid Claim,350,active,10,Motor malfunction,0,True,True,False,None,
CLM-001001,train,Manual Review,725,expired,-5,Battery defect,0,True,True,True,None,
CLM-001002,validation,Manual Review,400,active,320,Manufacturing defect,1,True,True,False,None,
CLM-001003,train,Manual Review,128,active,412,Compressor failure,1,True,True,True,fault_evidence,
CLM-001004,train,Manual Review,226,active,134,Battery defect,0,True,True,True,fault_evidence,
CLM-001005,validation,Manual Review,360,active,0,Display fault,0,True,True,True,None,
CLM-001006,train,Manual Review,45,active,495,Compressor failure,1,True,True,False,None,
CLM-001007,train,Manual Review,395,active,325,Compressor failure,1,True,False,True,warranty_card,
CLM-001008,train,Manual Review,411,active,309,Display fault,0,True,True,True,product_photo,
CLM-001009,validation,Manual Review,410,active,130,Component failure,6,True,True,True,None,
CLM-001010,train,Manual Review,65,active,475,Component failure,0,True,True,True,fault_evidence,
CLM-001011,train,Manual Review,224,active,496,Manufacturing defect,2,True,True,True,None,
CLM-001012,train,Manual Review,1091,expired,-11,Display fault,0,True,True,True,None,
CLM-001013,train,Manual Review,718,active,2,Compressor failure,2,True,True,True,None,
CLM-001014,test,Manual Review,423,active,117,Compressor failure,0,True,True,True,product_photo,
CLM-001015,validation,Manual Review,193,active,887,Manufacturing defect,0,True,True,False,None,
CLM-001016,train,Manual Review,360,active,0,Battery defect,0,True,True,True,None,
CLM-001017,train,Manual Review,358,active,2,Motor malfunction,1,True,True,True,None,
CLM-001018,train,Manual Review,358,active,2,Manufacturing defect,1,True,True,True,None,
CLM-001019,train,Manual Review,561,active,159,Battery defect,0,True,True,False,None,
CLM-001020,train,Manual Review,72,active,288,Motor malfunction,0,True,True,False,None,
CLM-001021,test,Manual Review,359,active,1,Compressor failure,2,True,True,True,None,
CLM-001022,test,Manual Review,465,active,75,Motor malfunction,3,True,True,True,None,
CLM-001023,train,Manual Review,539,active,1,Component failure,0,True,True,True,None,
CLM-001024,train,Manual Review,294,active,426,Motor malfunction,0,True,True,True,product_photo,
CLM-001025,train,Manual Review,95,active,625,Compressor failure,1,False,True,True,receipt,
CLM-001026,train,Manual Review,1057,active,23,Display fault,0,True,True,True,serial_evidence,
CLM-001027,train,Manual Review,1076,active,4,Motor malfunction,0,False,True,True,receipt,
CLM-001028,validation,Manual Review,241,active,479,Display fault,0,True,False,True,warranty_card,
CLM-001029,train,Manual Review,713,active,7,Motor malfunction,0,True,True,False,None,
CLM-001030,train,Manual Review,353,active,7,Display fault,4,True,True,True,None,
CLM-001031,train,Manual Review,361,expired,-1,Compressor failure,1,True,True,True,None,
CLM-001032,train,Manual Review,520,active,560,Motor malfunction,4,True,True,True,None,
CLM-001033,validation,Manual Review,127,active,233,Compressor failure,1,True,True,False,None,
CLM-001034,train,Manual Review,724,expired,-4,Display fault,0,False,True,True,receipt,
CLM-001035,test,Manual Review,137,active,403,Compressor failure,1,True,True,True,fault_evidence,
CLM-001036,train,Manual Review,1080,active,0,Component failure,0,True,True,True,None,
CLM-001037,train,Manual Review,540,active,0,Compressor failure,0,True,True,True,None,
CLM-001038,train,Manual Review,722,expired,-2,Compressor failure,1,True,True,True,None,
CLM-001039,train,Manual Review,339,active,21,Display fault,3,True,True,True,None,
CLM-001040,train,Manual Review,191,active,169,Display fault,0,True,True,False,None,
CLM-001041,validation,Manual Review,259,active,101,Motor malfunction,0,True,True,True,serial_evidence,
CLM-001042,train,Manual Review,285,active,255,Component failure,1,True,False,True,warranty_card,
CLM-001043,train,Manual Review,213,active,327,Display fault,2,True,True,True,None,
CLM-001044,validation,Manual Review,991,active,89,Display fault,0,True,True,True,fault_evidence,
CLM-001045,train,Manual Review,419,active,301,Manufacturing defect,1,True,True,True,None,
CLM-001046,train,Manual Review,131,active,229,Compressor failure,1,True,True,True,None,
CLM-001047,train,Manual Review,449,active,91,Motor malfunction,3,True,True,True,None,
CLM-001048,validation,Manual Review,888,active,192,Battery defect,2,True,True,True,fault_evidence,
CLM-001049,test,Manual Review,1087,expired,-7,Manufacturing defect,0,True,True,True,serial_evidence,
CLM-001050,validation,Manual Review,360,active,0,Display fault,1,True,True,True,None,
CLM-001051,test,Manual Review,537,active,3,Component failure,0,True,True,True,None,
CLM-001052,train,Manual Review,1082,expired,-2,Battery defect,0,True,True,True,product_photo,
CLM-001053,test,Manual Review,382,active,158,Compressor failure,1,True,True,True,None,
CLM-001054,validation,Manual Review,750,active,330,Component failure,1,True,True,True,None,
CLM-001055,test,Manual Review,362,expired,-2,Compressor failure,2,True,True,False,None,
CLM-001056,train,Manual Review,252,active,108,Manufacturing defect,2,True,True,True,None,
CLM-001057,train,Manual Review,365,active,175,Display fault,2,True,True,True,None,
CLM-001058,train,Manual Review,536,active,4,Battery defect,1,True,True,True,None,
CLM-001059,test,Manual Review,282,active,78,Display fault,0,True,True,False,None,
CLM-001060,train,Manual Review,714,active,6,Motor malfunction,1,True,True,True,fault_evidence,
CLM-001061,train,Manual Review,97,active,263,Component failure,2,True,True,True,None,
CLM-001062,validation,Manual Review,355,active,5,Compressor failure,2,True,True,True,None,
CLM-001063,validation,Manual Review,572,active,148,Motor malfunction,5,True,True,True,None,
CLM-001064,train,Manual Review,716,active,4,Manufacturing defect,1,True,True,True,None,
CLM-001065,validation,Manual Review,1085,expired,-5,Battery defect,1,True,True,True,None,
CLM-001066,train,Manual Review,212,active,148,Display fault,4,True,True,False,None,
CLM-001067,train,Manual Review,102,active,258,Display fault,2,True,False,True,warranty_card,
CLM-001068,train,Manual Review,355,active,5,Compressor failure,1,True,False,True,warranty_card,
CLM-001069,train,Manual Review,365,expired,-5,Component failure,0,True,True,False,None,
CLM-001070,train,Manual Review,725,expired,-5,Manufacturing defect,0,True,True,True,None,
CLM-001071,train,Manual Review,167,active,193,Manufacturing defect,1,True,True,False,None,
CLM-001072,test,Manual Review,82,active,278,Component failure,4,True,True,True,serial_evidence,
CLM-001073,train,Manual Review,67,active,293,Manufacturing defect,0,True,True,False,None,
CLM-001074,train,Manual Review,96,active,444,Motor malfunction,4,True,True,True,None,
CLM-001075,train,Manual Review,713,active,7,Display fault,0,True,True,True,product_photo,
CLM-001076,train,Manual Review,88,active,452,Component failure,1,True,True,True,None,
CLM-001077,train,Manual Review,125,active,595,Display fault,2,True,True,False,None,
CLM-001078,train,Manual Review,433,active,107,Display fault,0,True,True,False,None,
CLM-001079,train,Manual Review,245,active,295,Component failure,0,True,True,False,None,
CLM-001080,train,Manual Review,366,expired,-6,Motor malfunction,1,True,True,True,None,
CLM-001081,test,Manual Review,292,active,68,Manufacturing defect,0,True,False,True,warranty_card,
CLM-001082,train,Manual Review,23,active,337,Compressor failure,0,False,True,True,receipt,
CLM-001083,train,Manual Review,82,active,278,Component failure,3,True,True,True,serial_evidence,
CLM-001084,train,Manual Review,355,active,365,Manufacturing defect,2,True,True,True,None,
CLM-001085,train,Manual Review,21,active,699,Battery defect,1,True,True,True,product_photo,
CLM-001086,train,Manual Review,288,active,432,Component failure,1,True,True,False,None,
CLM-001087,train,Manual Review,718,active,2,Display fault,0,True,True,True,None,
CLM-001088,test,Manual Review,109,active,251,Motor malfunction,3,True,True,True,None,
CLM-001089,test,Manual Review,355,active,5,Motor malfunction,0,True,True,False,None,
CLM-001090,train,Manual Review,1080,active,0,Motor malfunction,2,True,True,True,None,
CLM-001091,train,Manual Review,332,active,388,Display fault,0,True,True,False,None,
CLM-001092,test,Manual Review,498,active,42,Manufacturing defect,2,True,True,True,serial_evidence,
CLM-001093,train,Manual Review,344,active,16,Battery defect,0,True,True,True,fault_evidence,
CLM-001094,train,Manual Review,144,active,576,Display fault,7,True,True,True,None,
CLM-001095,train,Manual Review,631,active,89,Manufacturing defect,2,True,True,False,None,
CLM-001096,train,Manual Review,1075,active,5,Motor malfunction,1,True,True,True,None,
CLM-001097,train,Manual Review,245,active,115,Compressor failure,1,True,True,True,serial_evidence,
CLM-001098,train,Manual Review,831,active,249,Manufacturing defect,1,True,True,False,fault_evidence,
CLM-001099,validation,Manual Review,53,active,487,Battery defect,0,True,True,True,None,
CLM-001100,test,Manual Review,358,active,2,Display fault,1,True,True,True,None,
CLM-001101,validation,Manual Review,486,active,54,Component failure,0,True,True,False,None,
CLM-001102,train,Manual Review,507,active,33,Display fault,1,True,True,True,None,
CLM-001103,test,Manual Review,367,expired,-7,Display fault,0,True,True,False,None,
CLM-001104,train,Manual Review,226,active,134,Display fault,1,True,True,True,product_photo,
CLM-001105,train,Manual Review,448,active,632,Motor malfunction,1,True,True,False,None,
CLM-001106,validation,Manual Review,256,active,104,Compressor failure,5,True,True,True,None,
CLM-001107,test,Manual Review,602,active,118,Display fault,0,True,True,False,product_photo,
CLM-001108,train,Manual Review,426,active,114,Compressor failure,0,True,True,False,None,
CLM-001109,train,Manual Review,106,active,254,Component failure,0,True,True,True,product_photo,
CLM-001110,train,Manual Review,1074,active,6,Manufacturing defect,1,True,True,True,None,
CLM-001111,train,Manual Review,731,active,349,Component failure,1,True,True,False,None,
CLM-001112,train,Manual Review,400,active,140,Manufacturing defect,0,True,True,True,fault_evidence,
CLM-001113,train,Manual Review,721,expired,-1,Battery defect,1,True,True,True,fault_evidence,
CLM-001114,train,Manual Review,539,active,1,Battery defect,0,True,True,True,None,
CLM-001115,train,Manual Review,189,active,171,Motor malfunction,0,True,True,False,None,
CLM-001116,train,Manual Review,280,active,260,Display fault,2,True,True,True,None,
CLM-001117,train,Manual Review,275,active,85,Battery defect,1,True,True,True,None,
CLM-001118,train,Manual Review,412,active,308,Display fault,3,True,True,False,None,
CLM-001119,train,Manual Review,350,active,10,Component failure,0,True,True,True,fault_evidence,
CLM-001120,train,Manual Review,359,active,1,Manufacturing defect,0,True,True,True,fault_evidence,
CLM-001121,train,Manual Review,376,active,164,Component failure,1,True,True,True,fault_evidence,
CLM-001122,test,Manual Review,716,active,4,Manufacturing defect,0,True,True,True,None,
CLM-001123,train,Manual Review,546,expired,-6,Motor malfunction,1,True,True,True,None,
CLM-001124,train,Manual Review,368,expired,-8,Display fault,1,True,True,True,None,
CLM-001125,train,Manual Review,1078,active,2,Display fault,0,True,True,True,product_photo,
CLM-001126,train,Manual Review,712,active,8,Battery defect,0,True,True,False,None,
CLM-001127,train,Manual Review,361,expired,-1,Compressor failure,4,True,True,True,None,
CLM-001128,train,Manual Review,188,active,172,Display fault,2,True,True,True,serial_evidence,
CLM-001129,validation,Manual Review,585,active,495,Component failure,6,True,True,False,None,
CLM-001130,train,Manual Review,566,active,514,Motor malfunction,1,True,True,False,None,
CLM-001131,test,Manual Review,357,active,3,Compressor failure,0,True,True,True,None,
CLM-001132,train,Manual Review,551,expired,-11,Component failure,0,True,True,True,None,
CLM-001133,train,Manual Review,135,active,405,Display fault,0,True,False,True,warranty_card,
CLM-001134,train,Manual Review,404,active,316,Motor malfunction,0,True,True,True,fault_evidence,
CLM-001135,test,Manual Review,717,active,3,Component failure,2,True,True,True,None,
CLM-001136,validation,Manual Review,441,active,279,Battery defect,0,True,True,False,fault_evidence,
CLM-001137,train,Manual Review,368,expired,-8,Battery defect,1,True,True,True,None,
CLM-001138,train,Manual Review,728,expired,-8,Motor malfunction,0,True,True,True,None,
CLM-001139,validation,Manual Review,34,active,326,Manufacturing defect,3,True,True,True,None,
CLM-001140,train,Manual Review,360,active,0,Component failure,1,False,True,True,receipt,
CLM-001141,train,Manual Review,1084,expired,-4,Manufacturing defect,0,True,True,True,None,
CLM-001142,train,Manual Review,184,active,356,Compressor failure,0,True,True,False,None,
CLM-001143,train,Manual Review,687,active,33,Component failure,0,True,True,True,serial_evidence,
CLM-001144,train,Manual Review,190,active,170,Component failure,4,True,True,True,None,
CLM-001145,train,Manual Review,357,active,3,Component failure,0,True,True,False,None,
CLM-001146,train,Manual Review,329,active,391,Component failure,1,True,True,True,None,
CLM-001147,train,Manual Review,535,active,5,Compressor failure,0,True,True,False,None,
CLM-001148,train,Manual Review,1083,expired,-3,Motor malfunction,0,True,False,True,warranty_card,
CLM-001149,train,Manual Review,131,active,409,Battery defect,0,True,True,False,None,
CLM-001150,test,Manual Review,531,active,9,Display fault,0,True,True,True,None,
CLM-001151,train,Manual Review,281,active,79,Manufacturing defect,3,True,False,False,warranty_card,
CLM-001152,test,Manual Review,708,active,12,Compressor failure,0,True,False,True,warranty_card,
CLM-001153,train,Manual Review,370,expired,-10,Manufacturing defect,0,False,True,True,receipt,
CLM-001154,train,Manual Review,254,active,286,Component failure,0,True,True,False,None,
CLM-001155,train,Manual Review,191,active,529,Display fault,0,True,True,False,None,
CLM-001156,train,Manual Review,33,active,327,Component failure,0,True,False,True,warranty_card,
CLM-001157,validation,Manual Review,189,active,171,Motor malfunction,3,True,True,True,None,
CLM-001158,train,Manual Review,540,active,180,Battery defect,2,True,True,True,None,
CLM-001159,train,Manual Review,300,active,780,Motor malfunction,0,True,True,True,serial_evidence,
CLM-001160,train,Manual Review,396,active,324,Battery defect,1,True,True,True,serial_evidence,
CLM-001161,test,Manual Review,810,active,270,Battery defect,2,True,True,True,None,
CLM-001162,validation,Manual Review,540,active,0,Manufacturing defect,1,True,True,True,None,
CLM-001163,validation,Manual Review,158,active,202,Motor malfunction,2,False,True,True,receipt,
CLM-001164,train,Manual Review,73,active,287,Compressor failure,3,True,True,True,None,
CLM-001165,train,Manual Review,267,active,93,Component failure,1,True,True,True,None,
CLM-001166,train,Manual Review,717,active,3,Compressor failure,1,True,True,True,None,
CLM-001167,test,Manual Review,530,active,10,Compressor failure,0,True,True,True,None,
CLM-001168,train,Manual Review,214,active,506,Manufacturing defect,0,True,True,True,product_photo,
CLM-001169,train,Manual Review,394,active,326,Battery defect,0,True,True,False,None,
CLM-001170,test,Manual Review,487,active,233,Manufacturing defect,0,True,True,False,None,
CLM-001171,train,Manual Review,307,active,53,Battery defect,3,True,True,True,None,
CLM-001172,validation,Manual Review,16,active,704,Motor malfunction,2,True,True,False,None,
CLM-001173,train,Manual Review,134,active,586,Battery defect,3,True,True,True,None,
CLM-001174,train,Manual Review,169,active,191,Manufacturing defect,0,True,False,True,warranty_card,
CLM-001175,test,Manual Review,360,active,0,Battery defect,1,True,True,True,None,
CLM-001176,train,Manual Review,360,active,0,Battery defect,0,True,True,True,None,
CLM-001177,train,Manual Review,641,active,79,Component failure,1,True,True,False,None,
CLM-001178,train,Manual Review,306,active,414,Display fault,0,True,True,True,product_photo,
CLM-001179,train,Manual Review,720,active,0,Manufacturing defect,0,True,True,True,None,
CLM-001180,train,Manual Review,465,active,75,Manufacturing defect,5,True,True,False,None,
CLM-001181,train,Manual Review,409,active,131,Motor malfunction,0,True,True,True,fault_evidence,
CLM-001182,train,Manual Review,684,active,36,Display fault,0,True,True,True,serial_evidence,
CLM-001183,train,Manual Review,529,active,191,Battery defect,0,True,True,True,fault_evidence,
CLM-001184,train,Manual Review,731,expired,-11,Compressor failure,1,True,True,False,None,
CLM-001185,train,Manual Review,720,active,0,Battery defect,0,False,True,True,receipt,
CLM-001186,train,Manual Review,358,active,2,Compressor failure,0,True,True,True,None,
CLM-001187,train,Manual Review,458,active,82,Battery defect,3,True,True,True,serial_evidence,
CLM-001188,test,Manual Review,367,expired,-7,Manufacturing defect,3,True,True,True,None,
CLM-001189,test,Manual Review,722,expired,-2,Battery defect,0,True,True,True,None,
CLM-001190,test,Manual Review,151,active,389,Manufacturing defect,3,True,True,True,None,
CLM-001191,validation,Manual Review,128,active,232,Motor malfunction,4,True,True,True,product_photo,
CLM-001192,test,Manual Review,86,active,454,Motor malfunction,1,True,True,True,fault_evidence,
CLM-001193,train,Manual Review,359,active,1,Motor malfunction,1,True,True,True,None,
CLM-001194,train,Manual Review,362,expired,-2,Display fault,0,True,True,False,None,
CLM-001195,train,Manual Review,710,active,10,Manufacturing defect,1,True,True,True,None,
CLM-001196,train,Manual Review,223,active,857,Display fault,3,True,True,True,None,
CLM-001197,train,Manual Review,722,expired,-2,Compressor failure,1,True,True,True,serial_evidence,
CLM-001198,train,Manual Review,74,active,286,Motor malfunction,1,True,True,False,serial_evidence,
CLM-001199,train,Manual Review,539,active,1,Battery defect,0,True,True,True,fault_evidence,
CLM-001200,train,Manual Review,1078,active,2,Display fault,0,True,True,True,None,
CLM-001201,validation,Manual Review,345,active,15,Display fault,4,True,True,True,None,
CLM-001202,validation,Manual Review,720,active,0,Component failure,0,True,True,True,None,
CLM-001203,train,Manual Review,309,active,411,Motor malfunction,1,True,True,True,None,
CLM-001204,train,Manual Review,328,active,32,Battery defect,6,True,True,True,None,
CLM-001205,train,Manual Review,155,active,565,Display fault,1,True,True,False,serial_evidence,
CLM-001206,test,Manual Review,53,active,307,Display fault,1,True,True,False,None,
CLM-001207,train,Manual Review,282,active,78,Manufacturing defect,1,True,True,True,product_photo,
CLM-001208,validation,Manual Review,359,active,361,Manufacturing defect,0,False,True,True,receipt,
CLM-001209,train,Manual Review,484,active,56,Display fault,3,True,True,True,None,
CLM-001210,train,Manual Review,358,active,2,Battery defect,0,True,True,True,None,
CLM-001211,train,Manual Review,380,active,160,Motor malfunction,1,True,True,False,fault_evidence,
CLM-001212,train,Manual Review,464,active,76,Motor malfunction,4,True,True,True,None,
CLM-001213,validation,Manual Review,603,active,117,Display fault,0,False,True,True,receipt,
CLM-001214,validation,Manual Review,263,active,97,Battery defect,2,True,True,True,None,
CLM-001215,test,Manual Review,361,expired,-1,Compressor failure,1,True,True,False,None,
CLM-001216,validation,Manual Review,32,active,328,Display fault,0,True,True,True,None,
CLM-001217,validation,Manual Review,390,active,150,Motor malfunction,0,True,True,False,product_photo,
CLM-001218,validation,Manual Review,677,active,43,Motor malfunction,4,True,True,True,None,
CLM-001219,train,Manual Review,1074,active,6,Manufacturing defect,1,True,True,True,fault_evidence,
CLM-001220,train,Manual Review,721,expired,-1,Battery defect,0,True,True,True,None,
CLM-001221,train,Manual Review,134,active,406,Motor malfunction,0,True,True,False,None,
CLM-001222,train,Manual Review,346,active,374,Compressor failure,4,True,True,True,None,
CLM-001223,train,Manual Review,190,active,170,Display fault,1,True,True,False,None,
CLM-001224,train,Manual Review,260,active,460,Motor malfunction,1,True,True,True,fault_evidence,
CLM-001225,train,Manual Review,539,active,1,Component failure,0,True,True,True,None,
CLM-001226,train,Manual Review,1078,active,2,Manufacturing defect,0,True,True,True,None,
CLM-001227,validation,Manual Review,77,active,283,Compressor failure,2,True,True,True,serial_evidence,
CLM-001228,train,Manual Review,719,active,1,Manufacturing defect,1,True,True,True,None,
CLM-001229,train,Manual Review,428,active,292,Compressor failure,3,True,True,True,None,
CLM-001230,train,Manual Review,367,expired,-7,Display fault,0,True,True,True,product_photo,
CLM-001231,validation,Manual Review,109,active,431,Battery defect,2,True,True,True,None,
CLM-001232,train,Manual Review,403,active,137,Battery defect,1,True,True,False,None,
CLM-001233,train,Manual Review,349,active,731,Motor malfunction,3,True,False,True,warranty_card,
CLM-001234,train,Manual Review,154,active,566,Battery defect,0,False,True,True,receipt,
CLM-001235,train,Manual Review,1083,expired,-3,Battery defect,0,True,True,True,serial_evidence,
CLM-001236,test,Manual Review,132,active,588,Component failure,1,True,True,True,None,
CLM-001237,validation,Manual Review,237,active,483,Motor malfunction,3,True,True,True,None,
CLM-001238,train,Manual Review,708,active,12,Compressor failure,0,True,True,True,None,
CLM-001239,train,Manual Review,534,active,6,Component failure,0,True,True,True,None,
CLM-001240,train,Manual Review,362,expired,-2,Compressor failure,0,True,True,False,None,
CLM-001241,train,Manual Review,322,active,38,Compressor failure,1,True,True,False,None,
CLM-001242,test,Manual Review,194,active,526,Battery defect,1,True,True,False,None,
CLM-001243,train,Manual Review,539,active,1,Display fault,6,True,True,True,None,
CLM-001244,test,Manual Review,365,active,175,Display fault,2,True,True,True,None,
CLM-001245,train,Manual Review,712,active,8,Motor malfunction,1,True,True,True,None,
CLM-001246,train,Manual Review,445,active,95,Compressor failure,1,True,True,False,None,
CLM-001247,train,Manual Review,535,active,5,Manufacturing defect,0,True,True,False,None,
CLM-001248,train,Manual Review,180,active,180,Battery defect,0,True,True,False,None,
CLM-001249,train,Manual Review,479,active,601,Compressor failure,0,True,True,False,None,
CLM-001250,train,Manual Review,1078,active,2,Display fault,0,True,True,True,None,
CLM-001251,train,Manual Review,136,active,224,Component failure,5,True,True,False,None,
CLM-001252,validation,Manual Review,287,active,73,Battery defect,5,True,True,False,None,
CLM-001253,test,Manual Review,533,active,7,Battery defect,1,True,True,True,None,
CLM-001254,train,Manual Review,361,expired,-1,Battery defect,1,True,True,True,None,
CLM-001255,validation,Manual Review,391,active,149,Component failure,0,True,True,False,None,
CLM-001256,train,Manual Review,532,active,8,Component failure,0,True,True,True,None,
CLM-001257,validation,Manual Review,728,expired,-8,Motor malfunction,1,True,True,False,None,
CLM-001258,test,Manual Review,147,active,213,Display fault,0,True,True,False,None,
CLM-001259,train,Manual Review,547,expired,-7,Manufacturing defect,0,True,True,True,None,
CLM-001260,validation,Manual Review,534,active,6,Display fault,2,True,True,True,None,
CLM-001261,validation,Manual Review,438,active,282,Battery defect,2,True,True,False,None,
CLM-001262,train,Manual Review,428,active,652,Motor malfunction,0,True,True,False,serial_evidence,
CLM-001263,train,Manual Review,495,active,225,Compressor failure,0,False,True,False,receipt,
CLM-001264,test,Manual Review,359,active,1,Component failure,0,True,True,True,None,
CLM-001265,test,Manual Review,24,active,516,Battery defect,1,True,True,True,serial_evidence,
CLM-001266,train,Manual Review,217,active,323,Motor malfunction,0,True,True,False,None,
CLM-001267,train,Manual Review,313,active,47,Manufacturing defect,1,True,True,False,None,
CLM-001268,validation,Manual Review,367,expired,-7,Display fault,0,True,True,True,None,
CLM-001269,train,Manual Review,130,active,590,Compressor failure,4,True,True,True,None,
CLM-001270,validation,Manual Review,229,active,311,Battery defect,5,True,True,True,None,
CLM-001271,test,Manual Review,581,active,139,Motor malfunction,7,True,True,True,None,
CLM-001272,train,Manual Review,205,active,515,Component failure,4,True,True,False,None,
CLM-001273,train,Manual Review,534,active,6,Compressor failure,1,True,True,True,None,
CLM-001274,test,Manual Review,537,active,3,Battery defect,1,True,True,True,None,
CLM-001275,train,Manual Review,979,active,101,Component failure,0,True,True,False,None,
CLM-001276,train,Manual Review,543,expired,-3,Compressor failure,0,True,True,False,None,
CLM-001277,test,Manual Review,334,active,386,Motor malfunction,1,True,True,True,None,
CLM-001278,train,Manual Review,135,active,945,Display fault,0,True,True,False,None,
CLM-001279,train,Manual Review,219,active,141,Motor malfunction,0,True,True,True,fault_evidence,
CLM-001280,validation,Manual Review,542,expired,-2,Manufacturing defect,0,True,True,True,None,
CLM-001281,train,Manual Review,545,expired,-5,Manufacturing defect,1,True,True,True,None,
CLM-001282,train,Manual Review,145,active,575,Battery defect,0,True,False,True,warranty_card,
CLM-001283,train,Manual Review,214,active,326,Manufacturing defect,1,True,True,True,product_photo,
CLM-001284,train,Manual Review,545,active,175,Battery defect,3,True,True,True,None,
CLM-001285,train,Manual Review,454,active,86,Battery defect,1,True,True,True,fault_evidence,
CLM-001286,train,Manual Review,723,expired,-3,Manufacturing defect,0,True,True,True,None,
CLM-001287,train,Manual Review,488,active,232,Manufacturing defect,0,True,True,True,fault_evidence,
CLM-001288,train,Manual Review,18,active,702,Manufacturing defect,2,True,True,True,None,
CLM-001289,validation,Manual Review,32,active,508,Display fault,0,True,True,False,None,
CLM-001290,train,Manual Review,257,active,103,Component failure,5,True,True,True,None,
CLM-001291,train,Manual Review,420,active,120,Motor malfunction,3,True,True,True,None,
CLM-001292,train,Manual Review,295,active,785,Component failure,0,True,True,True,product_photo,
CLM-001293,validation,Manual Review,161,active,379,Component failure,0,True,False,True,warranty_card,
CLM-001294,test,Manual Review,393,active,147,Display fault,2,True,True,False,fault_evidence,
CLM-001295,train,Manual Review,108,active,612,Motor malfunction,0,True,True,True,product_photo,
CLM-001296,validation,Manual Review,556,active,164,Battery defect,1,True,True,False,None,
CLM-001297,train,Manual Review,10,active,350,Component failure,3,True,True,True,None,
CLM-001298,train,Manual Review,183,active,177,Motor malfunction,3,True,True,True,None,
CLM-001299,train,Manual Review,709,active,11,Battery defect,2,True,True,True,None,
CLM-001300,train,Manual Review,113,active,607,Component failure,1,True,True,True,None,
CLM-001301,validation,Manual Review,421,active,119,Battery defect,2,True,True,False,None,
CLM-001302,train,Manual Review,720,active,0,Motor malfunction,2,True,True,True,None,
CLM-001303,train,Manual Review,247,active,113,Motor malfunction,0,True,True,False,None,
CLM-001304,validation,Manual Review,34,active,506,Manufacturing defect,2,True,True,True,None,
CLM-001305,train,Manual Review,355,active,5,Component failure,0,True,True,True,None,
CLM-001306,train,Manual Review,367,expired,-7,Compressor failure,0,True,True,True,serial_evidence,
CLM-001307,test,Manual Review,200,active,160,Compressor failure,0,False,True,False,receipt,
CLM-001308,train,Manual Review,32,active,508,Compressor failure,2,True,True,True,None,
CLM-001309,test,Manual Review,630,active,450,Component failure,0,True,True,True,serial_evidence,
CLM-001310,validation,Manual Review,390,active,690,Component failure,3,True,True,True,None,
CLM-001311,train,Manual Review,346,active,14,Component failure,0,True,True,False,product_photo,
CLM-001312,train,Manual Review,633,active,87,Display fault,1,True,True,True,fault_evidence,
CLM-001313,train,Manual Review,237,active,123,Compressor failure,2,True,True,True,None,
CLM-001314,test,Manual Review,90,active,450,Motor malfunction,1,True,True,False,None,
CLM-001315,train,Manual Review,728,expired,-8,Battery defect,0,True,True,False,None,
CLM-001316,test,Manual Review,144,active,396,Manufacturing defect,2,True,False,True,warranty_card,
CLM-001317,train,Manual Review,730,active,350,Compressor failure,1,True,True,False,None,
CLM-001318,train,Manual Review,555,active,165,Motor malfunction,1,True,True,True,None,
CLM-001319,train,Manual Review,16,active,1064,Display fault,0,False,True,True,receipt,
CLM-001320,test,Manual Review,661,active,59,Manufacturing defect,2,True,True,False,None,
CLM-001321,train,Manual Review,199,active,161,Display fault,1,True,True,False,None,
CLM-001322,train,Manual Review,419,active,661,Battery defect,0,True,False,True,warranty_card,
CLM-001323,train,Manual Review,191,active,349,Display fault,0,True,True,False,None,
CLM-001324,train,Manual Review,1073,active,7,Display fault,1,True,True,True,None,
CLM-001325,train,Manual Review,1079,active,1,Compressor failure,1,True,True,True,None,
CLM-001326,train,Manual Review,718,active,2,Manufacturing defect,0,True,True,True,None,
CLM-001327,validation,Manual Review,727,expired,-7,Display fault,1,True,True,True,None,
CLM-001328,validation,Manual Review,365,expired,-5,Compressor failure,0,True,True,True,None,
CLM-001329,test,Manual Review,291,active,249,Motor malfunction,1,True,True,False,None,
CLM-001330,train,Manual Review,172,active,548,Compressor failure,3,True,True,True,None,
CLM-001331,test,Manual Review,403,active,317,Motor malfunction,1,True,True,True,fault_evidence,
CLM-001332,train,Manual Review,274,active,86,Battery defect,5,True,True,True,None,
CLM-001333,train,Manual Review,506,active,34,Compressor failure,1,True,True,False,None,
CLM-001334,train,Manual Review,541,expired,-1,Display fault,4,True,True,True,None,
CLM-001335,train,Manual Review,1076,active,4,Manufacturing defect,0,True,True,True,None,
CLM-001336,train,Manual Review,287,active,433,Battery defect,2,True,True,True,None,
CLM-001337,train,Manual Review,343,active,17,Motor malfunction,0,True,True,True,fault_evidence,
CLM-001338,validation,Manual Review,42,active,318,Component failure,0,True,False,True,warranty_card,
CLM-001339,train,Manual Review,559,active,161,Display fault,1,True,True,False,None,
CLM-001340,test,Manual Review,120,active,240,Compressor failure,1,True,True,False,serial_evidence,
CLM-001341,train,Manual Review,267,active,453,Display fault,0,True,True,False,None,
CLM-001342,train,Manual Review,282,active,78,Compressor failure,6,True,True,True,None,
CLM-001343,train,Manual Review,663,active,417,Display fault,0,False,True,True,receipt,
CLM-001344,test,Manual Review,197,active,343,Battery defect,1,True,True,False,None,
CLM-001345,test,Manual Review,168,active,552,Battery defect,1,True,False,True,warranty_card,
CLM-001346,test,Manual Review,863,active,217,Motor malfunction,0,True,True,False,None,
CLM-001347,train,Manual Review,332,active,208,Display fault,0,True,True,True,None,
CLM-001348,train,Manual Review,372,active,348,Compressor failure,1,False,True,False,receipt,
CLM-001349,test,Manual Review,205,active,155,Motor malfunction,1,True,True,True,serial_evidence,
CLM-001350,train,Manual Review,313,active,47,Compressor failure,3,True,True,True,None,
CLM-001351,validation,Manual Review,358,active,2,Display fault,1,True,True,False,None,
CLM-001352,train,Manual Review,87,active,273,Battery defect,1,True,True,False,None,
CLM-001353,train,Manual Review,153,active,567,Motor malfunction,2,True,True,True,None,
CLM-001354,train,Manual Review,476,active,604,Motor malfunction,0,True,True,True,product_photo,
CLM-001355,train,Manual Review,722,expired,-2,Motor malfunction,0,True,True,False,None,
CLM-001356,train,Manual Review,731,expired,-11,Battery defect,0,True,True,True,None,
CLM-001357,train,Manual Review,721,expired,-1,Battery defect,0,True,True,True,None,
CLM-001358,train,Manual Review,205,active,515,Manufacturing defect,0,True,True,False,None,
CLM-001359,train,Manual Review,452,active,268,Battery defect,4,True,True,True,None,
CLM-001360,test,Manual Review,87,active,273,Battery defect,0,True,True,True,product_photo,
CLM-001361,train,Manual Review,598,active,122,Motor malfunction,0,True,False,True,warranty_card,
CLM-001362,train,Manual Review,355,active,5,Component failure,0,True,True,True,None,
CLM-001363,train,Manual Review,129,active,231,Manufacturing defect,2,True,True,True,serial_evidence,
CLM-001364,test,Manual Review,467,active,73,Manufacturing defect,0,True,True,True,fault_evidence,
CLM-001365,train,Manual Review,1077,active,3,Display fault,2,True,True,True,product_photo,
CLM-001366,train,Manual Review,1051,active,29,Display fault,3,True,True,True,None,
CLM-001367,test,Manual Review,454,active,86,Manufacturing defect,4,True,True,True,None,
CLM-001368,train,Manual Review,672,active,48,Battery defect,0,True,False,False,warranty_card,
CLM-001369,train,Manual Review,41,active,319,Display fault,0,True,True,False,None,
CLM-001370,train,Manual Review,352,active,8,Motor malfunction,0,True,False,True,warranty_card,
CLM-001371,train,Manual Review,39,active,681,Manufacturing defect,4,True,True,True,None,
CLM-001372,train,Manual Review,278,active,82,Display fault,0,True,True,False,None,
CLM-001373,test,Manual Review,222,active,138,Display fault,0,True,True,False,None,
CLM-001374,train,Manual Review,758,active,322,Component failure,4,True,True,False,None,
CLM-001375,train,Manual Review,720,active,0,Component failure,0,False,True,True,receipt,
CLM-001376,train,Manual Review,246,active,114,Motor malfunction,4,True,True,True,None,
CLM-001377,train,Manual Review,733,expired,-13,Manufacturing defect,0,True,True,True,None,
CLM-001378,train,Manual Review,21,active,699,Display fault,1,True,True,True,fault_evidence,
CLM-001379,train,Manual Review,130,active,410,Component failure,6,True,True,True,None,
CLM-001380,validation,Manual Review,477,active,243,Compressor failure,0,True,True,False,None,
CLM-001381,train,Manual Review,237,active,843,Motor malfunction,1,True,True,True,product_photo,
CLM-001382,train,Manual Review,725,expired,-5,Battery defect,0,True,True,True,None,
CLM-001383,train,Manual Review,111,active,249,Battery defect,0,True,False,True,warranty_card,
CLM-001384,train,Manual Review,180,active,360,Battery defect,3,True,True,True,None,
CLM-001385,train,Manual Review,295,active,425,Display fault,0,True,True,False,None,
CLM-001386,test,Manual Review,294,active,66,Manufacturing defect,1,False,True,True,receipt,
CLM-001387,train,Manual Review,134,active,226,Component failure,1,True,True,True,fault_evidence,
CLM-001388,test,Manual Review,73,active,287,Motor malfunction,1,True,True,True,product_photo,
CLM-001389,train,Manual Review,331,active,29,Manufacturing defect,1,True,True,True,None,
CLM-001390,validation,Manual Review,359,active,361,Display fault,1,True,True,False,product_photo,
CLM-001391,train,Manual Review,470,active,610,Compressor failure,1,True,True,False,None,
CLM-001392,train,Manual Review,1078,active,2,Compressor failure,0,True,True,False,None,
CLM-001393,train,Manual Review,1078,active,2,Manufacturing defect,1,True,True,False,None,
CLM-001394,train,Manual Review,693,active,27,Manufacturing defect,0,True,True,False,None,
CLM-001395,train,Manual Review,30,active,330,Compressor failure,2,True,True,False,None,
CLM-001396,train,Manual Review,719,active,1,Manufacturing defect,0,True,True,True,serial_evidence,
CLM-001397,train,Manual Review,362,active,178,Manufacturing defect,4,True,True,True,None,
CLM-001398,train,Manual Review,174,active,546,Display fault,4,True,True,True,None,
CLM-001399,train,Manual Review,717,active,3,Manufacturing defect,0,True,True,True,None,
CLM-001400,train,Manual Review,264,active,96,Motor malfunction,1,True,True,False,None,
CLM-001401,train,Manual Review,124,active,596,Motor malfunction,1,True,True,True,fault_evidence,
CLM-001402,validation,Manual Review,87,active,453,Component failure,1,True,True,False,None,
CLM-001403,train,Manual Review,116,active,424,Motor malfunction,0,False,True,True,receipt,
CLM-001404,validation,Manual Review,545,expired,-5,Component failure,0,True,False,True,warranty_card,
CLM-001405,train,Manual Review,259,active,281,Battery defect,2,True,True,True,fault_evidence,
CLM-001406,train,Manual Review,208,active,152,Motor malfunction,0,True,True,False,None,
CLM-001407,train,Manual Review,262,active,278,Compressor failure,0,True,True,True,fault_evidence,
CLM-001408,train,Manual Review,544,expired,-4,Component failure,0,True,True,True,None,
CLM-001409,train,Manual Review,363,expired,-3,Component failure,1,True,True,True,None,
CLM-001410,train,Manual Review,542,expired,-2,Manufacturing defect,0,True,True,True,None,
CLM-001411,train,Manual Review,24,active,336,Component failure,0,True,True,True,None,
CLM-001412,train,Manual Review,355,active,5,Battery defect,1,True,True,False,None,
CLM-001413,validation,Manual Review,537,active,3,Manufacturing defect,0,True,True,True,None,
CLM-001414,test,Manual Review,109,active,251,Motor malfunction,1,True,True,False,None,
CLM-001415,train,Manual Review,790,active,290,Component failure,0,True,True,False,None,
CLM-001416,train,Manual Review,198,active,342,Compressor failure,4,True,True,True,None,
CLM-001417,train,Manual Review,537,active,3,Manufacturing defect,0,True,True,True,None,
CLM-001418,train,Manual Review,22,active,518,Component failure,0,True,True,False,fault_evidence,
CLM-001419,train,Manual Review,723,expired,-3,Compressor failure,1,True,True,False,None,
CLM-001420,validation,Manual Review,357,active,3,Compressor failure,0,True,True,False,None,
CLM-001421,train,Manual Review,519,active,201,Compressor failure,1,True,True,True,serial_evidence,
CLM-001422,train,Manual Review,1081,expired,-1,Display fault,0,True,True,True,None,
CLM-001423,train,Manual Review,111,active,429,Compressor failure,1,True,True,False,None,
CLM-001424,train,Manual Review,309,active,231,Manufacturing defect,1,True,True,False,None,
CLM-001425,validation,Manual Review,323,active,217,Manufacturing defect,2,True,True,False,None,
CLM-001426,validation,Manual Review,59,active,661,Battery defect,0,True,True,True,product_photo,
CLM-001427,train,Manual Review,546,active,174,Component failure,1,True,True,False,None,
CLM-001428,test,Manual Review,25,active,515,Motor malfunction,0,False,True,True,receipt,
CLM-001429,train,Manual Review,808,active,272,Component failure,2,True,True,True,None,
CLM-001430,validation,Manual Review,442,active,278,Compressor failure,4,True,True,True,None,
CLM-001431,validation,Manual Review,535,active,5,Display fault,0,True,True,True,None,
CLM-001432,train,Manual Review,141,active,579,Manufacturing defect,1,False,True,False,receipt,
CLM-001433,train,Manual Review,417,active,123,Motor malfunction,1,True,True,True,None,
CLM-001434,train,Manual Review,294,active,66,Display fault,1,False,True,True,receipt,
CLM-001435,validation,Manual Review,351,active,9,Battery defect,2,True,True,True,None,
CLM-001436,test,Manual Review,52,active,668,Component failure,0,True,True,False,None,
CLM-001437,train,Manual Review,727,active,353,Motor malfunction,1,True,True,True,None,
CLM-001438,train,Manual Review,234,active,126,Battery defect,1,True,True,True,fault_evidence,
CLM-001439,train,Manual Review,43,active,317,Manufacturing defect,0,True,True,False,None,
CLM-001440,train,Manual Review,1078,active,2,Compressor failure,0,True,False,True,warranty_card,
CLM-001441,train,Manual Review,717,active,3,Display fault,1,True,True,True,None,
CLM-001442,validation,Manual Review,186,active,174,Battery defect,1,True,True,False,None,
CLM-001443,train,Manual Review,208,active,152,Motor malfunction,0,True,True,True,serial_evidence,
CLM-001444,test,Manual Review,287,active,73,Display fault,0,True,True,False,None,
CLM-001445,train,Manual Review,919,active,161,Compressor failure,0,True,True,False,None,
CLM-001446,test,Manual Review,301,active,59,Display fault,1,True,True,True,product_photo,
CLM-001447,validation,Manual Review,228,active,492,Display fault,3,True,True,True,None,
CLM-001448,train,Manual Review,170,active,370,Battery defect,2,False,True,False,receipt,
CLM-001449,validation,Manual Review,415,active,665,Display fault,1,True,False,True,warranty_card,
CLM-001450,train,Manual Review,1081,expired,-1,Manufacturing defect,1,True,True,True,None,
CLM-001451,train,Manual Review,531,active,9,Motor malfunction,3,True,True,True,None,
CLM-001452,train,Manual Review,113,active,427,Battery defect,0,False,True,True,receipt,
CLM-001453,train,Manual Review,297,active,243,Manufacturing defect,0,True,True,False,None,
CLM-001454,train,Manual Review,254,active,106,Battery defect,1,True,True,False,None,
CLM-001455,train,Manual Review,527,active,13,Motor malfunction,1,True,True,True,None,
CLM-001456,train,Manual Review,86,active,274,Motor malfunction,3,True,True,True,None,
CLM-001457,test,Manual Review,709,active,11,Battery defect,0,True,True,True,None,
CLM-001458,validation,Manual Review,403,active,677,Component failure,5,True,True,True,None,
CLM-001459,test,Manual Review,231,active,129,Manufacturing defect,2,True,True,True,None,
CLM-001460,test,Manual Review,355,active,5,Display fault,1,True,True,True,None,
CLM-001461,train,Manual Review,353,active,367,Component failure,4,True,True,True,None,
CLM-001462,train,Manual Review,146,active,214,Battery defect,0,True,True,True,product_photo,
CLM-001463,train,Manual Review,64,active,296,Component failure,2,True,True,True,fault_evidence,
CLM-001464,validation,Manual Review,366,expired,-6,Display fault,3,True,True,True,None,
CLM-001465,train,Manual Review,719,active,1,Manufacturing defect,2,True,True,True,None,
CLM-001466,train,Manual Review,714,active,6,Component failure,0,True,True,False,None,
CLM-001467,test,Manual Review,135,active,945,Motor malfunction,0,True,False,True,warranty_card,
CLM-001468,train,Manual Review,165,active,915,Motor malfunction,0,True,True,True,fault_evidence,
CLM-001469,validation,Manual Review,363,active,177,Motor malfunction,4,True,True,True,product_photo,
CLM-001470,train,Manual Review,40,active,320,Compressor failure,0,True,True,False,None,
CLM-001471,train,Manual Review,320,active,40,Motor malfunction,3,True,True,True,None,
CLM-001472,train,Manual Review,317,active,403,Battery defect,0,True,True,False,None,
CLM-001473,train,Manual Review,246,active,114,Display fault,5,True,True,True,None,
CLM-001474,test,Manual Review,22,active,338,Motor malfunction,2,True,True,False,None,
CLM-001475,train,Manual Review,717,active,3,Motor malfunction,0,True,True,True,product_photo,
CLM-001476,train,Manual Review,152,active,208,Component failure,3,True,True,False,None,
CLM-001477,validation,Manual Review,357,active,3,Display fault,6,True,True,True,None,
CLM-001478,train,Manual Review,356,active,184,Component failure,1,True,True,True,None,
CLM-001479,train,Manual Review,141,active,399,Motor malfunction,6,True,True,True,None,
CLM-001480,train,Manual Review,170,active,190,Battery defect,2,True,True,True,None,
CLM-001481,test,Manual Review,333,active,27,Display fault,0,True,False,True,warranty_card,
CLM-001482,train,Manual Review,536,active,4,Manufacturing defect,1,True,True,True,None,
CLM-001483,validation,Manual Review,207,active,513,Display fault,2,False,True,True,receipt,
CLM-001484,train,Manual Review,645,active,75,Display fault,1,True,True,True,None,
CLM-001485,train,Manual Review,395,active,685,Battery defect,0,True,False,True,warranty_card,
CLM-001486,train,Manual Review,15,active,345,Manufacturing defect,1,True,True,False,None,
CLM-001487,validation,Manual Review,401,active,319,Display fault,1,True,True,True,product_photo,
CLM-001488,train,Manual Review,610,active,110,Display fault,0,True,True,False,None,
CLM-001489,validation,Manual Review,331,active,29,Motor malfunction,1,True,True,False,None,
CLM-001490,train,Manual Review,723,expired,-3,Component failure,1,True,True,True,None,
CLM-001491,train,Manual Review,375,active,165,Display fault,4,True,True,True,serial_evidence,
CLM-001492,train,Manual Review,101,active,439,Component failure,2,True,True,False,None,
CLM-001493,test,Manual Review,723,expired,-3,Component failure,0,True,True,False,None,
CLM-001494,train,Manual Review,415,active,125,Manufacturing defect,0,True,True,False,None,
CLM-001495,train,Manual Review,359,active,1,Component failure,1,True,True,False,None,
CLM-001496,train,Manual Review,363,expired,-3,Battery defect,1,True,True,True,None,
CLM-001497,test,Manual Review,344,active,376,Display fault,3,True,True,True,None,
CLM-001498,train,Manual Review,719,active,1,Battery defect,2,True,True,False,None,
CLM-001499,train,Manual Review,268,active,272,Motor malfunction,0,True,False,True,warranty_card,
CLM-001500,test,Manual Review,478,active,62,Manufacturing defect,0,True,True,False,None,
