claim_id,split,class_label,variation,relative_image_path,image_sha256
CLM-000001,train,Valid Claim,1,data/claim_cards/train/Valid Claim/CLM-000001_v1.jpg,646259bd71249e76f9590727931389b03571d02ac1521e90cc6f475c47817861
CLM-000001,train,Valid Claim,2,data/claim_cards/train/Valid Claim/CLM-000001_v2.jpg,b3fb176744a777aeaa1ee03271d45ea8bc3e71d2522c23a3b278b5cceef8f8c0
CLM-000002,validation,Valid Claim,1,data/claim_cards/validation/Valid Claim/CLM-000002_v1.jpg,2163cf1eb249e1cc19661d14ff04fa4973f7f61235fe9799d202d7228ff8c5a3
CLM-000003,train,Valid Claim,1,data/claim_cards/train/Valid Claim/CLM-000003_v1.jpg,7382652bbe5b2317faff1fffa0f1f784de10f01a2f9c5e2a15a91659d7f0f012
CLM-000003,train,Valid Claim,2,data/claim_cards/train/Valid Claim/CLM-000003_v2.jpg,60af5d92b54d16e1fa7ca0612df0662ef18d35f2b4083209e17c0e591c861130
CLM-000004,train,Valid Claim,1,data/claim_cards/train/Valid Claim/CLM-000004_v1.jpg,a6c79a23355c1561749da9bb4fc9305b4e92f2a7a49d92b1d1bb734606abf782
CLM-000004,train,Valid Claim,2,data/claim_cards/train/Valid Claim/CLM-000004_v2.jpg,6633ad9a629787c04b0fd711e62afb6dd02cbc931c7836351882e8991a6bb257
CLM-000005,validation,Valid Claim,1,data/claim_cards/validation/Valid Claim/CLM-000005_v1.jpg,2df7f60a938878d67f2aba6844efb11db4b5feb011b9e65f1472eb1554c8212a
CLM-000006,train,Valid Claim,1,data/claim_cards/train/Valid Claim/CLM-000006_v1.jpg,deb132ce4840c5485c7188f6efba1bbcd33074f7840a5567730a7a0e19dc57b6
CLM-000006,train,Valid Claim,2,data/claim_cards/train/Valid Claim/CLM-000006_v2.jpg,d55e260cc3430525826a1807c1f2b75a23f3d0b7055a4be236efecf9f58a699e
CLM-000007,train,Valid Claim,1,data/claim_cards/train/Valid Claim/CLM-000007_v1.jpg,64aa781f421a61f26aeacea4e6465973c2f9b4f686116e81176cfcd6b410ef51
CLM-000007,train,Valid Claim,2,data/claim_cards/train/Valid Claim/CLM-000007_v2.jpg,0e18ef67eebd84be39ffd0049b3b0d97a81e077a38d65252276f6bfec4a8f3d1
CLM-000008,train,Valid Claim,1,data/claim_cards/train/Valid Claim/CLM-000008_v1.jpg,b2b44593ad25daeebbc3704268bece7d62a5152adc4c5835def9fe6eef6bb596
CLM-000008,train,Valid Claim,2,data/claim_cards/train/Valid Claim/CLM-000008_v2.jpg,99d19f7f9505d1f45f8ed40f7eb1f2cfc27d5e0df9b29090f78cfff866023953
CLM-000009,validation,Valid Claim,1,data/claim_cards/validation/Valid Claim/CLM-000009_v1.jpg,0ef5fc28411b07449cc545fec7b51397aec8a4780a7e9dd32a356edd838a6937
CLM-000010,train,Valid Claim,1,data/claim_cards/train/Valid Claim/CLM-000010_v1.jpg,fc83d468b2ed7aff173cbcbc31b10c905e7806ac8e4991ee615f459c6e14dad6
CLM-000010,train,Valid Claim,2,data/claim_cards/train/Valid Claim/CLM-000010_v2.jpg,d4f197bf2a8044c98b64542a235143e39f6220637541a2fe3fad0bb2441b1652
CLM-000011,train,Valid Claim,1,data/claim_cards/train/Valid Claim/CLM-000011_v1.jpg,f376ac0c95454056774f34e33636a689b0a71b68b97eb3600956a56dce683146
CLM-000011,train,Valid Claim,2,data/claim_cards/train/Valid Claim/CLM-000011_v2.jpg,4cc17e1fd2939d6a07ef51f2eb74063cab1858dd12547a75bcf9139f00b2ecab
CLM-000012,train,Valid Claim,1,data/claim_cards/train/Valid Claim/CLM-000012_v1.jpg,f67a3cf1301515751e168310173b775912f1adb8237300e69b8c7bc5b493dc8d
CLM-000012,train,Valid Claim,2,data/claim_cards/train/Valid Claim/CLM-000012_v2.jpg,c6b404b49829c3dd121813175209f9bf34212284fabbe2d53200801358943ea9
CLM-000013,train,Valid Claim,1,data/claim_cards/train/Valid Claim/CLM-000013_v1.jpg,592bbdb1899a173f9be72de5c262d2f34b9b88db3ecac577cacc566df8f3768b
CLM-000013,train,Valid Claim,2,data/claim_cards/train/Valid Claim/CLM-000013_v2.jpg,c78ac23d624e05a6fc8db850d50cb5bae5769ad5fa380cf1e2ac745383e63b12
CLM-000014,test,Valid Claim,1,data/claim_cards/test/Valid Claim/CLM-000014_v1.jpg,124a64f34e0d964e371a8adec94fbdcddad451e1fed55aa690a498a5cbe0512c
CLM-000015,validation,Valid Claim,1,data/claim_cards/validation/Valid Claim/CLM-000015_v1.jpg,850a3fd17f0123f099855581d9353de9867a373038a025d9b837a01925f3689a
CLM-000016,train,Valid Claim,1,data/claim_cards/train/Valid Claim/CLM-000016_v1.jpg,5ffde024633ecd3c8bcaacc2b59a15b4b9241f9587f3fcb4e96d583c6010772f
CLM-000016,train,Valid Claim,2,data/claim_cards/train/Valid Claim/CLM-000016_v2.jpg,c8cb7680737d93580674aad6289915f71075a05f0753a66e9276c1870e270e7f
CLM-000017,train,Valid Claim,1,data/claim_cards/train/Valid Claim/CLM-000017_v1.jpg,b9e65d9caed49b0b2e5462c37e6c36187a31aec9379011456cc89fb7cb708019
CLM-000017,train,Valid Claim,2,data/claim_cards/train/Valid Claim/CLM-000017_v2.jpg,99dfcdec6e9388056a8e53c52a5fb7cab857febb5fd3adec716c9265b01c56d1
CLM-000018,train,Valid Claim,1,data/claim_cards/train/Valid Claim/CLM-000018_v1.jpg,cc6650093032566116d0bb6fefc7bb25d8c5d3a60ed441fbef20e06e17ce7aee
CLM-000018,train,Valid Claim,2,data/claim_cards/train/Valid Claim/CLM-000018_v2.jpg,c62b98a4c78d66359f55a3f5fb4e64d3541f1640ae2df3c83c31d924fd8fbff6
CLM-000019,train,Valid Claim,1,data/claim_cards/train/Valid Claim/CLM-000019_v1.jpg,67cf4852084d2389874b93f1cf1d253c5e0268bad601d9d2f5f4ad45154e6515
CLM-000019,train,Valid Claim,2,data/claim_cards/train/Valid Claim/CLM-000019_v2.jpg,f5e23daf8a51d809f1468e04a38d70ae37a36e6d22b8bdc01a26236df888c27d
CLM-000020,train,Valid Claim,1,data/claim_cards/train/Valid Claim/CLM-000020_v1.jpg,f50bc31627f903cddad0fe8cd31baeb09372e2aa958eb5488689390ef583d712
CLM-000020,train,Valid Claim,2,data/claim_cards/train/Valid Claim/CLM-000020_v2.jpg,6e1e5f0019622279e8c16d0ced2203178dc222b5c2683ccc6cd960d40eb64670
CLM-000021,test,Valid Claim,1,data/claim_cards/test/Valid Claim/CLM-000021_v1.jpg,e9138a7a213ee228565453dfdaa054eec4083152987762f222172ba4ecfe5b86
CLM-000022,test,Valid Claim,1,data/claim_cards/test/Valid Claim/CLM-000022_v1.jpg,1f0af927afd5e3cf394480c638f9c7340021bb549738405e50d1a94898e211a6
CLM-000023,train,Valid Claim,1,data/claim_cards/train/Valid Claim/CLM-000023_v1.jpg,67d81ca9b965034227ed2ff03fd872064dc6fd782a4317b0bcf853772cf666c5
CLM-000023,train,Valid Claim,2,data/claim_cards/train/Valid Claim/CLM-000023_v2.jpg,5ca4332b918e1d21729ac7070100aea34f26f8f7447cb30f77316c5df277301e
CLM-000024,train,Valid Claim,1,data/claim_cards/train/Valid Claim/CLM-000024_v1.jpg,ad5b94271ae6808559c12243db42a6de6a373f4752021ed6ec6f521c69a4abcb
CLM-000024,train,Valid Claim,2,data/claim_cards/train/Valid Claim/CLM-000024_v2.jpg,a9526d02b9da8d3d3a16b0c66bc63ba2669dbd29f29ac6cd7ad72f752f2d1ffd
CLM-000025,train,Valid Claim,1,data/claim_cards/train/Valid Claim/CLM-000025_v1.jpg,5e33ad9b1ec64fdcc5193c9cac5f978d52b3cba52bd741f5266abad98b3c8e86
CLM-000025,train,Valid Claim,2,data/claim_cards/train/Valid Claim/CLM-000025_v2.jpg,39bd4ce11ab3dd0620e5f098467a68b1eb84557cbb37f69bc7ce467b806a84b1
CLM-000026,train,Valid Claim,1,data/claim_cards/train/Valid Claim/CLM-000026_v1.jpg,99757c7cee821f91191078323ea7750d751525ec76529cae0ea22f82591aec2a
CLM-000026,train,Valid Claim,2,data/claim_cards/train/Valid Claim/CLM-000026_v2.jpg,57aa17903a021f3a12f37e48407f62b16eba52f36015c811cc649035ef4bb7ea
CLM-000027,train,Valid Claim,1,data/claim_cards/train/Valid Claim/CLM-000027_v1.jpg,e084a114a2aa565dae601017dc29e84067cd0d26dfd2763b9020e01869f0375d
CLM-000027,train,Valid Claim,2,data/claim_cards/train/Valid Claim/CLM-000027_v2.jpg,d751cac5bafce10fb4dce1bb128662a4a2287b2cd990ad11fe37ae69b56e7965
CLM-000028,validation,Valid Claim,1,data/claim_cards/validation/Valid Claim/CLM-000028_v1.jpg,b2911b25964052a75387de55bae3baa5cbe8b805fff31debf7f5999675c199ae
CLM-000029,train,Valid Claim,1,data/claim_cards/train/Valid Claim/CLM-000029_v1.jpg,2c8a59d9bc54dc1aa6656706a69ef230626194ecb4d1bfe39d4f5637a31640af
CLM-000029,train,Valid Claim,2,data/claim_cards/train/Valid Claim/CLM-000029_v2.jpg,f2397bd417f948100129b59d89fc8dd3172b1e77b3871635eaabdb6f50759fd0
CLM-000030,train,Valid Claim,1,data/claim_cards/train/Valid Claim/CLM-000030_v1.jpg,03303cc61b3d11a5a84efd7f04e22c6feba79fc6ee526f35d5cc3b5c0675ebd2
CLM-000030,train,Valid Claim,2,data/claim_cards/train/Valid Claim/CLM-000030_v2.jpg,e27baeedf1536e9cf136af5032e6e765342e75e123be032cb46ee29062ee410f
CLM-000031,train,Valid Claim,1,data/claim_cards/train/Valid Claim/CLM-000031_v1.jpg,3be6f3ac676801df0313f9b9df661f0d05d036ef698779180bcfa385aa454eb3
CLM-000031,train,Valid Claim,2,data/claim_cards/train/Valid Claim/CLM-000031_v2.jpg,a8f0424451918a7981dc16d2e9ab70f8fe2a0fe01e07cd1d7c3bf7b82cc1781d
CLM-000032,train,Valid Claim,1,data/claim_cards/train/Valid Claim/CLM-000032_v1.jpg,cdd7610ab102a58f6a3227ece02121515d5f8bdf8ea71b12f7d8716df300f636
CLM-000032,train,Valid Claim,2,data/claim_cards/train/Valid Claim/CLM-000032_v2.jpg,1ca6d30fe2734e6b991c013280dd0ba6ebb6a8bf7fd259eba28aed9a528ba722
CLM-000033,validation,Valid Claim,1,data/claim_cards/validation/Valid Claim/CLM-000033_v1.jpg,96d9a7e25f44366fcb4b05b44fa5da9cd548a72abb441610df0068b9c93d1550
CLM-000034,train,Valid Claim,1,data/claim_cards/train/Valid Claim/CLM-000034_v1.jpg,484d8d46d4fefdcdc971c54e27fbe480ab0a48445ceed869c7776dc69ce51b58
CLM-000034,train,Valid Claim,2,data/claim_cards/train/Valid Claim/CLM-000034_v2.jpg,cb670f6a90227213955a1d51585db688652da7af34f73038b2bc097856215084
CLM-000035,test,Valid Claim,1,data/claim_cards/test/Valid Claim/CLM-000035_v1.jpg,c132276eef5827ee704d2a3ac3ce84d411b7860f41f69ba18e401b55fb402786
CLM-000036,train,Valid Claim,1,data/claim_cards/train/Valid Claim/CLM-000036_v1.jpg,3e9f46ca03a77bb1a60958143256d0d7bdee37f34cf511a6edc7cc46884d94d0
CLM-000036,train,Valid Claim,2,data/claim_cards/train/Valid Claim/CLM-000036_v2.jpg,85e4ee8c01b3a46c3cb7c893e5789d0d333ad1f548ae7be88aeee4c8a74e2f4b
CLM-000037,train,Valid Claim,1,data/claim_cards/train/Valid Claim/CLM-000037_v1.jpg,621c1bce2288aac166f236128d9e36949043410d38e4d2f3137e652b129763d4
CLM-000037,train,Valid Claim,2,data/claim_cards/train/Valid Claim/CLM-000037_v2.jpg,0e996ac2983a918e77a1d032cbc826a20423c217a22be24de08f140790983056
CLM-000038,train,Valid Claim,1,data/claim_cards/train/Valid Claim/CLM-000038_v1.jpg,f8d51a81b1e08cd0c69218fec2f8f83094c138aa308ce785d791acd88bc7b276
CLM-000038,train,Valid Claim,2,data/claim_cards/train/Valid Claim/CLM-000038_v2.jpg,1298a5b5dfd6bf3e104e14ab9a5ab329cdc62a9b8539735366ce70138d772869
CLM-000039,train,Valid Claim,1,data/claim_cards/train/Valid Claim/CLM-000039_v1.jpg,24fab8873026d941da5db9fd35b0e5e2e14f02980a910e1e404b45064442a1b5
CLM-000039,train,Valid Claim,2,data/claim_cards/train/Valid Claim/CLM-000039_v2.jpg,8879ff0b4ded34541fd92f7e0d63ec42acd8be12d07cd8291e31aad2b53e62f1
CLM-000040,train,Valid Claim,1,data/claim_cards/train/Valid Claim/CLM-000040_v1.jpg,2f02a5ef9240562665e1cd91a943a41114719862c5a910a180f844e25a00420d
CLM-000040,train,Valid Claim,2,data/claim_cards/train/Valid Claim/CLM-000040_v2.jpg,5b24d3264e25e7f644a4ea32388f26f23219e0aa1305c791bd60af005122305c
CLM-000041,validation,Valid Claim,1,data/claim_cards/validation/Valid Claim/CLM-000041_v1.jpg,45315915b775636f0a6be5ba51d6a9368f8384889cc81886ee6619e812ca605b
CLM-000042,train,Valid Claim,1,data/claim_cards/train/Valid Claim/CLM-000042_v1.jpg,a7b79c8e37e29d8e9109b9a0c12b3f2a5ffa582a9e76bf0f855bb7182eb4ac2a
CLM-000042,train,Valid Claim,2,data/claim_cards/train/Valid Claim/CLM-000042_v2.jpg,2d24af607899a0e4958db5ca507faed8c4738ea82b211df3aa4453e3dbd1a385
CLM-000043,train,Valid Claim,1,data/claim_cards/train/Valid Claim/CLM-000043_v1.jpg,1bad6e52f6fbf46541ed564f0e68171838d6dfc96295b13d3d7aebbc90557617
CLM-000043,train,Valid Claim,2,data/claim_cards/train/Valid Claim/CLM-000043_v2.jpg,100ce022480b9d607cd44349145ce5c123e23e3c83bd3b7360bfd219ae1f1c20
CLM-000044,validation,Valid Claim,1,data/claim_cards/validation/Valid Claim/CLM-000044_v1.jpg,8115c385c6aaf31aa8c7d90e09cc26d9f78e021038b3022561e7c3299910427a
CLM-000045,train,Valid Claim,1,data/claim_cards/train/Valid Claim/CLM-000045_v1.jpg,90f8d7640a5b02595e71e548a6e6b1ab3699872a4fb2c01ecde5c801bba4757c
CLM-000045,train,Valid Claim,2,data/claim_cards/train/Valid Claim/CLM-000045_v2.jpg,000cccfde43733fa10db5912d9c58d08fc6e4fc08bf05f251948bd7dfca6929d
CLM-000046,train,Valid Claim,1,data/claim_cards/train/Valid Claim/CLM-000046_v1.jpg,46a7c66598245119359df7e67dcd134aec4ea7d076af46536d195c3071b93bb2
CLM-000046,train,Valid Claim,2,data/claim_cards/train/Valid Claim/CLM-000046_v2.jpg,6bf4b0ec05c70f76003c391c38a0d3d3411b981c37e0640868a4143c2b0ab59a
CLM-000047,train,Valid Claim,1,data/claim_cards/train/Valid Claim/CLM-000047_v1.jpg,233092e6a10a482dd3a4267df00b1fa6ac3f8d6b597bdff8514b1e2926c099e0
CLM-000047,train,Valid Claim,2,data/claim_cards/train/Valid Claim/CLM-000047_v2.jpg,6e7e33d42103a89f1bca7f84b1c4bb16f1583504e2ef7c737c301fa27782dbea
CLM-000048,validation,Valid Claim,1,data/claim_cards/validation/Valid Claim/CLM-000048_v1.jpg,b797f690fed43ae93c2e3aa961f7e5680d9e5bf9f2cc1d10bc341e5a981c4634
CLM-000049,test,Valid Claim,1,data/claim_cards/test/Valid Claim/CLM-000049_v1.jpg,e44ef0150b45f7311c032b22831b4d7b170a505e11d5e2d4c389f23a15a24aff
CLM-000050,validation,Valid Claim,1,data/claim_cards/validation/Valid Claim/CLM-000050_v1.jpg,d55126d3789607cefe8eef9838cd26587dac214729d3ad9cbc8bbad0a238daae
CLM-000051,test,Valid Claim,1,data/claim_cards/test/Valid Claim/CLM-000051_v1.jpg,3bacbdba726394a5cb9bf4f14378f9d6a7b681626bcf156b2c71910c10c1d3d9
CLM-000052,train,Valid Claim,1,data/claim_cards/train/Valid Claim/CLM-000052_v1.jpg,38e22caf8fa08318ec8ab58679557ce2a991051c0c2012cb1e4072cf1dce505e
CLM-000052,train,Valid Claim,2,data/claim_cards/train/Valid Claim/CLM-000052_v2.jpg,6122fa21ac1b417362c8c632226274b1678e39b5a5883d7b6b2b62cd5364f070
CLM-000053,test,Valid Claim,1,data/claim_cards/test/Valid Claim/CLM-000053_v1.jpg,46b93647861ee226e45833280351001df53b0d0a0d500c38dea486bde4422f8e
CLM-000054,validation,Valid Claim,1,data/claim_cards/validation/Valid Claim/CLM-000054_v1.jpg,ef1b5db5af02cfb4d69eb666ade853485da33da7ad3c5f50d120d1ca32bfd3cb
CLM-000055,test,Valid Claim,1,data/claim_cards/test/Valid Claim/CLM-000055_v1.jpg,e63b0f2f5de9d623fc9c8452d948c5a82ca308365dab370589e39a9f057bedd6
CLM-000056,train,Valid Claim,1,data/claim_cards/train/Valid Claim/CLM-000056_v1.jpg,bf43a5634c92b47b07ef5eb86890088e0403e94fa6c80561e3076ded88a79105
CLM-000056,train,Valid Claim,2,data/claim_cards/train/Valid Claim/CLM-000056_v2.jpg,02fbf382cc77e2516ba875a2f2d279d30426936a49c8726618832b1a8812172e
CLM-000057,train,Valid Claim,1,data/claim_cards/train/Valid Claim/CLM-000057_v1.jpg,9901c8963cb15a758576787d9df75528012411c9b1dea3d5278c557e01b3a114
CLM-000057,train,Valid Claim,2,data/claim_cards/train/Valid Claim/CLM-000057_v2.jpg,d96ab848001234d8078a5c8315e695db05fccde4ddad2b6bc077257b80e8d5ce
CLM-000058,train,Valid Claim,1,data/claim_cards/train/Valid Claim/CLM-000058_v1.jpg,24618831b5029d37e8a33715db1a0df90b12550b09a11aaeb586a58cc85388b0
CLM-000058,train,Valid Claim,2,data/claim_cards/train/Valid Claim/CLM-000058_v2.jpg,dd59308341a4d9820a447b9ac7ac31a00c8105ce9cee896df5c5abf2eb08edee
CLM-000059,test,Valid Claim,1,data/claim_cards/test/Valid Claim/CLM-000059_v1.jpg,99e4d7c8b86d982676ae91945bb84e3ee5533632ac153186dba3a219b8ad96c5
CLM-000060,train,Valid Claim,1,data/claim_cards/train/Valid Claim/CLM-000060_v1.jpg,88baef74a98b398675aeb35bba8e8395a209648d94ffbe3a48a1af45642fd836
CLM-000060,train,Valid Claim,2,data/claim_cards/train/Valid Claim/CLM-000060_v2.jpg,22c9331d0aecfdeecad90cd6cd047752dac187567aca250dbd3994dc2a03543b
CLM-000061,train,Valid Claim,1,data/claim_cards/train/Valid Claim/CLM-000061_v1.jpg,02beb3ed2a200afd3efa685de04e877a15e9b37c4a6200f9f1b643d3a07118e6
CLM-000061,train,Valid Claim,2,data/claim_cards/train/Valid Claim/CLM-000061_v2.jpg,f86da73043eea1d86e9f267a45db8e70324ece39672667bbe4e5762067c915ca
CLM-000062,validation,Valid Claim,1,data/claim_cards/validation/Valid Claim/CLM-000062_v1.jpg,033268d7d25c29af8e20e5864ea1469370c722f2b303c05cdb4296fb9742d8e3
CLM-000063,validation,Valid Claim,1,data/claim_cards/validation/Valid Claim/CLM-000063_v1.jpg,da6cb14069021d2959b6624c4fa715ea0cc5b8d93b6f93f506ef65e56f6aeea0
CLM-000064,train,Valid Claim,1,data/claim_cards/train/Valid Claim/CLM-000064_v1.jpg,86ddd6bbd87e9991ed676ce8b64482e1ac084dae71f4b47054015728e229c695
CLM-000064,train,Valid Claim,2,data/claim_cards/train/Valid Claim/CLM-000064_v2.jpg,c06606f5e97010701e750ec30bb55915142e047c031bf9d78f095c1de9748bde
CLM-000065,validation,Valid Claim,1,data/claim_cards/validation/Valid Claim/CLM-000065_v1.jpg,d1a493cbc8def160f626638527a844cc389f54ef31fec7b6b9145de650dd60ab
CLM-000066,train,Valid Claim,1,data/claim_cards/train/Valid Claim/CLM-000066_v1.jpg,a1d04265c6ae84393262f69565498421da11a49fc90b74ef65f4f74f8a552e9b
CLM-000066,train,Valid Claim,2,data/claim_cards/train/Valid Claim/CLM-000066_v2.jpg,9cd7213aeedf5a2f9e17acfd5b75b82a39320d0f807837bf5c12f7f2dafc47a7
CLM-000067,train,Valid Claim,1,data/claim_cards/train/Valid Claim/CLM-000067_v1.jpg,47cdcb0b4fa74a5b6a0ff7e64633a34a63013fa38a630d3a05a2dc5dc760179e
CLM-000067,train,Valid Claim,2,data/claim_cards/train/Valid Claim/CLM-000067_v2.jpg,bf6d8ce18da701feb5ddf4448b81c1d8f240b0720db65678dc0c6b106db3fc17
CLM-000068,train,Valid Claim,1,data/claim_cards/train/Valid Claim/CLM-000068_v1.jpg,a58522c52942fb3020c2e8ca9a488127f2926fd8c7cc22119d5fc091c1783b86
CLM-000068,train,Valid Claim,2,data/claim_cards/train/Valid Claim/CLM-000068_v2.jpg,57714bd92c1992512ea163975e5464ab2eaefed9614326872eeaca23cb175696
CLM-000069,train,Valid Claim,1,data/claim_cards/train/Valid Claim/CLM-000069_v1.jpg,85bbfc30e5f0e095ade0463dc5c5ebefc8a7ce510c5af38d021aa0a6ec85c30e
CLM-000069,train,Valid Claim,2,data/claim_cards/train/Valid Claim/CLM-000069_v2.jpg,af14b452287034402a02586f869866396bf898d12ae200fbf4d5e56f04dfc6f6
CLM-000070,train,Valid Claim,1,data/claim_cards/train/Valid Claim/CLM-000070_v1.jpg,fa4b82159223d7a3519583a638f79d57f60bde6f97dacfc69f2084f8e64f67e5
CLM-000070,train,Valid Claim,2,data/claim_cards/train/Valid Claim/CLM-000070_v2.jpg,561229ed50de2b381f746b967899dbd7c6d01614fd93a207e6027c28f23d7e7d
CLM-000071,train,Valid Claim,1,data/claim_cards/train/Valid Claim/CLM-000071_v1.jpg,99f0a3cecbc1e5ced13cd23884ee09240230c52a65de777839ac29937798dff0
CLM-000071,train,Valid Claim,2,data/claim_cards/train/Valid Claim/CLM-000071_v2.jpg,b50263ae0fca19c54209864718e13af386297ec8885db680413cbac5eda6cb83
CLM-000072,test,Valid Claim,1,data/claim_cards/test/Valid Claim/CLM-000072_v1.jpg,28f7315124e7fd2d6ad56fa3d95eb60e6f18336ecaf9038386b4a39076073eef
CLM-000073,train,Valid Claim,1,data/claim_cards/train/Valid Claim/CLM-000073_v1.jpg,0b3498968ec80bf0869ddb8d56425b2ad58c14439f9250e756d823ba5266bc72
CLM-000073,train,Valid Claim,2,data/claim_cards/train/Valid Claim/CLM-000073_v2.jpg,75803540efb809e39dea4380176b328096e87546dff55ee0ae84bcad84920e8d
CLM-000074,train,Valid Claim,1,data/claim_cards/train/Valid Claim/CLM-000074_v1.jpg,78e350940f9e30a8323028afb17b7c7b9183b9e99857d28db0b7f5024fd6b91a
CLM-000074,train,Valid Claim,2,data/claim_cards/train/Valid Claim/CLM-000074_v2.jpg,c3ff5eb20635c9c4b8bb89835329f287281f7ef4935bc736a91c68e0c90ae6a2
CLM-000075,train,Valid Claim,1,data/claim_cards/train/Valid Claim/CLM-000075_v1.jpg,29c50a66da0cd9e10f2db8557c69f576bc2fbc5a52e21ea2d9bdbd45e6c7e866
CLM-000075,train,Valid Claim,2,data/claim_cards/train/Valid Claim/CLM-000075_v2.jpg,0baa64a22c6c0acbf9a053f750178619a089580b7b867ac69235448d3a796814
CLM-000076,train,Valid Claim,1,data/claim_cards/train/Valid Claim/CLM-000076_v1.jpg,df0eee585ed754716a790a212e5dcd9bd6044dfc00d121e7f5f0fe7d76285cd8
CLM-000076,train,Valid Claim,2,data/claim_cards/train/Valid Claim/CLM-000076_v2.jpg,0bee1dc17c6da75a4a43e58824a9df016a729e268a1a35e6ad2ee67e9fc7e9dd
CLM-000077,train,Valid Claim,1,data/claim_cards/train/Valid Claim/CLM-000077_v1.jpg,2c3c8e80b36344d5c89352d3766756aed1743887dfa6cbd46e94dd19ca17c7b6
CLM-000077,train,Valid Claim,2,data/claim_cards/train/Valid Claim/CLM-000077_v2.jpg,3deb335c77f8dd68d76b60f7c5c1ee4bf28b3ee2977203f111cb1f462579dedb
CLM-000078,train,Valid Claim,1,data/claim_cards/train/Valid Claim/CLM-000078_v1.jpg,18d762bd01ec03bdacdc9f57f1c5ba830f2260a1d6ba837f466854d0572eaa7d
CLM-000078,train,Valid Claim,2,data/claim_cards/train/Valid Claim/CLM-000078_v2.jpg,225bfedb2fbb3b501b2ae64a5caefaa971c13a9015551358673e55b61c540496
CLM-000079,train,Valid Claim,1,data/claim_cards/train/Valid Claim/CLM-000079_v1.jpg,d64ce92195ac26a0f6559f82730f88356b9e4c199989f0a42f5b30e7ea521d1f
CLM-000079,train,Valid Claim,2,data/claim_cards/train/Valid Claim/CLM-000079_v2.jpg,0761e5f44e418d68268bbb048ba6d64f2b5a366e160721a8fb20f49bdf17e5a0
CLM-000080,train,Valid Claim,1,data/claim_cards/train/Valid Claim/CLM-000080_v1.jpg,c9bea2b78ac7d71ce5a8a6a9f3f0bef8ad003e74cbf7167558b205f0d76551af
CLM-000080,train,Valid Claim,2,data/claim_cards/train/Valid Claim/CLM-000080_v2.jpg,f669d9e28c58e2e34fd6978787128ff427082f9ac0d19e9c988a2e3d1d1189f4
CLM-000081,test,Valid Claim,1,data/claim_cards/test/Valid Claim/CLM-000081_v1.jpg,2b46664497fc2990bc687e9f7fc3c9ceb9c9377cf4eb284c90dbfd3ec932ed3e
CLM-000082,train,Valid Claim,1,data/claim_cards/train/Valid Claim/CLM-000082_v1.jpg,3679a009a5173b7edc3adcdfffd31598f3047db9abfd5a45bb861c77a54a1ce9
CLM-000082,train,Valid Claim,2,data/claim_cards/train/Valid Claim/CLM-000082_v2.jpg,5142dc66cade6d98667cca2792c1c5493cb3e36ed45ccf89f36bbbda0cdc11e8
CLM-000083,train,Valid Claim,1,data/claim_cards/train/Valid Claim/CLM-000083_v1.jpg,0fa04d19ae4d8ccbb33ff9a0896ca56ff85a6b8057be37b23801e478199a543f
CLM-000083,train,Valid Claim,2,data/claim_cards/train/Valid Claim/CLM-000083_v2.jpg,e35d58724fda4b043100c61c944d1497e521527c439310f544de828cfe57d145
CLM-000084,train,Valid Claim,1,data/claim_cards/train/Valid Claim/CLM-000084_v1.jpg,091942ab54a0ad5a4eb1d819027161b858aeeb37e3ecb545407f49a896bdda28
CLM-000084,train,Valid Claim,2,data/claim_cards/train/Valid Claim/CLM-000084_v2.jpg,298f2e3a8bc89e6fba6ff30b839216bd5bb9e0e7799e2189945056952e4e784c
CLM-000085,train,Valid Claim,1,data/claim_cards/train/Valid Claim/CLM-000085_v1.jpg,1e9ca376bb74dcb464bcc7bc2e34868d692e3884df28faa81651a7a057d1ea63
CLM-000085,train,Valid Claim,2,data/claim_cards/train/Valid Claim/CLM-000085_v2.jpg,3be57add6200ab3636dd6f60956087ab9eb67bce4c82861fbe2f39853f839086
CLM-000086,train,Valid Claim,1,data/claim_cards/train/Valid Claim/CLM-000086_v1.jpg,04add9013a35adf404d6fc1b1b1139b8cafa8c0e998f021b34b7bcb9b30c7a03
CLM-000086,train,Valid Claim,2,data/claim_cards/train/Valid Claim/CLM-000086_v2.jpg,63e8213cc35e49cfc22e616651a91c9543b4284b92e988dc005ef60b6c486277
CLM-000087,train,Valid Claim,1,data/claim_cards/train/Valid Claim/CLM-000087_v1.jpg,2fb60d2646e6ee00e566de148d083cc5bd06de671068c89c38013335a81027d7
CLM-000087,train,Valid Claim,2,data/claim_cards/train/Valid Claim/CLM-000087_v2.jpg,5292ec7e77f5cbe596d51b3c4037ff66c1fc1c77022522303fddad0dcc115856
CLM-000088,test,Valid Claim,1,data/claim_cards/test/Valid Claim/CLM-000088_v1.jpg,4430aa27525f4c1daeefcf3b22fcf7aa369a8be561bbe709b6bc50ce479d5f03
CLM-000089,test,Valid Claim,1,data/claim_cards/test/Valid Claim/CLM-000089_v1.jpg,5618a7f99708d7012916a75e9e1ab7a15f7df862fd785994daa8b6150f3401ab
CLM-000090,train,Valid Claim,1,data/claim_cards/train/Valid Claim/CLM-000090_v1.jpg,d8d60a532a89810b9ad9f0923dcf8198f21fc9df1346e8ecbd194aefaac51059
CLM-000090,train,Valid Claim,2,data/claim_cards/train/Valid Claim/CLM-000090_v2.jpg,2ea59f2526556ad0cee016369f1b9494ab53ed82ae7e9d22f9505911ba021fe4
CLM-000091,train,Valid Claim,1,data/claim_cards/train/Valid Claim/CLM-000091_v1.jpg,7b24ad016144864c7fa5976de4c368c1025517c1a69f00f514166306bfca2ea3
CLM-000091,train,Valid Claim,2,data/claim_cards/train/Valid Claim/CLM-000091_v2.jpg,3ccd498a594c0643cf14f4a1680d0e22028bcce8d3b07e8f2df420cf68528ccd
CLM-000092,test,Valid Claim,1,data/claim_cards/test/Valid Claim/CLM-000092_v1.jpg,3f2b8653446e6e00cc3b9ae374f7e0367548fa075bab9ce30dfed555bbb5d60a
CLM-000093,train,Valid Claim,1,data/claim_cards/train/Valid Claim/CLM-000093_v1.jpg,ac4a824832633706a51717ac5af02793067142e37c28251ddbcd5d62899a39a6
CLM-000093,train,Valid Claim,2,data/claim_cards/train/Valid Claim/CLM-000093_v2.jpg,fbe834fac40f6e192a3f8e1ba7582ec8eb79c1807f0878473624e0ca51442aeb
CLM-000094,train,Valid Claim,1,data/claim_cards/train/Valid Claim/CLM-000094_v1.jpg,a1d798cd4dfe87332f7d4d278448922dbf5cb4cb35a3c7d9370ca0dbdc2db3c9
CLM-000094,train,Valid Claim,2,data/claim_cards/train/Valid Claim/CLM-000094_v2.jpg,5ea04d3730c262898ca3cbc9a3268a5b5b55071b8c677a6ac5b2e7201ec009dc
CLM-000095,train,Valid Claim,1,data/claim_cards/train/Valid Claim/CLM-000095_v1.jpg,91383cca967f1298951f885e5c48b0b6e83fc22581885dba573a60ed2963ffa4
CLM-000095,train,Valid Claim,2,data/claim_cards/train/Valid Claim/CLM-000095_v2.jpg,a36ff9d72cea3b181bae72cb7d2a65d46757129cd8a971e82e25fcee19b38afb
CLM-000096,train,Valid Claim,1,data/claim_cards/train/Valid Claim/CLM-000096_v1.jpg,c3933b3590c6d8fbddc9ba281d7f36da99cf79fd091f166e39330a1c4fb79026
CLM-000096,train,Valid Claim,2,data/claim_cards/train/Valid Claim/CLM-000096_v2.jpg,d277a8d42ceb4db383ba10bc375b425fee2e94348f5cc865e2e3297c0be33bed
CLM-000097,train,Valid Claim,1,data/claim_cards/train/Valid Claim/CLM-000097_v1.jpg,a4062c2c450b99af7286de90893380c302d0dfc0e33385b70ed0d5e98c5de4ff
CLM-000097,train,Valid Claim,2,data/claim_cards/train/Valid Claim/CLM-000097_v2.jpg,8909468cbeaa168b2bd94e5117087ee0e8274d1542cc92bf5719ae5ed9766255
CLM-000098,train,Valid Claim,1,data/claim_cards/train/Valid Claim/CLM-000098_v1.jpg,1e8deb72e74f384877e8f55384f5a78579635b12b4c4ff2d846e9be163434904
CLM-000098,train,Valid Claim,2,data/claim_cards/train/Valid Claim/CLM-000098_v2.jpg,59f1ff281447784feaee840bb5e7f4c8455709ce18632dc194f0eb85601b978a
CLM-000099,validation,Valid Claim,1,data/claim_cards/validation/Valid Claim/CLM-000099_v1.jpg,39b5a1b75385c9d6bdd5cf6a6b758f5bc369ac9a359837b260e35f6e2743614d
CLM-000100,test,Valid Claim,1,data/claim_cards/test/Valid Claim/CLM-000100_v1.jpg,762ec99c944e643af24a69878f0394f2413a1e2c013d8a462ca77254411b2aa2
CLM-000101,validation,Valid Claim,1,data/claim_cards/validation/Valid Claim/CLM-000101_v1.jpg,d11a9a92c5d94057df751cd09dca8093d35b857c09e0ac2064f788d602091a8b
CLM-000102,train,Valid Claim,1,data/claim_cards/train/Valid Claim/CLM-000102_v1.jpg,ef51919b33ff8c7012aa50a6aa19f19a0235936a45214224f60e9fcfc82c0a62
CLM-000102,train,Valid Claim,2,data/claim_cards/train/Valid Claim/CLM-000102_v2.jpg,8530379ab1c944cf77370b3e96670c06257590abdc531e745f3450bb988924dd
CLM-000103,test,Valid Claim,1,data/claim_cards/test/Valid Claim/CLM-000103_v1.jpg,b203c53cf7e5d17c26b9010408e5de5ad64884d5629450899871c8b53a734f1b
CLM-000104,train,Valid Claim,1,data/claim_cards/train/Valid Claim/CLM-000104_v1.jpg,56d77cc7d427591509db612293c0d3b2ab6f51bb771ccb245cbff44c9e8cde1a
CLM-000104,train,Valid Claim,2,data/claim_cards/train/Valid Claim/CLM-000104_v2.jpg,0e289b809121604b008aa81cd5d07ebbe39af48798dfbd1928a5f285fba0f1d1
CLM-000105,train,Valid Claim,1,data/claim_cards/train/Valid Claim/CLM-000105_v1.jpg,5671f3e7c9ef3c2ab6c49fc5ce71e9da9ccef77d71d44c85beca915958267f5c
CLM-000105,train,Valid Claim,2,data/claim_cards/train/Valid Claim/CLM-000105_v2.jpg,9cc0518d3b029942fae1aae4d5eb5fbbd007f92845c2b917da1eb13102a0946e
CLM-000106,validation,Valid Claim,1,data/claim_cards/validation/Valid Claim/CLM-000106_v1.jpg,0734fb6971918f2f256d34dfbda4b5399769daef7925885da0eab1bc11855037
CLM-000107,test,Valid Claim,1,data/claim_cards/test/Valid Claim/CLM-000107_v1.jpg,41d5f901220c65d5ac4a284dbb9aa717cdf6d0af0d04ff39ec2d32f940ca8302
CLM-000108,train,Valid Claim,1,data/claim_cards/train/Valid Claim/CLM-000108_v1.jpg,523f84eeeed59b3f847cb8e68be86e95d96dd17701238dfc3a6f107b5171b696
CLM-000108,train,Valid Claim,2,data/claim_cards/train/Valid Claim/CLM-000108_v2.jpg,b881c7c4a06f4b65564c8b7fc707eadcc685d5fba3308bc77e0ad8d9cbe0cf88
CLM-000109,train,Valid Claim,1,data/claim_cards/train/Valid Claim/CLM-000109_v1.jpg,3b1f790d8f0299213908e7eb701c1fae71998dca02340b58e6dfed98df616a6d
CLM-000109,train,Valid Claim,2,data/claim_cards/train/Valid Claim/CLM-000109_v2.jpg,529d12437b8a615d6f3afc144025f86c524c90e547d89340ab2c6ba3c968759d
CLM-000110,train,Valid Claim,1,data/claim_cards/train/Valid Claim/CLM-000110_v1.jpg,9db9c425a3619a15a4c456c63ab08e75ca108eca3b9eb3ef5cc1a7455a1d5234
CLM-000110,train,Valid Claim,2,data/claim_cards/train/Valid Claim/CLM-000110_v2.jpg,86ee7db3ab24d1f0a48c4ba0eae76569e5813945411d35e2a895b41e20585e07
CLM-000111,train,Valid Claim,1,data/claim_cards/train/Valid Claim/CLM-000111_v1.jpg,77a56dae7c0db06b620e39e8caf34a68ddc0e6d9439770634aee2dabbd4b8826
CLM-000111,train,Valid Claim,2,data/claim_cards/train/Valid Claim/CLM-000111_v2.jpg,6b1cfd3a18cc4ceb343070ed0837549aa6a06cf70baf9d8d4289731de7ace25b
CLM-000112,train,Valid Claim,1,data/claim_cards/train/Valid Claim/CLM-000112_v1.jpg,edb92549a9098e08837e6d3a89d92ca4b7d40e93b6f355ba4f7bdcd5860d5f0a
CLM-000112,train,Valid Claim,2,data/claim_cards/train/Valid Claim/CLM-000112_v2.jpg,c93f563d70c0e172ae9680d5fccf7481b69e302c5b7437eea079b6e202079dd2
CLM-000113,train,Valid Claim,1,data/claim_cards/train/Valid Claim/CLM-000113_v1.jpg,91f4063b8873cb47b4f1cb341fbe08e198297222829883548a56ae0d19b2b8ae
CLM-000113,train,Valid Claim,2,data/claim_cards/train/Valid Claim/CLM-000113_v2.jpg,fc9950473fdbf03dcf1587cadcd960f47eb21aa59c10fbcbaee311a41bf9fa2f
CLM-000114,train,Valid Claim,1,data/claim_cards/train/Valid Claim/CLM-000114_v1.jpg,d27be9d138da1ae0954965dc2be171b7c03d5b686f75e92bab25f28c8f8bc589
CLM-000114,train,Valid Claim,2,data/claim_cards/train/Valid Claim/CLM-000114_v2.jpg,b051e5236218669744f640762f1193a34c9ee71aa52469d707c040a456b9d987
CLM-000115,train,Valid Claim,1,data/claim_cards/train/Valid Claim/CLM-000115_v1.jpg,f47d4acdd7ad1cf46e1c4113667c5955390f64da65aff3eef1a111a848c711e6
CLM-000115,train,Valid Claim,2,data/claim_cards/train/Valid Claim/CLM-000115_v2.jpg,0ea45d5af5b7c30908c653d02f8d2bc7c4fc4560de6c3d7fdab99ab2f8bfe2dc
CLM-000116,train,Valid Claim,1,data/claim_cards/train/Valid Claim/CLM-000116_v1.jpg,d307463cc59a0c96654fc41d62a18f2257b24415f4a3d79ae9cff73f6012b985
CLM-000116,train,Valid Claim,2,data/claim_cards/train/Valid Claim/CLM-000116_v2.jpg,449c6ecc11eaf828956e96497430e18c4a4a89b72bc38fdcda35afd2f4f123f4
CLM-000117,train,Valid Claim,1,data/claim_cards/train/Valid Claim/CLM-000117_v1.jpg,2a0a873374612cbcc7cb9efeb5385fd64588e344f6920032be993315a821eef1
CLM-000117,train,Valid Claim,2,data/claim_cards/train/Valid Claim/CLM-000117_v2.jpg,2fbcd80ea33fb619c424912cff14b2255dd4d7693126dec426c630db1c45b9ba
CLM-000118,train,Valid Claim,1,data/claim_cards/train/Valid Claim/CLM-000118_v1.jpg,0d5cf253bb597963585a8e7c83835991e88578b2c5cf2522086e94af9307b7f3
CLM-000118,train,Valid Claim,2,data/claim_cards/train/Valid Claim/CLM-000118_v2.jpg,6e60f572da2d17c8fd034fa12dc7dc52f58f9e83caa195c066395e21b6722bf2
CLM-000119,train,Valid Claim,1,data/claim_cards/train/Valid Claim/CLM-000119_v1.jpg,ec16c69fe1732760c20d7366404e7564cddf7dfc87345b1a2d3e4523fe98d7e6
CLM-000119,train,Valid Claim,2,data/claim_cards/train/Valid Claim/CLM-000119_v2.jpg,1b4eb83cf8340cee98065a9924765909c794116d96dca9009f6c85351f03fe5b
CLM-000120,train,Valid Claim,1,data/claim_cards/train/Valid Claim/CLM-000120_v1.jpg,5de80531406f2cdf266665ba7a282b88606d6c7e1ad27c5f0b1aa4f3ef65c41e
CLM-000120,train,Valid Claim,2,data/claim_cards/train/Valid Claim/CLM-000120_v2.jpg,1def0e110f276ae560bb0e44127210ba8ec171aabeddb8fe834abe6d21bdda97
CLM-000121,train,Valid Claim,1,data/claim_cards/train/Valid Claim/CLM-000121_v1.jpg,0069585a84185a4f9faa7539af57f0468021bb32e06dcb2e239e7c02e096e697
CLM-000121,train,Valid Claim,2,data/claim_cards/train/Valid Claim/CLM-000121_v2.jpg,8094a4255ea436ddc37b598fbccf76412917597b23484212b2d0d04336837e02
CLM-000122,test,Valid Claim,1,data/claim_cards/test/Valid Claim/CLM-000122_v1.jpg,b42faf7ab77703bc4a7544f8454d1b310b6233b399b5117efd919a06a79c4623
CLM-000123,train,Valid Claim,1,data/claim_cards/train/Valid Claim/CLM-000123_v1.jpg,53a080f3fa5f9ec54aef34a47fc82906274d51db8f65604a2d3bfc1066648f2b
CLM-000123,train,Valid Claim,2,data/claim_cards/train/Valid Claim/CLM-000123_v2.jpg,79218c4aebd6cd09ccc663791914ed6fb409b43d8fad815c7bab6a9c8c42e2ad
CLM-000124,train,Valid Claim,1,data/claim_cards/train/Valid Claim/CLM-000124_v1.jpg,ed763949c7337758c67da87a1cba05392535b231ed82073f246e9dca55052619
CLM-000124,train,Valid Claim,2,data/claim_cards/train/Valid Claim/CLM-000124_v2.jpg,1688f161e0d2f9ebb7c01dc167f15474c63e34b766242e11db6c39ee3f109c77
CLM-000125,train,Valid Claim,1,data/claim_cards/train/Valid Claim/CLM-000125_v1.jpg,45c5d24a1f82d8cd930ab9dc6c4620da13a84836981af84c1429a373e63ec428
CLM-000125,train,Valid Claim,2,data/claim_cards/train/Valid Claim/CLM-000125_v2.jpg,856b9e291443b5eefbe8f8ae663dd7e751b367ad6c420b7c983aa516de452bdd
CLM-000126,train,Valid Claim,1,data/claim_cards/train/Valid Claim/CLM-000126_v1.jpg,118da9a2a05ded0bd3117c6556c38b3e933a1154187bc36723316e27474e27ff
CLM-000126,train,Valid Claim,2,data/claim_cards/train/Valid Claim/CLM-000126_v2.jpg,2c85217033ca1c567c6c121b9d8305da1803af7e142d9d2f9104bc3c509b0aa8
CLM-000127,train,Valid Claim,1,data/claim_cards/train/Valid Claim/CLM-000127_v1.jpg,2572fc1ab15f103b6c170bcb9bcf3d6c71816d391fbdb0c1084b2d017ea67b44
CLM-000127,train,Valid Claim,2,data/claim_cards/train/Valid Claim/CLM-000127_v2.jpg,7dcdfa9f885069f52266ecf9f24b4789dd6d053feec110b9a36da19e500b3ad5
CLM-000128,train,Valid Claim,1,data/claim_cards/train/Valid Claim/CLM-000128_v1.jpg,b818901312a5dc19ae56133d9ea1120ef572bcffa1f8f5e745cd58f834c97c1b
CLM-000128,train,Valid Claim,2,data/claim_cards/train/Valid Claim/CLM-000128_v2.jpg,3d8beb04a37d4eb695444ad45b4e74fcd02b63c31f72c2500e1a7adc1e5078d7
CLM-000129,validation,Valid Claim,1,data/claim_cards/validation/Valid Claim/CLM-000129_v1.jpg,6fabdb8575a6a77d3c60d9bd2ca7a00122c99cd66e3e785cc5fd2ba7880b7d8b
CLM-000130,train,Valid Claim,1,data/claim_cards/train/Valid Claim/CLM-000130_v1.jpg,e98621ba53b20f4d837885d5ff68c36f44c03751f6daea2f5297486d8f4374e3
CLM-000130,train,Valid Claim,2,data/claim_cards/train/Valid Claim/CLM-000130_v2.jpg,a4566d686b4e51c8d456821000db0ee47bfd2d11fa7d67c4a0fbca43fb8214a7
CLM-000131,test,Valid Claim,1,data/claim_cards/test/Valid Claim/CLM-000131_v1.jpg,51aaaf57c5d65bd057ee23795e0a55dfdaac69ec9fa06c4c46b178c8a202a0f4
CLM-000132,train,Valid Claim,1,data/claim_cards/train/Valid Claim/CLM-000132_v1.jpg,b4a40a193041a7fd1e960d231de7e575047ed7a71956daffc361c8de34ffb8ab
CLM-000132,train,Valid Claim,2,data/claim_cards/train/Valid Claim/CLM-000132_v2.jpg,7fe9f6cc863e225c850c6a1017053df861e2e88eda3aa0c8d5ab84577bcb567a
CLM-000133,train,Valid Claim,1,data/claim_cards/train/Valid Claim/CLM-000133_v1.jpg,bca6f78b122bac0bc32895f6144438a51cfea5a995f3b4ec87c5d9e545852b8d
CLM-000133,train,Valid Claim,2,data/claim_cards/train/Valid Claim/CLM-000133_v2.jpg,2ce772f88e92268a700c496e0d8ea9942fb9ecb39b76cbba12a4f257dc422cd2
CLM-000134,train,Valid Claim,1,data/claim_cards/train/Valid Claim/CLM-000134_v1.jpg,540c3ff73a44f52f41aab30f92a6393e7bbd82c5e4ee2af85ddd02d6a9bf88ad
CLM-000134,train,Valid Claim,2,data/claim_cards/train/Valid Claim/CLM-000134_v2.jpg,5734258988cba606eb483963f43b73bb30c156673277010a8cad050d6c9717d9
CLM-000135,test,Valid Claim,1,data/claim_cards/test/Valid Claim/CLM-000135_v1.jpg,c812ee2daf3e2ba47932474207ffdd0777f04b0dcb6e2a7301b9d3942c748349
CLM-000136,validation,Valid Claim,1,data/claim_cards/validation/Valid Claim/CLM-000136_v1.jpg,624d92369257f2efa10be22f957850216c6465910dec4c44562c804164d15068
CLM-000137,train,Valid Claim,1,data/claim_cards/train/Valid Claim/CLM-000137_v1.jpg,e5b3757a5ff49c8c206bf0b5ec8a58790f44ed505e3700e00d78db642ed9d177
CLM-000137,train,Valid Claim,2,data/claim_cards/train/Valid Claim/CLM-000137_v2.jpg,19e45d3bf865f23bc9949f6b4c12a645565327294ac75a206a8e78d058969441
CLM-000138,train,Valid Claim,1,data/claim_cards/train/Valid Claim/CLM-000138_v1.jpg,99adf7b83ef50828ebb6c5dc36981356f56aaedd5f95b45851c77f6ea59c1df9
CLM-000138,train,Valid Claim,2,data/claim_cards/train/Valid Claim/CLM-000138_v2.jpg,12dc1a6ac2a70d83d9e5b31257195baba33f533fbd211f7f64ca8dad3633d9b6
CLM-000139,validation,Valid Claim,1,data/claim_cards/validation/Valid Claim/CLM-000139_v1.jpg,c70d9160f8adfac290ef2e05142e2e53d7c3a09b5499dd11a475ab5ff7e1d606
CLM-000140,train,Valid Claim,1,data/claim_cards/train/Valid Claim/CLM-000140_v1.jpg,6b6e3c3e1df32465d29569f916233010c6c81d3fe29e935488bbde46846234d8
CLM-000140,train,Valid Claim,2,data/claim_cards/train/Valid Claim/CLM-000140_v2.jpg,e1e006966415158bc115cee82231f06a77f1b0d0740288a6dae0e92ddc366f6b
CLM-000141,train,Valid Claim,1,data/claim_cards/train/Valid Claim/CLM-000141_v1.jpg,b10cc8a161010a3441e5002268dfde4eda985d2d58d83d6d2cf1bdc04eb5c0b6
CLM-000141,train,Valid Claim,2,data/claim_cards/train/Valid Claim/CLM-000141_v2.jpg,e58f78c478422892ef8d2429c6ff693eae0e0929d963511923ac588963f5f7f3
CLM-000142,train,Valid Claim,1,data/claim_cards/train/Valid Claim/CLM-000142_v1.jpg,84f05d5317aad8595397f16b4864fa40a654a2341374426553a2c94962ab7a8c
CLM-000142,train,Valid Claim,2,data/claim_cards/train/Valid Claim/CLM-000142_v2.jpg,c38e0a9d5e018134873585a247cd7904879a21d529dab775caaf00ad97454ac8
CLM-000143,train,Valid Claim,1,data/claim_cards/train/Valid Claim/CLM-000143_v1.jpg,281fa6259e7a2f39215fef47c7466c34ce455119d832a1a323dcfda998e4a71d
CLM-000143,train,Valid Claim,2,data/claim_cards/train/Valid Claim/CLM-000143_v2.jpg,e3455575b5e826b77a2e5b566ecdcbab6fa37c5754cdc8ba70e83edd750f902d
CLM-000144,train,Valid Claim,1,data/claim_cards/train/Valid Claim/CLM-000144_v1.jpg,81b9136afba56e951d5996c9dd8c2fd184a1b5a4727920aff97d16f1e3ae9bb0
CLM-000144,train,Valid Claim,2,data/claim_cards/train/Valid Claim/CLM-000144_v2.jpg,67087928762c1d2be38abb8cebf4324ee7b71617307c0ced9414981f669ddec1
CLM-000145,train,Valid Claim,1,data/claim_cards/train/Valid Claim/CLM-000145_v1.jpg,f71ed4f37d746e074131b93ef3909f9b39f7c93561b4f076821fab87839a7991
CLM-000145,train,Valid Claim,2,data/claim_cards/train/Valid Claim/CLM-000145_v2.jpg,57b4f744911e2f114961652895b10e975004bac850c1a90f7efbe82961af8e49
CLM-000146,train,Valid Claim,1,data/claim_cards/train/Valid Claim/CLM-000146_v1.jpg,c99e19f71e28970b5509d3a86eab183f41bdb208904dbbbdfe6cfe123f5284e6
CLM-000146,train,Valid Claim,2,data/claim_cards/train/Valid Claim/CLM-000146_v2.jpg,bc1c323bfd2c3db8dee71414962cd784d41666ace3fadede4d2ebc9a0d860466
CLM-000147,train,Valid Claim,1,data/claim_cards/train/Valid Claim/CLM-000147_v1.jpg,0906a1443fd814958f3298c68f0d1d0f266ef63bf02094907b4e1bb5c86e2b0e
CLM-000147,train,Valid Claim,2,data/claim_cards/train/Valid Claim/CLM-000147_v2.jpg,35234d5fc7236f2d69f9f0e7c2326f1275edf4ba99ed8f92333301168ec23a77
CLM-000148,train,Valid Claim,1,data/claim_cards/train/Valid Claim/CLM-000148_v1.jpg,698e7665bccc9e4a664cd16653cefab18ce6c2e86d6469b0d776fa81c9799c6b
CLM-000148,train,Valid Claim,2,data/claim_cards/train/Valid Claim/CLM-000148_v2.jpg,77a15c02aac1d0cc8f601c6113dc75c8788dfeeb770bffde3bfc8f44b0a7affd
CLM-000149,train,Valid Claim,1,data/claim_cards/train/Valid Claim/CLM-000149_v1.jpg,424844a6dc4cc07a318e48329c95a13079587bf27d5838c692a7a3f9b60760e2
CLM-000149,train,Valid Claim,2,data/claim_cards/train/Valid Claim/CLM-000149_v2.jpg,080b8f445587df455dcfc9c089b5f0c22800c4612013d9245e86d5db39386b16
CLM-000150,test,Valid Claim,1,data/claim_cards/test/Valid Claim/CLM-000150_v1.jpg,f97ad4dd1dbdc36abfd740d439b665367b4339f03d403d6b6e07e8d284127860
CLM-000151,train,Valid Claim,1,data/claim_cards/train/Valid Claim/CLM-000151_v1.jpg,3e99b2ffed82f7105b34ae5b4b2a5a06506f53baf7bceaac0df8d2a6d7fa56e5
CLM-000151,train,Valid Claim,2,data/claim_cards/train/Valid Claim/CLM-000151_v2.jpg,5938f07f771d93bd16cf3ff06dab5f7db1dd322cca5ca156bca0712bc5f929fd
CLM-000152,test,Valid Claim,1,data/claim_cards/test/Valid Claim/CLM-000152_v1.jpg,a4c52cba55c7b8f02b4df037fb759bc0bdd94749f59bb7c0d7c7afd2ebd1b87c
CLM-000153,train,Valid Claim,1,data/claim_cards/train/Valid Claim/CLM-000153_v1.jpg,182b9450ba68f72703863a25d69483923ebca05b7539d12eda2243c0bb4a0ade
CLM-000153,train,Valid Claim,2,data/claim_cards/train/Valid Claim/CLM-000153_v2.jpg,26625c718a236eb2900bbcdc4b82893c5b98ec8d30cace1c6559cec6ecd01f69
CLM-000154,train,Valid Claim,1,data/claim_cards/train/Valid Claim/CLM-000154_v1.jpg,048840a443157c87ffca12f4acfa9b69588b34c3d4746f97ac69f68861b8f8ca
CLM-000154,train,Valid Claim,2,data/claim_cards/train/Valid Claim/CLM-000154_v2.jpg,37387760297a744047110d7be6a1fc68c86749b88bfd205e61a6afc0bbb68ca9
CLM-000155,train,Valid Claim,1,data/claim_cards/train/Valid Claim/CLM-000155_v1.jpg,e5a8f31f024e547411b333c1b2bb810a2b202d4728e083e588321048ec4f4cb7
CLM-000155,train,Valid Claim,2,data/claim_cards/train/Valid Claim/CLM-000155_v2.jpg,6de53618ecfd530bcc5613694e428b8b5fa34ebb829c3897faef2009ad739ba4
CLM-000156,train,Valid Claim,1,data/claim_cards/train/Valid Claim/CLM-000156_v1.jpg,b45423cad6b62d21d7eb23294601fa72dfe39eaa1862f4af78ecfc6335f17c1b
CLM-000156,train,Valid Claim,2,data/claim_cards/train/Valid Claim/CLM-000156_v2.jpg,7089f42bb255effb530dad5eb7b771e24cee5ccc7d145269023a401de6c496f2
CLM-000157,validation,Valid Claim,1,data/claim_cards/validation/Valid Claim/CLM-000157_v1.jpg,32526721fbcad44f010d7aca47fe01d3247488ae25f08659c8aeb2bd00b3dd07
CLM-000158,train,Valid Claim,1,data/claim_cards/train/Valid Claim/CLM-000158_v1.jpg,9521ee3dcd0273c0bb88127e6dad5608cbcfa9ed5e7c4dbb2e2193e68e52e760
CLM-000158,train,Valid Claim,2,data/claim_cards/train/Valid Claim/CLM-000158_v2.jpg,95d2bf2b12d57de6aa6ece34d0f9b5980eaa4d6c6276e99b53c8ad351f676b9b
CLM-000159,train,Valid Claim,1,data/claim_cards/train/Valid Claim/CLM-000159_v1.jpg,e08287f5ea311e1fcc7d676444897370b00a3179423f0c10844732a4b865faa3
CLM-000159,train,Valid Claim,2,data/claim_cards/train/Valid Claim/CLM-000159_v2.jpg,41d6d3ab0138c6972beb14420fe807e13f27d6211f5833c59fdff21532cc9ce0
CLM-000160,train,Valid Claim,1,data/claim_cards/train/Valid Claim/CLM-000160_v1.jpg,ddf57a3de823bd97dbd167a4e6355af06334c7d8809e3c6eaad83cfd0decc391
CLM-000160,train,Valid Claim,2,data/claim_cards/train/Valid Claim/CLM-000160_v2.jpg,f9f98aa98d01c17c7aba6f9cc9e362f660116f42a8b94a5a3388cb831ba90d3d
CLM-000161,test,Valid Claim,1,data/claim_cards/test/Valid Claim/CLM-000161_v1.jpg,58ff34cefb66ad083536b69033e364323c6d49852d55be5bfd7383a5d16443ca
CLM-000162,validation,Valid Claim,1,data/claim_cards/validation/Valid Claim/CLM-000162_v1.jpg,6aaafd59a17772fa870362983d95b040f3daa8175c08c93ccad9ac707edded76
CLM-000163,validation,Valid Claim,1,data/claim_cards/validation/Valid Claim/CLM-000163_v1.jpg,d4731b51204dd1c4ca1bd616d523fa2042598d5b6cc533a4ffd14b6fd4846c5c
CLM-000164,train,Valid Claim,1,data/claim_cards/train/Valid Claim/CLM-000164_v1.jpg,7878c2b03b2191bac637f3822663814c99772c156db1d0b5ca832170073cf320
CLM-000164,train,Valid Claim,2,data/claim_cards/train/Valid Claim/CLM-000164_v2.jpg,91ab62e5d08b8a27360ccc83fd7f3a18a90717577eb350a4d826233522acee59
CLM-000165,train,Valid Claim,1,data/claim_cards/train/Valid Claim/CLM-000165_v1.jpg,99d2b4073632bfbeb68b8bf698595e9354deae11a6d9de99a2049df83e197edc
CLM-000165,train,Valid Claim,2,data/claim_cards/train/Valid Claim/CLM-000165_v2.jpg,d2e4fca12eede1880a69eb2fdedd15112cc6d57bc903518adf09ad6aecddbde9
CLM-000166,train,Valid Claim,1,data/claim_cards/train/Valid Claim/CLM-000166_v1.jpg,bfa0a762eca090fc79e51e87b48cddc03b657b3b5d632a30d7a9becbd6d4bb92
CLM-000166,train,Valid Claim,2,data/claim_cards/train/Valid Claim/CLM-000166_v2.jpg,fb45e31879da54f98b16a937cddd611f52e6aaf719ab2f7cc3c7c970b4c1a013
CLM-000167,test,Valid Claim,1,data/claim_cards/test/Valid Claim/CLM-000167_v1.jpg,27e43e6c0828c211eaddf1df6ab12c693f2cfd1aa50cf5d8819ac309e1a1a831
CLM-000168,train,Valid Claim,1,data/claim_cards/train/Valid Claim/CLM-000168_v1.jpg,7b3ee82bc99c414c370f5ecd860862b21f187df2e3b8169f9d37de6aa3ff75e5
CLM-000168,train,Valid Claim,2,data/claim_cards/train/Valid Claim/CLM-000168_v2.jpg,6ea6fc7c9b1693ac29b61a9b375f53756dc4236e83ad6b1a711a9bf830971bae
CLM-000169,train,Valid Claim,1,data/claim_cards/train/Valid Claim/CLM-000169_v1.jpg,47e385443c22be97d10f3d65bc86621bdae1c059b5df3665b3953baeb2e3f8fc
CLM-000169,train,Valid Claim,2,data/claim_cards/train/Valid Claim/CLM-000169_v2.jpg,dc831b344797e19eebf24ee2c42d963b20d67d380c5ab572404e42f0204d7107
CLM-000170,test,Valid Claim,1,data/claim_cards/test/Valid Claim/CLM-000170_v1.jpg,cd1895272d8dddf7f4c207a49c73a07a48dc14851a47cdc56659a977ea9870d8
CLM-000171,train,Valid Claim,1,data/claim_cards/train/Valid Claim/CLM-000171_v1.jpg,6d55e3c46ac4cb9237ae9e579f1f507d820f4ac8bc891084c1092acdfeb527eb
CLM-000171,train,Valid Claim,2,data/claim_cards/train/Valid Claim/CLM-000171_v2.jpg,062ec41fdf7c2d82615798699417bfce792d12bf8da09afa32274be58ca5346b
CLM-000172,validation,Valid Claim,1,data/claim_cards/validation/Valid Claim/CLM-000172_v1.jpg,b63fe2b0aeabac3886e190520e6319b64ce94dc6fafafce0f19cb760fad110ab
CLM-000173,train,Valid Claim,1,data/claim_cards/train/Valid Claim/CLM-000173_v1.jpg,a8945a9cc8711db02d6b184872d8ca32c34ca635f16ef4d398e0a8d719bfe3aa
CLM-000173,train,Valid Claim,2,data/claim_cards/train/Valid Claim/CLM-000173_v2.jpg,6dcbfd585e86cf15a9ba4a105d784661933ce79f72b10ae2d83aa2633520b7ac
CLM-000174,train,Valid Claim,1,data/claim_cards/train/Valid Claim/CLM-000174_v1.jpg,02202acbe763836f2e671c246d43558def24683d0c5b03f6c0c2729c3a66dc33
CLM-000174,train,Valid Claim,2,data/claim_cards/train/Valid Claim/CLM-000174_v2.jpg,ee2c41fc60f7c9572ce2ee081d05f0a34784ed1d7398f20738636573d962f07a
CLM-000175,test,Valid Claim,1,data/claim_cards/test/Valid Claim/CLM-000175_v1.jpg,4975e79cbe89b683e5514f9f44515d98fff1d9eceb5790937910bc31550db126
CLM-000176,train,Valid Claim,1,data/claim_cards/train/Valid Claim/CLM-000176_v1.jpg,ba60963ab7d57631d32b7c03a6ffa22509949601a08b4ac52ce1ce642eedd54b
CLM-000176,train,Valid Claim,2,data/claim_cards/train/Valid Claim/CLM-000176_v2.jpg,39cc8f284f6cbc3a826f6472fa85f19434e8804e8ba00e579fa5615e3e5fac5f
CLM-000177,train,Valid Claim,1,data/claim_cards/train/Valid Claim/CLM-000177_v1.jpg,8141691656cfc8f743473ffce3ff2b7d1bbb80fcb6089b9ae3af2d6e3639d70e
CLM-000177,train,Valid Claim,2,data/claim_cards/train/Valid Claim/CLM-000177_v2.jpg,c39bf1ef4ffba5975cfc9fcee994392628160c3f26d7a71697a45da517b0a168
CLM-000178,train,Valid Claim,1,data/claim_cards/train/Valid Claim/CLM-000178_v1.jpg,396289a5673ae083720328094c9d3b0edeffdd9e6013796cac049b5ee4335b8a
CLM-000178,train,Valid Claim,2,data/claim_cards/train/Valid Claim/CLM-000178_v2.jpg,077173147e0ad08229fdddc85bc4dc51a57805f7d1e1ab860361381bdf440621
CLM-000179,train,Valid Claim,1,data/claim_cards/train/Valid Claim/CLM-000179_v1.jpg,573a593aa744508c73e432018bb710754e1a184dd6fa69c12d46688b28480013
CLM-000179,train,Valid Claim,2,data/claim_cards/train/Valid Claim/CLM-000179_v2.jpg,24e2248adcc72111752e62bbee9178c62dcc5efce75bb2dd1d51e9f165a0297a
CLM-000180,train,Valid Claim,1,data/claim_cards/train/Valid Claim/CLM-000180_v1.jpg,56fdcbad7d689c69826fd96beb180b58410926da99b3cd92d424e8e5bdc22731
CLM-000180,train,Valid Claim,2,data/claim_cards/train/Valid Claim/CLM-000180_v2.jpg,03d26b38d10bbacddaea4585aee5c324b1aea27b461dc81ad5fcb645ae076720
CLM-000181,train,Valid Claim,1,data/claim_cards/train/Valid Claim/CLM-000181_v1.jpg,bb7b76bba68d012152dc4ed3b915b25c5e206eff12dcb9a8400e7133d8b0003e
CLM-000181,train,Valid Claim,2,data/claim_cards/train/Valid Claim/CLM-000181_v2.jpg,4ddb3d52f0f8131b00eba59c06608acd5de3e2f98bf151336000740faf470153
CLM-000182,train,Valid Claim,1,data/claim_cards/train/Valid Claim/CLM-000182_v1.jpg,e473edc64d50788aca4b6d1cfe9066071c59d903f7b6e657ed9c9783acaac46e
CLM-000182,train,Valid Claim,2,data/claim_cards/train/Valid Claim/CLM-000182_v2.jpg,27bc32b41ab70cf87e78f22c1f58c237dfe7d0a3af1a8ffd2520a5d1aee77991
CLM-000183,train,Valid Claim,1,data/claim_cards/train/Valid Claim/CLM-000183_v1.jpg,8578a05cee0226a2ab294f923293176926f78953c664c86783a79667df39b09f
CLM-000183,train,Valid Claim,2,data/claim_cards/train/Valid Claim/CLM-000183_v2.jpg,4b08109295b3c78ade03ed24fd97bdb8b240a4d6c003eeae5a261c809b046f62
CLM-000184,train,Valid Claim,1,data/claim_cards/train/Valid Claim/CLM-000184_v1.jpg,86d3223743096be756f5eb15a37aa18beb2ca12b8bf99d7752074b8c7c4b5212
CLM-000184,train,Valid Claim,2,data/claim_cards/train/Valid Claim/CLM-000184_v2.jpg,1a07ca9ad57bbaf38281330a1b29f39ea6c6ca6af356a2dce55d94fd915cac9e
CLM-000185,train,Valid Claim,1,data/claim_cards/train/Valid Claim/CLM-000185_v1.jpg,f3d6abc256870c806f9351471a3e745b609db42b31fa90f0026cc747134b90a5
CLM-000185,train,Valid Claim,2,data/claim_cards/train/Valid Claim/CLM-000185_v2.jpg,966fa830ba2fbc61d499255dee0e4e919012f2060cfea56f6111e1616f04278b
CLM-000186,train,Valid Claim,1,data/claim_cards/train/Valid Claim/CLM-000186_v1.jpg,bf4cf761eff2e3b45e8475b2af9d67269c140b65db9b099fcb96eb76bb0e78bc
CLM-000186,train,Valid Claim,2,data/claim_cards/train/Valid Claim/CLM-000186_v2.jpg,a6dd16d3ca59a53ad3fa379a7652cb7fab1db2888a7eb665dab8e8a79390b46d
CLM-000187,train,Valid Claim,1,data/claim_cards/train/Valid Claim/CLM-000187_v1.jpg,96af646c2fcf18fffb6d908bc52da7406ccc8447c14f6312df82a34f569b919f
CLM-000187,train,Valid Claim,2,data/claim_cards/train/Valid Claim/CLM-000187_v2.jpg,9b68bc8cbd33b411fd259981f40cc0376fc9ed7e78f9f4a66fc5824b3ea23784
CLM-000188,test,Valid Claim,1,data/claim_cards/test/Valid Claim/CLM-000188_v1.jpg,c97ed2d0835f7ab365706bbfed6aa9ff1bb3c7ff17570979333b5ae7d055cacd
CLM-000189,test,Valid Claim,1,data/claim_cards/test/Valid Claim/CLM-000189_v1.jpg,8a339cb3e956162156745a4b1fc8d277db528ee27b35199b2bcb17baf3762ab6
CLM-000190,test,Valid Claim,1,data/claim_cards/test/Valid Claim/CLM-000190_v1.jpg,be723d291087b26553dd709e4642f142734e4fc03b5e551c577640e044b6bab7
CLM-000191,validation,Valid Claim,1,data/claim_cards/validation/Valid Claim/CLM-000191_v1.jpg,b8f60dda5d8a2e5e892192c0e7325b00af940b726590c9f678a069d85c586a76
CLM-000192,test,Valid Claim,1,data/claim_cards/test/Valid Claim/CLM-000192_v1.jpg,4be6b0a7c1ec07756c9468e15ef0e4ee619bd63da367359ce7f95c186be6db5c
CLM-000193,train,Valid Claim,1,data/claim_cards/train/Valid Claim/CLM-000193_v1.jpg,69a5c23cbeb86cfed8972cc45b7330d77bc1d5e93267b08a4d92c15170ca5574
CLM-000193,train,Valid Claim,2,data/claim_cards/train/Valid Claim/CLM-000193_v2.jpg,eccd73de704178d197ca969c3cc2e298f1036fe044e45e355d831b2727101b5d
CLM-000194,train,Valid Claim,1,data/claim_cards/train/Valid Claim/CLM-000194_v1.jpg,c48c0496d7487026fff9a56ecc41cf1e439e40802a8dad15ed3e491056bc759d
CLM-000194,train,Valid Claim,2,data/claim_cards/train/Valid Claim/CLM-000194_v2.jpg,5ed1605af9ad4738237b139aec1349c8b89339a7d10d94a6f13c3b8d587334aa
CLM-000195,train,Valid Claim,1,data/claim_cards/train/Valid Claim/CLM-000195_v1.jpg,75f32bad0a0fa38cdf57c585eba97b39bccfea3f43b511e1a21c69d8c149441b
CLM-000195,train,Valid Claim,2,data/claim_cards/train/Valid Claim/CLM-000195_v2.jpg,29345a62777614f42391944fd2c7cbbec968fc950802af1c1261a966aadd2af8
CLM-000196,train,Valid Claim,1,data/claim_cards/train/Valid Claim/CLM-000196_v1.jpg,6311f8d8a9940573ad8f50e0c415ba09ac52d2b5421a75690b356c444a91ba08
CLM-000196,train,Valid Claim,2,data/claim_cards/train/Valid Claim/CLM-000196_v2.jpg,237d1ac6f06e9a5b549c8e6d95e3ecdbb64e384192b2e64b6421a029b3e5f5fa
CLM-000197,train,Valid Claim,1,data/claim_cards/train/Valid Claim/CLM-000197_v1.jpg,38edf7cc5ad934d7fc717eb956b4ca5ac09fb3d69a22a540e127e37ea6ab3489
CLM-000197,train,Valid Claim,2,data/claim_cards/train/Valid Claim/CLM-000197_v2.jpg,5eabf90e18402bbc3038a84ae3e6a571f6968e984967afb5456dee5877fa3e2d
CLM-000198,train,Valid Claim,1,data/claim_cards/train/Valid Claim/CLM-000198_v1.jpg,a547c08d354c7ac50de57575a1e7a222e9d5fdacdd2bd4383bf7208769524a8d
CLM-000198,train,Valid Claim,2,data/claim_cards/train/Valid Claim/CLM-000198_v2.jpg,5d58fe75af8064aa0042ed1d92cceb62db115ffcbcecfac13849606171afcbf9
CLM-000199,train,Valid Claim,1,data/claim_cards/train/Valid Claim/CLM-000199_v1.jpg,b4520ac23917b3a2cfbcf2535450a3b6ed30f94cb40cc5b6428cf0515a53aa29
CLM-000199,train,Valid Claim,2,data/claim_cards/train/Valid Claim/CLM-000199_v2.jpg,f13ebdc7047110d6dd265ac9f5ebdf1ee75eb2e428d4591a5544ce56f8b6d93c
CLM-000200,train,Valid Claim,1,data/claim_cards/train/Valid Claim/CLM-000200_v1.jpg,8851616565fb0c7975f952b5910f722c8824e31b59ed988113187944161dce7f
CLM-000200,train,Valid Claim,2,data/claim_cards/train/Valid Claim/CLM-000200_v2.jpg,7ec08665f5e6ce14353e47e34c351ce256bdb8dd6c7ab60766660a2a8438cbca
CLM-000201,validation,Valid Claim,1,data/claim_cards/validation/Valid Claim/CLM-000201_v1.jpg,66060c1c7f0e1cb4e9d46007e71cd343b8684d62ad7b178fdf0f058eedcc5db8
CLM-000202,validation,Valid Claim,1,data/claim_cards/validation/Valid Claim/CLM-000202_v1.jpg,e3fafee29e19d5d5844216d580832d3b688b015da3cc3fee7c94f90003509fba
CLM-000203,train,Valid Claim,1,data/claim_cards/train/Valid Claim/CLM-000203_v1.jpg,30173bc4e19504bb72db4b6db142f10e8eb799b420e0f08dd92810e31a508688
CLM-000203,train,Valid Claim,2,data/claim_cards/train/Valid Claim/CLM-000203_v2.jpg,7ce4564073aeb672bf4807550881d12040ec38a78f5e0bffa0035a9c0d49c015
CLM-000204,train,Valid Claim,1,data/claim_cards/train/Valid Claim/CLM-000204_v1.jpg,678f9ce8ce580dc56862024367e2a1f4a39aa5e524135f9841f2b892867170ab
CLM-000204,train,Valid Claim,2,data/claim_cards/train/Valid Claim/CLM-000204_v2.jpg,08c6a11ac3e415416ebe2a59fa5d6efb97d8b0f0de0662b7d420779207a0ac0c
CLM-000205,train,Valid Claim,1,data/claim_cards/train/Valid Claim/CLM-000205_v1.jpg,5fd896f923f159ea629e9db8966e065db4d74722941c17257451e61ce4ff11f8
CLM-000205,train,Valid Claim,2,data/claim_cards/train/Valid Claim/CLM-000205_v2.jpg,1cfd3c3cd6e85965dbca3b861a55f2d49cc7c612723126d1a34600229c2206e3
CLM-000206,test,Valid Claim,1,data/claim_cards/test/Valid Claim/CLM-000206_v1.jpg,958467f19a08e001f170ec6e399adb79b52408a27c2b06d8fc731d5d4f308192
CLM-000207,train,Valid Claim,1,data/claim_cards/train/Valid Claim/CLM-000207_v1.jpg,7137423edd114668cec4bdca6dc6f2799937883f17e205e3d0daf84767974c18
CLM-000207,train,Valid Claim,2,data/claim_cards/train/Valid Claim/CLM-000207_v2.jpg,9405ae0c1c822d37fed15e1600f4b167fcf52a9d13dc3dbbab44265fa05910ea
CLM-000208,validation,Valid Claim,1,data/claim_cards/validation/Valid Claim/CLM-000208_v1.jpg,f79b5d19d03e6a1ee0c1a460b00711896bc44c13a6d06cccf742344de09120bf
CLM-000209,train,Valid Claim,1,data/claim_cards/train/Valid Claim/CLM-000209_v1.jpg,9eb9c0b270004cb698c35bfa194f74c49b3a3fafcda152c9127c84e6e9fb080e
CLM-000209,train,Valid Claim,2,data/claim_cards/train/Valid Claim/CLM-000209_v2.jpg,bb755afa3a9836e65b45a3d6c77d08ead9c1dc7d99fd87e6cabca6c7217849c4
CLM-000210,train,Valid Claim,1,data/claim_cards/train/Valid Claim/CLM-000210_v1.jpg,34b66f397410dc7738844b464e6e13972e81709d8db4ead20d23ece39119b315
CLM-000210,train,Valid Claim,2,data/claim_cards/train/Valid Claim/CLM-000210_v2.jpg,fe291164a9072882df0f68da6c28d811b2b6b94092cb3ba43ef4cbd3d88bc7ed
CLM-000211,train,Valid Claim,1,data/claim_cards/train/Valid Claim/CLM-000211_v1.jpg,7f5e38f0445892d2cb43fd756a20c1fa65de7346e6d7f73a677bc6b9e514d23f
CLM-000211,train,Valid Claim,2,data/claim_cards/train/Valid Claim/CLM-000211_v2.jpg,3c8733f1c161db467ff701e2a0c53318dfec9d04c9626f5ab32263c7917b2eed
CLM-000212,train,Valid Claim,1,data/claim_cards/train/Valid Claim/CLM-000212_v1.jpg,9178e8ee4687222940c52de2c3c8de74162b6a52391ecf5facbc187bd7488c66
CLM-000212,train,Valid Claim,2,data/claim_cards/train/Valid Claim/CLM-000212_v2.jpg,5447112b30f86c872216ccb13913ccd00688e6c4af2b21c4bb35fcac5b7eaf58
CLM-000213,validation,Valid Claim,1,data/claim_cards/validation/Valid Claim/CLM-000213_v1.jpg,38023348fd4fe0afc7a453dc06f9f47f09ea6cfd54bc15b5e6dfde24a499b288
CLM-000214,validation,Valid Claim,1,data/claim_cards/validation/Valid Claim/CLM-000214_v1.jpg,a049e69f90c21ee43843e83766ae62ac571cd8f4f3cc736d78efdebab704a712
CLM-000215,test,Valid Claim,1,data/claim_cards/test/Valid Claim/CLM-000215_v1.jpg,753bf040155fd9e65ae350f18589b753d883500a0e783fc736ce9d9743b88356
CLM-000216,validation,Valid Claim,1,data/claim_cards/validation/Valid Claim/CLM-000216_v1.jpg,d54dfd20a7ca9f9897b8c74f42a5a054dac36ec9bfe2df6b10f5ddb1b86e69fb
CLM-000217,validation,Valid Claim,1,data/claim_cards/validation/Valid Claim/CLM-000217_v1.jpg,29ee30a2c331502012c41235873a30a7c1f69b82e29609582061cdc449624a4c
CLM-000218,validation,Valid Claim,1,data/claim_cards/validation/Valid Claim/CLM-000218_v1.jpg,7f437efc89955628b3d586e12a7e964d1539f6e3d7855d6a6119d1d8f0b95d68
CLM-000219,train,Valid Claim,1,data/claim_cards/train/Valid Claim/CLM-000219_v1.jpg,2b511ccc46221769f274d8bb3d713ed5b0c9c47e00fd97b8e51ee1cfbbe9985b
CLM-000219,train,Valid Claim,2,data/claim_cards/train/Valid Claim/CLM-000219_v2.jpg,0fb366ac7773af05928a72f07a31ba0521448bba2e171f38baad90be4ea23afe
CLM-000220,train,Valid Claim,1,data/claim_cards/train/Valid Claim/CLM-000220_v1.jpg,def9757671b770d89f008c6f5a2af426d1bf41ea301f46ce76b95bceeb8dcf57
CLM-000220,train,Valid Claim,2,data/claim_cards/train/Valid Claim/CLM-000220_v2.jpg,02bd11db159f9aa57ab113a116da1a8ea322ec914dc441ff597930fc0aa09c8d
CLM-000221,train,Valid Claim,1,data/claim_cards/train/Valid Claim/CLM-000221_v1.jpg,eec40747a1aee308eb697b3029e3d7133075f745b935e48bc9f1ac21e828ca69
CLM-000221,train,Valid Claim,2,data/claim_cards/train/Valid Claim/CLM-000221_v2.jpg,c6fa1826bf7e910e86f2efafd6db2b35f33cc26958ce2449e91eadba7efe2b81
CLM-000222,train,Valid Claim,1,data/claim_cards/train/Valid Claim/CLM-000222_v1.jpg,e103b05ad08c3ed4a442dad8a1e6d1f8c1fab5887cce3477db4de19e52eccfe9
CLM-000222,train,Valid Claim,2,data/claim_cards/train/Valid Claim/CLM-000222_v2.jpg,465dde389ffce3ec9a6793adf269d9710e9d9f1803e34fd4cba1b01a6d04157b
CLM-000223,train,Valid Claim,1,data/claim_cards/train/Valid Claim/CLM-000223_v1.jpg,f65686824d6bbdb5da259e9fe316b062de3cf90ca11191fa15e9fdb54d08a935
CLM-000223,train,Valid Claim,2,data/claim_cards/train/Valid Claim/CLM-000223_v2.jpg,b3433cfe7dfe967620d8a5f9de129a4b5ed263bbaf45e00e454dad6c4918b75a
CLM-000224,train,Valid Claim,1,data/claim_cards/train/Valid Claim/CLM-000224_v1.jpg,271c4b73cdfc787153f5f9c3f8c25731a7bd5ecda9ba0d010d816fed530ed4b2
CLM-000224,train,Valid Claim,2,data/claim_cards/train/Valid Claim/CLM-000224_v2.jpg,fb877f6c5d3be08864b4b63e89b82891e72c9ac7204303d5d5f774656a0734b4
CLM-000225,train,Valid Claim,1,data/claim_cards/train/Valid Claim/CLM-000225_v1.jpg,a25d545653a5fae4c3368dcc0b7dbd6d538ce779be6023e9ef01bffa5438a93e
CLM-000225,train,Valid Claim,2,data/claim_cards/train/Valid Claim/CLM-000225_v2.jpg,dde59e11332453813bbeec393e2489d4b9d3f70f0ec07c40f684e44c39e249d3
CLM-000226,train,Valid Claim,1,data/claim_cards/train/Valid Claim/CLM-000226_v1.jpg,54683154c87d403f4a27a8e83923c2a278e6a68628da43a2d2dbe1102af19d12
CLM-000226,train,Valid Claim,2,data/claim_cards/train/Valid Claim/CLM-000226_v2.jpg,ad2f39b38eba6ff4419d5ae797e53974545bff5f4099c62cfbbf3396d1424905
CLM-000227,validation,Valid Claim,1,data/claim_cards/validation/Valid Claim/CLM-000227_v1.jpg,c09c4de4922b7b8691f16bdc0b8d81b28043eb1e7d04ee5dcbe81c065b4c9aed
CLM-000228,train,Valid Claim,1,data/claim_cards/train/Valid Claim/CLM-000228_v1.jpg,61f2d477acc65b1a175050423f083907c62fe321ae770e6e3a3855218484cf14
CLM-000228,train,Valid Claim,2,data/claim_cards/train/Valid Claim/CLM-000228_v2.jpg,a1e854a6d8c48fec274fff2f657bb5d9a974a0f39ab584f03f8eb6cc39f53892
CLM-000229,train,Valid Claim,1,data/claim_cards/train/Valid Claim/CLM-000229_v1.jpg,38ed1c96f3ca514ecd03d90c98c15e4a9c614cda2465922bd2939c39113f29da
CLM-000229,train,Valid Claim,2,data/claim_cards/train/Valid Claim/CLM-000229_v2.jpg,4fb55e8fa26cd6d0b675231ea4ceb61e6e2ffa18a7414ec5de7078972ec421f6
CLM-000230,train,Valid Claim,1,data/claim_cards/train/Valid Claim/CLM-000230_v1.jpg,039bba20cf2a346542c60ff8d1bc39ba4ee8155d0ee025b1af3817839b8f5daa
CLM-000230,train,Valid Claim,2,data/claim_cards/train/Valid Claim/CLM-000230_v2.jpg,7512b4b99b671fcca939952a1aa055461a800e5a39918df4d01ae76ddf74632e
CLM-000231,validation,Valid Claim,1,data/claim_cards/validation/Valid Claim/CLM-000231_v1.jpg,f0dbb01d81af9c3ef0b94bd12d10138a96012396aebd4058166bf545c07acd9a
CLM-000232,train,Valid Claim,1,data/claim_cards/train/Valid Claim/CLM-000232_v1.jpg,a9b5d2c9ee4cc7e52d98372ad71d37b2cc8528d1ad4c28323ec7042c755263c9
CLM-000232,train,Valid Claim,2,data/claim_cards/train/Valid Claim/CLM-000232_v2.jpg,eb1ebfe8dae28ee3fd5f06af968a73d7cc8981fb73fb9578d7b586f01a5b45e5
CLM-000233,train,Valid Claim,1,data/claim_cards/train/Valid Claim/CLM-000233_v1.jpg,4b2c2dd19a960a8372d7deee2031269d3db588aca4eb72d1982a6b2067c1eecb
CLM-000233,train,Valid Claim,2,data/claim_cards/train/Valid Claim/CLM-000233_v2.jpg,6fb416d2f287cb45977832844ec1710859867d86f7f73dc4030d73f2e9c3273f
CLM-000234,train,Valid Claim,1,data/claim_cards/train/Valid Claim/CLM-000234_v1.jpg,b3a1d4fef4e5da6c539843d13136ecf94b2b549322ca3dc6d840cc0c1766f057
CLM-000234,train,Valid Claim,2,data/claim_cards/train/Valid Claim/CLM-000234_v2.jpg,f34146ac6cf4fec8bdeef177a637e716405cbc9dbdc0a66261abdd64c45fa556
CLM-000235,train,Valid Claim,1,data/claim_cards/train/Valid Claim/CLM-000235_v1.jpg,a86308969f55762687f3f154cd2bf44a9872bf7e235e157de24d1ac471c4d713
CLM-000235,train,Valid Claim,2,data/claim_cards/train/Valid Claim/CLM-000235_v2.jpg,5866cf24e2d9874f7c7d7d50dfcc893f419a4fc119cba9762ce460dc26ae7b20
CLM-000236,test,Valid Claim,1,data/claim_cards/test/Valid Claim/CLM-000236_v1.jpg,13c2c7a906e6a2c854dcf0c1a31da9945782a166d09e85b94b5ff74fbc720cd2
CLM-000237,validation,Valid Claim,1,data/claim_cards/validation/Valid Claim/CLM-000237_v1.jpg,d5b17fb8e319a6e1540ca0ebf06ded55584845ac3531d31f524b502fb5439c7f
CLM-000238,train,Valid Claim,1,data/claim_cards/train/Valid Claim/CLM-000238_v1.jpg,13fa8f0662d928141067c2293b3cc7fe7fa2016a24f01bdb1334a283a2a765b5
CLM-000238,train,Valid Claim,2,data/claim_cards/train/Valid Claim/CLM-000238_v2.jpg,a90737ce42594f44c3d9ffc2b315d3a976eacbef884868d75e7c3ae6858220bc
CLM-000239,train,Valid Claim,1,data/claim_cards/train/Valid Claim/CLM-000239_v1.jpg,4144aa2b8d36153b11d4da9940e90709a36c5972e7a7999b13a255153211d91c
CLM-000239,train,Valid Claim,2,data/claim_cards/train/Valid Claim/CLM-000239_v2.jpg,0baceefac16d4d3d0e6eb45e806b9dd9e43066a4df3791915cef65059f1dfeac
CLM-000240,train,Valid Claim,1,data/claim_cards/train/Valid Claim/CLM-000240_v1.jpg,c3792c4176d4e0858bc39dae74fbe9d7111dfe699d65e6c2ddaecfb3d46e382d
CLM-000240,train,Valid Claim,2,data/claim_cards/train/Valid Claim/CLM-000240_v2.jpg,b76ee4ce6f78653dfad81ea3ac8d778fb58031b91932b9456c7ed50f59b24c8f
CLM-000241,train,Valid Claim,1,data/claim_cards/train/Valid Claim/CLM-000241_v1.jpg,c1658f8d0461c299779ad8364fcdfa5f2c66b1ad0dbd302b18cbf6f11e26443b
CLM-000241,train,Valid Claim,2,data/claim_cards/train/Valid Claim/CLM-000241_v2.jpg,6aa3c773b9e97c4b9ec7825f66f1c7858d9d50ca4114cc55624f3cd476d64b33
CLM-000242,test,Valid Claim,1,data/claim_cards/test/Valid Claim/CLM-000242_v1.jpg,14c143352569ef7cb4e07aa15ee92e5880607fd62dfc847960808681b4571d4d
CLM-000243,train,Valid Claim,1,data/claim_cards/train/Valid Claim/CLM-000243_v1.jpg,c9a63f42aad1273203d00ad9a6954820793103a2d711936278087a8c0788dfec
CLM-000243,train,Valid Claim,2,data/claim_cards/train/Valid Claim/CLM-000243_v2.jpg,67c57da441c123e9002d828fd48e8f3830f3f54e083baaf5eba968572d40ccca
CLM-000244,test,Valid Claim,1,data/claim_cards/test/Valid Claim/CLM-000244_v1.jpg,7b0bbdb3a1ad92b965eabc65efc7ecbacfacb0efc6f880217bd016d7c21c0b56
CLM-000245,train,Valid Claim,1,data/claim_cards/train/Valid Claim/CLM-000245_v1.jpg,a1bc16c205859d1458575a8007c0c007462aad7b8dc0e84428b92c1566c77357
CLM-000245,train,Valid Claim,2,data/claim_cards/train/Valid Claim/CLM-000245_v2.jpg,8f36dd1879c12efb70aa706a91c4b528ddd4a9b83e303ee7b2a700260cffd48d
CLM-000246,train,Valid Claim,1,data/claim_cards/train/Valid Claim/CLM-000246_v1.jpg,fc3e5362c9b03633e315a7d350acb0a1dcbd16a74398ea27889f1b6037f3e6da
CLM-000246,train,Valid Claim,2,data/claim_cards/train/Valid Claim/CLM-000246_v2.jpg,cedeeb51360a19378e10288dad104bda81014ba7dfe71a80552d17d16fb326d9
CLM-000247,train,Valid Claim,1,data/claim_cards/train/Valid Claim/CLM-000247_v1.jpg,cefc6ab0156706302ed14dcaa77e31040bc438ccdbaab04cae9da279bcec38d8
CLM-000247,train,Valid Claim,2,data/claim_cards/train/Valid Claim/CLM-000247_v2.jpg,f2e966053fbb8ad45ec4d0d6c88a54e4900e451d75debff4c9a14f734efd7569
CLM-000248,train,Valid Claim,1,data/claim_cards/train/Valid Claim/CLM-000248_v1.jpg,2025fe9618135c85d82ae79b1f2c8e234376800251d5bd92b556f13072457fa2
CLM-000248,train,Valid Claim,2,data/claim_cards/train/Valid Claim/CLM-000248_v2.jpg,e9e3036619d8f1f47f6e41356e627f09344ac0ad4806b017f8f29ebeadd296ed
CLM-000249,train,Valid Claim,1,data/claim_cards/train/Valid Claim/CLM-000249_v1.jpg,92ecd7b3eed54adb94e0f7ceeb8265cdccbe807312382849bb476a12a17c36cf
CLM-000249,train,Valid Claim,2,data/claim_cards/train/Valid Claim/CLM-000249_v2.jpg,c83f789cc52d8a32547fe31a59790e88cb66c7b321e89cd10014810df1f2d903
CLM-000250,train,Valid Claim,1,data/claim_cards/train/Valid Claim/CLM-000250_v1.jpg,3c6249b39fdc2395a45c05d632bbfc8e91a390903aad7d8f484788b44fd10e5a
CLM-000250,train,Valid Claim,2,data/claim_cards/train/Valid Claim/CLM-000250_v2.jpg,a0de09f6ed52667fff3e120ad6f3c8c55018d743505d43139a90526456d955a6
CLM-000251,train,Valid Claim,1,data/claim_cards/train/Valid Claim/CLM-000251_v1.jpg,7a5e5b97d0f524f76530707e39070ffdf51312dfb1761f1e288fc8254595602a
CLM-000251,train,Valid Claim,2,data/claim_cards/train/Valid Claim/CLM-000251_v2.jpg,6d0e8941f1bd2e21e4fe34cf05ac0afa51c08a81b262f1ac7f3dc96194fc0fc5
CLM-000252,validation,Valid Claim,1,data/claim_cards/validation/Valid Claim/CLM-000252_v1.jpg,a1de088500e181a700ea0316b1d03124e00b5bf8a2cb6fd4272395d796a26267
CLM-000253,test,Valid Claim,1,data/claim_cards/test/Valid Claim/CLM-000253_v1.jpg,2f719ce7ec20bfb6e4c04d4cb16552fb8b9c44c1e555c4469bf89f8afbb3864c
CLM-000254,train,Valid Claim,1,data/claim_cards/train/Valid Claim/CLM-000254_v1.jpg,220ef935939ebfa6908c2acfec0b854a793455b099648b622dfd4e3f4dbb7df3
CLM-000254,train,Valid Claim,2,data/claim_cards/train/Valid Claim/CLM-000254_v2.jpg,754ecc776acd2ba3c78301da5243939271cc68cbfe8a115530b6348c2b6f898b
CLM-000255,validation,Valid Claim,1,data/claim_cards/validation/Valid Claim/CLM-000255_v1.jpg,65b3f085de1b501df757dd1724ead51582491234b434734d010b211048d93bae
CLM-000256,train,Valid Claim,1,data/claim_cards/train/Valid Claim/CLM-000256_v1.jpg,6abee961530f2d61ce8684ca379aec53ba53a5f321bfcd5e33835047083a26d0
CLM-000256,train,Valid Claim,2,data/claim_cards/train/Valid Claim/CLM-000256_v2.jpg,fe4f3b90b5727fd7185408a914c1f57bd539b089d2a22e51ea1e29454e1fabaf
CLM-000257,validation,Valid Claim,1,data/claim_cards/validation/Valid Claim/CLM-000257_v1.jpg,6fc8d9094570f723eb73bf42b6ace166d54b7295f81efe8692b4de67ca3406e1
CLM-000258,test,Valid Claim,1,data/claim_cards/test/Valid Claim/CLM-000258_v1.jpg,020f036f78795d4fa95d0cb448f1d4c0d97b6c1c3765e98500e8fa0cc4d63f86
CLM-000259,train,Valid Claim,1,data/claim_cards/train/Valid Claim/CLM-000259_v1.jpg,340dfdc5ed4604c5075ce5fffb8cf0a2dacd437183ab0f9ef16df65aef87f1e7
CLM-000259,train,Valid Claim,2,data/claim_cards/train/Valid Claim/CLM-000259_v2.jpg,21a28c02d91a6c883952dbabb51763bc8e5d7d4e556d0eed2cf2d57bc3f6003b
CLM-000260,validation,Valid Claim,1,data/claim_cards/validation/Valid Claim/CLM-000260_v1.jpg,cbabc616d99eec6e7663ccd51f4ceea68137fada0c3fc418b7caf006f96e6b13
CLM-000261,validation,Valid Claim,1,data/claim_cards/validation/Valid Claim/CLM-000261_v1.jpg,cdc7e6b23fc6d0750f0157249beb053df2cd877f6206edc22e475e4cbe432c3f
CLM-000262,train,Valid Claim,1,data/claim_cards/train/Valid Claim/CLM-000262_v1.jpg,394f01c76cb3116d0455d844e64c55179b02cc477be0da4f331cac5203952d89
CLM-000262,train,Valid Claim,2,data/claim_cards/train/Valid Claim/CLM-000262_v2.jpg,6d354dd288df4f409d15846233afcb0dc74b6e98a114abd9ecb0be0cea33fbae
CLM-000263,train,Valid Claim,1,data/claim_cards/train/Valid Claim/CLM-000263_v1.jpg,9c8d9f3daa418754c229f14815ad62eb51040be6c34be436cd80d15c9cec3974
CLM-000263,train,Valid Claim,2,data/claim_cards/train/Valid Claim/CLM-000263_v2.jpg,fae09762a3c536f3e09b3309add7e6208eccdd5b482b07280bae0a045839640e
CLM-000264,test,Valid Claim,1,data/claim_cards/test/Valid Claim/CLM-000264_v1.jpg,91035b0251d9c703136f1e1acecd19944e110726148cc57294da2a58d4742e7d
CLM-000265,test,Valid Claim,1,data/claim_cards/test/Valid Claim/CLM-000265_v1.jpg,7e85f2b54b76482743ad096bd7de421f54585c2f69fe75dd86421137a1dbb487
CLM-000266,train,Valid Claim,1,data/claim_cards/train/Valid Claim/CLM-000266_v1.jpg,27a5f4d2c6612b0085a16dba39dcdd35e98d5d5fe6d04e5ad77238f6840761d7
CLM-000266,train,Valid Claim,2,data/claim_cards/train/Valid Claim/CLM-000266_v2.jpg,f4fb9f5eb7ea9f8316caf7c91a613429010b9c8643a3a841b1d9bd90657ffab6
CLM-000267,train,Valid Claim,1,data/claim_cards/train/Valid Claim/CLM-000267_v1.jpg,025ff43ebed23ab92b7eca6b6cabc38b1b8cef15271ad58a4c0552556fe66185
CLM-000267,train,Valid Claim,2,data/claim_cards/train/Valid Claim/CLM-000267_v2.jpg,393e0fa4dbfbc2ef84f728c74c41f9511b89be6b8b109d4a414a8c0f90e079d0
CLM-000268,validation,Valid Claim,1,data/claim_cards/validation/Valid Claim/CLM-000268_v1.jpg,9a3d3dcf5082a3389f56082d336953cd7614beeaf814a08fedfa60a7ce963275
CLM-000269,train,Valid Claim,1,data/claim_cards/train/Valid Claim/CLM-000269_v1.jpg,4fe63b1d6a691f0e641ae1b0158ce478b702d5cb38b5b1a89b39836371862817
CLM-000269,train,Valid Claim,2,data/claim_cards/train/Valid Claim/CLM-000269_v2.jpg,a5268b12b1f9e854b71d7b57bc94e3229c05a42b471726add9b1282776b2f7c8
CLM-000270,validation,Valid Claim,1,data/claim_cards/validation/Valid Claim/CLM-000270_v1.jpg,657a212fdddb88b35959021476eb42e251c451f5bc38e07d3c5a46b37d01125c
CLM-000271,test,Valid Claim,1,data/claim_cards/test/Valid Claim/CLM-000271_v1.jpg,235fce9da9d32d098c3349f80a854a1bcfb6d1b2f9c48a871039650e05f1ccd8
CLM-000272,train,Valid Claim,1,data/claim_cards/train/Valid Claim/CLM-000272_v1.jpg,c4c280c053d278e4bf74e1be36499e9b11bc4a4d3cb8d065a406b74a1b572679
CLM-000272,train,Valid Claim,2,data/claim_cards/train/Valid Claim/CLM-000272_v2.jpg,895a64e14c298fa7c92afd275c60e679511630901eaf46a32c4c41de880737f3
CLM-000273,train,Valid Claim,1,data/claim_cards/train/Valid Claim/CLM-000273_v1.jpg,1a5badf327defa7b648da70145c7470666539f2c6dd7921082eda9c4b5bd326b
CLM-000273,train,Valid Claim,2,data/claim_cards/train/Valid Claim/CLM-000273_v2.jpg,b5a7348bacfc0f456d5335f4b5ee47b4b51c3c2a0ce76b445101f858fbcf1f84
CLM-000274,test,Valid Claim,1,data/claim_cards/test/Valid Claim/CLM-000274_v1.jpg,d41dfae41451a6850e5108a986b7a0f7ca01bd8796df18d59d3e1f84f39ca363
CLM-000275,train,Valid Claim,1,data/claim_cards/train/Valid Claim/CLM-000275_v1.jpg,68c898cf39562ee3589dfe83b87120b9938653fa1bf5e70f7bf4446c63e24aa0
CLM-000275,train,Valid Claim,2,data/claim_cards/train/Valid Claim/CLM-000275_v2.jpg,76e1b3fbd80d141cd7e08b6b66064d1920fe5ee213615a8fcd4917fb5b8be3bd
CLM-000276,train,Valid Claim,1,data/claim_cards/train/Valid Claim/CLM-000276_v1.jpg,8e5d75f13a560d3d8136e20efaae0645310ce5e372083ece507f380966d52bc3
CLM-000276,train,Valid Claim,2,data/claim_cards/train/Valid Claim/CLM-000276_v2.jpg,d7e51e0ef3a3e1e153f7e08c9edb248d02778c3faf73219dcdfa18dece4dceb1
CLM-000277,test,Valid Claim,1,data/claim_cards/test/Valid Claim/CLM-000277_v1.jpg,0a6c734fa8916bd76cc050cbdabb6b05a488ce781380f0dc2a6b07eda38c6a72
CLM-000278,train,Valid Claim,1,data/claim_cards/train/Valid Claim/CLM-000278_v1.jpg,32362f3fa02d4317ca9fac673917a8b4b8f557217ed06c8dc78dfbadf8be81d6
CLM-000278,train,Valid Claim,2,data/claim_cards/train/Valid Claim/CLM-000278_v2.jpg,88448cbaec384108ba1c8c6f16b1ff43b9ad2a3701c089ea548520b1e583c141
CLM-000279,train,Valid Claim,1,data/claim_cards/train/Valid Claim/CLM-000279_v1.jpg,522f9a01d11cd667884ee9a1144918edee58971539f1ded5c9cd0a987ec3f189
CLM-000279,train,Valid Claim,2,data/claim_cards/train/Valid Claim/CLM-000279_v2.jpg,a1eefb7e566259150efa3d03b1e3d8463a0b284db29f7aa4609037e98301ab4f
CLM-000280,validation,Valid Claim,1,data/claim_cards/validation/Valid Claim/CLM-000280_v1.jpg,87f9639b64936e56cd130f5f86db587091baf8f3fc91e663a7aba8ddc9983f7f
CLM-000281,train,Valid Claim,1,data/claim_cards/train/Valid Claim/CLM-000281_v1.jpg,bd37d28f0b54e95ae4ec51eed533aa8a2322269caae2fba754d81e5eecb9a79e
CLM-000281,train,Valid Claim,2,data/claim_cards/train/Valid Claim/CLM-000281_v2.jpg,6dcd4278c8e85741822c15272496b0ba80c2d845fd3f776d53af60c9324b30af
CLM-000282,train,Valid Claim,1,data/claim_cards/train/Valid Claim/CLM-000282_v1.jpg,d94667864e9d4f4ba0b340f8f557dd0e55a777d8ad821af7b3ce008f7ead7771
CLM-000282,train,Valid Claim,2,data/claim_cards/train/Valid Claim/CLM-000282_v2.jpg,da5d066414eea7dd6e5f1f7858797a57ceb95f818e27b0e11befbfc580aab68b
CLM-000283,train,Valid Claim,1,data/claim_cards/train/Valid Claim/CLM-000283_v1.jpg,5b92329b2c73c214cdc5ec5b99ab41be147170435fdedfa36303f48d8cb9d2ef
CLM-000283,train,Valid Claim,2,data/claim_cards/train/Valid Claim/CLM-000283_v2.jpg,e68aeb328a7e53c40f57d2be436714755190fb781d0ab812bc038a343b0aa953
CLM-000284,train,Valid Claim,1,data/claim_cards/train/Valid Claim/CLM-000284_v1.jpg,dbcb35a4b4a4812721e12a4e8023952cd49a346a65ccaab823b72f193b8f4395
CLM-000284,train,Valid Claim,2,data/claim_cards/train/Valid Claim/CLM-000284_v2.jpg,1717c2240db85735572e771fd2b07b70dbb34d6c80992582be249b5fe1ba2667
CLM-000285,train,Valid Claim,1,data/claim_cards/train/Valid Claim/CLM-000285_v1.jpg,38edebc6531c9c7dcd0439934f45ff970ff0c7509b0cff1710dcd251e9587297
CLM-000285,train,Valid Claim,2,data/claim_cards/train/Valid Claim/CLM-000285_v2.jpg,dbf005e2d422e271f60e23488f202c361cedc51926af460f552dc9d1378471e4
CLM-000286,train,Valid Claim,1,data/claim_cards/train/Valid Claim/CLM-000286_v1.jpg,b0b3c57fdb3f47ec6e6fee752875c7456aab9d1e8bd9e71a9cb326fa3bf097a2
CLM-000286,train,Valid Claim,2,data/claim_cards/train/Valid Claim/CLM-000286_v2.jpg,eb548a1442cbb7201663efe0b46cc42b5ee6b860e2504b4b4b719e7e6833a378
CLM-000287,train,Valid Claim,1,data/claim_cards/train/Valid Claim/CLM-000287_v1.jpg,0e8e21e50062048fab7239f50c851a589b46c6ac47d69b0511603f457765bc25
CLM-000287,train,Valid Claim,2,data/claim_cards/train/Valid Claim/CLM-000287_v2.jpg,f765b8255d4ad78622f65ea083def54d397fd5904fb88337e3102c4db05f2e88
CLM-000288,train,Valid Claim,1,data/claim_cards/train/Valid Claim/CLM-000288_v1.jpg,7846de0755f83ab00df11ce9929d0ae7d3dc9c4b04686a6ce286a2b5775e9901
CLM-000288,train,Valid Claim,2,data/claim_cards/train/Valid Claim/CLM-000288_v2.jpg,3a7cc882f5dd70bb8f9d7c5731cde4737e153702b875040fe60885ba6491c61d
CLM-000289,validation,Valid Claim,1,data/claim_cards/validation/Valid Claim/CLM-000289_v1.jpg,fef5f177fffd230a3ec8c0880ca353213f74bb9b05400953d4311bb8dbf3d8d0
CLM-000290,train,Valid Claim,1,data/claim_cards/train/Valid Claim/CLM-000290_v1.jpg,065f577562a06dd22daf17a85eba8f88ee326cdd3e13d037ae076d2b673c2fde
CLM-000290,train,Valid Claim,2,data/claim_cards/train/Valid Claim/CLM-000290_v2.jpg,e4eaef651109cae9b234c9e03cfd63ffeeb0882946bfc94d73673364475d7355
CLM-000291,train,Valid Claim,1,data/claim_cards/train/Valid Claim/CLM-000291_v1.jpg,8264d44ade18c6d78b39c9c37353e9fc485e3ab52c08a3e642d4e2f6f9baa5f2
CLM-000291,train,Valid Claim,2,data/claim_cards/train/Valid Claim/CLM-000291_v2.jpg,199c0c0a61bf3da0cf3d35ea880d96da9ff0c6bb46f4a66cbc7199c671dbdb49
CLM-000292,train,Valid Claim,1,data/claim_cards/train/Valid Claim/CLM-000292_v1.jpg,f407cf472ff9a82e7bb17fcf03e71415e8ee7c055c874df1a6c6d143ecaa2fcc
CLM-000292,train,Valid Claim,2,data/claim_cards/train/Valid Claim/CLM-000292_v2.jpg,c76f73f9ed98a5a64225138c7d4e1556052b31f6bccaec8ef90ca23741f31552
CLM-000293,validation,Valid Claim,1,data/claim_cards/validation/Valid Claim/CLM-000293_v1.jpg,0f1b18942e1d9eb007275610c8a874d5aa3cbddbf0e7e29e74ccc9666df1097b
CLM-000294,test,Valid Claim,1,data/claim_cards/test/Valid Claim/CLM-000294_v1.jpg,e4bab794a213c863b6980a6bbc1e744dd68469cd6f8c0fca876033bdf694369d
CLM-000295,train,Valid Claim,1,data/claim_cards/train/Valid Claim/CLM-000295_v1.jpg,b5d3311901232f46a490b75cec74a7fba88734be98b1318ffe519c7c7adf5c3a
CLM-000295,train,Valid Claim,2,data/claim_cards/train/Valid Claim/CLM-000295_v2.jpg,b004fcdca25ffef991f0e8f06b898a01872f052e90b5977f62a90da4f91a763e
CLM-000296,validation,Valid Claim,1,data/claim_cards/validation/Valid Claim/CLM-000296_v1.jpg,881cbf4abb06fec7199c223dcac32c8eea829eddda84afd2577d785a83702508
CLM-000297,train,Valid Claim,1,data/claim_cards/train/Valid Claim/CLM-000297_v1.jpg,0c5aaff3f26d6aa41d23be285dc91f2acc363fd0807656deb7566719b04b6b8c
CLM-000297,train,Valid Claim,2,data/claim_cards/train/Valid Claim/CLM-000297_v2.jpg,eb25fb47614fbc14e46f068e4f4a3da009b5c6eb75ba939785a35d363a854815
CLM-000298,train,Valid Claim,1,data/claim_cards/train/Valid Claim/CLM-000298_v1.jpg,f2c477aba57a4dde9e8a2a51158547eb8f731c9570c21aa255f1c2487527f81f
CLM-000298,train,Valid Claim,2,data/claim_cards/train/Valid Claim/CLM-000298_v2.jpg,d8b5168311b294667071fb75ef34c07152bfdf33d67e12cdf93691ac4c9f467a
CLM-000299,train,Valid Claim,1,data/claim_cards/train/Valid Claim/CLM-000299_v1.jpg,48bfbef64710ac3c38138a54b38788f0c8704d82ef0c00ea22aa01709c0c2ad1
CLM-000299,train,Valid Claim,2,data/claim_cards/train/Valid Claim/CLM-000299_v2.jpg,a7e3372539139837a3103f38772f5598a28d1ca630dd081f98607254e0555e29
CLM-000300,train,Valid Claim,1,data/claim_cards/train/Valid Claim/CLM-000300_v1.jpg,7b7775fe88430edd48a553e2b254565c2b03cf8802c4d38dea13851d8d28f5a6
CLM-000300,train,Valid Claim,2,data/claim_cards/train/Valid Claim/CLM-000300_v2.jpg,cf5afcc4632d8b6feff658a7cd9d0e5f758d6212ba29f31637aa92a3af43cc6e
CLM-000301,validation,Valid Claim,1,data/claim_cards/validation/Valid Claim/CLM-000301_v1.jpg,27c4f07963fddba359d3a6d4a789e6d9db97715ed9ca7683bb649b89e0a44eaf
CLM-000302,train,Valid Claim,1,data/claim_cards/train/Valid Claim/CLM-000302_v1.jpg,1631d21018a57f524d2d1fbed5b572d5df6cb8dfc08417d3f83493fbe2fa5a53
CLM-000302,train,Valid Claim,2,data/claim_cards/train/Valid Claim/CLM-000302_v2.jpg,e42db6bc99f5f3c18179b53f8db13245381c3361aa83ebd5b1fc0e7877cb811e
CLM-000303,train,Valid Claim,1,data/claim_cards/train/Valid Claim/CLM-000303_v1.jpg,ed49e6bd0c24f48759cfd5c46be1286afc0772d98a74660566d81337283f8543
CLM-000303,train,Valid Claim,2,data/claim_cards/train/Valid Claim/CLM-000303_v2.jpg,c3b2d45d8992bba3369b3bf89585feaa11d434c2223784c0ab3d867568e101ae
CLM-000304,validation,Valid Claim,1,data/claim_cards/validation/Valid Claim/CLM-000304_v1.jpg,8f3e96d64cee35c30673cc269968c2d5f7498c37a7fc6f1cbd409f9136b6d9cc
CLM-000305,train,Valid Claim,1,data/claim_cards/train/Valid Claim/CLM-000305_v1.jpg,cc2982886a554f7c53ff9c6bbde5daacd1306abefbb33fb27d47d6328429b665
CLM-000305,train,Valid Claim,2,data/claim_cards/train/Valid Claim/CLM-000305_v2.jpg,5713a05524aecc6e92e07c63f6b7ea09b5ba87bf489b893a973934d5e559f1c5
CLM-000306,train,Valid Claim,1,data/claim_cards/train/Valid Claim/CLM-000306_v1.jpg,fe8be8a7a1da0ec15cbd63138b79337fc2d85e189f110d55a1fe7db6cc484afa
CLM-000306,train,Valid Claim,2,data/claim_cards/train/Valid Claim/CLM-000306_v2.jpg,a7bd56802fc1672ca6b65c6d7e08cb8644af25e79cce2c1ff0d7847f46c2226d
CLM-000307,test,Valid Claim,1,data/claim_cards/test/Valid Claim/CLM-000307_v1.jpg,e32e8b7d584252b03d6d09866104e20d3c1dc5eb0916e27c84ab6eba5eda085b
CLM-000308,train,Valid Claim,1,data/claim_cards/train/Valid Claim/CLM-000308_v1.jpg,9f753dcc6f8640942d319f6a83fc2c1b6b58a3fbf7d918fd67955935cb8aff61
CLM-000308,train,Valid Claim,2,data/claim_cards/train/Valid Claim/CLM-000308_v2.jpg,c8ea7da575b262d943c8690835d0c0c5eee07cfb1ec7e0291e216891cd595f0a
CLM-000309,test,Valid Claim,1,data/claim_cards/test/Valid Claim/CLM-000309_v1.jpg,d2307706ecb99b98095b2ee6f00642ef943370cf9153cf5556081ba29db5f18a
CLM-000310,validation,Valid Claim,1,data/claim_cards/validation/Valid Claim/CLM-000310_v1.jpg,13d1abb9ffebdb3b95e507e6f930f66eb24ab9a95892ef46a8a12b9a2cb5a8b6
CLM-000311,train,Valid Claim,1,data/claim_cards/train/Valid Claim/CLM-000311_v1.jpg,c7263b759b66a6c4d609c1d8b893d5a0569e276c3a432c2ed55aa9361f91eb6e
CLM-000311,train,Valid Claim,2,data/claim_cards/train/Valid Claim/CLM-000311_v2.jpg,6c1cb63c5b0ea8fbc331dca78075fecd62374bdd00aa0e804d8651bd5a2ba310
CLM-000312,train,Valid Claim,1,data/claim_cards/train/Valid Claim/CLM-000312_v1.jpg,db11ce2fcdc1087ba247ff4c74df6b852446cedd236eb561e5a9ec2a574102c8
CLM-000312,train,Valid Claim,2,data/claim_cards/train/Valid Claim/CLM-000312_v2.jpg,ce2f6b01c398567fa4b094d132a078fbc985e93cc2151b448e377497a5fb0136
CLM-000313,train,Valid Claim,1,data/claim_cards/train/Valid Claim/CLM-000313_v1.jpg,92fe5b2951e08274765d0445441c27bb8afcc51c74572d3a59538efde8337b4f
CLM-000313,train,Valid Claim,2,data/claim_cards/train/Valid Claim/CLM-000313_v2.jpg,94af6fa89a3ef9eb0b6945ef297b60074290fa2c519e5c13dd7834be475d6817
CLM-000314,test,Valid Claim,1,data/claim_cards/test/Valid Claim/CLM-000314_v1.jpg,c91eb386e9fe660ddc0f166cd4be83cc58ae9ed40a4e90e33c6e2afd8cb28197
CLM-000315,train,Valid Claim,1,data/claim_cards/train/Valid Claim/CLM-000315_v1.jpg,c3a2f12e2637d662d1750d266d8510790be0eb0980414dbb4ccfb1b77518cf11
CLM-000315,train,Valid Claim,2,data/claim_cards/train/Valid Claim/CLM-000315_v2.jpg,96005ef1f10f8a0f1b81ddacd8bf8175ef35b7eb6cd452544cd143018af91619
CLM-000316,test,Valid Claim,1,data/claim_cards/test/Valid Claim/CLM-000316_v1.jpg,d4a2acd89b6c674e3964249f4fbece92bdf97e030baddade22314491b280e5bc
CLM-000317,train,Valid Claim,1,data/claim_cards/train/Valid Claim/CLM-000317_v1.jpg,65eaf6c3a11bc37eabe3d8c3ed28fe26788b458015e00175fc3875deb892bc15
CLM-000317,train,Valid Claim,2,data/claim_cards/train/Valid Claim/CLM-000317_v2.jpg,cc6cf39c641a28cb915fef4fc2cd8a7e10a729cd10ca4f3704aea1aa7681cf88
CLM-000318,train,Valid Claim,1,data/claim_cards/train/Valid Claim/CLM-000318_v1.jpg,28e63b17463b41fbbc61d9fd0cc6de09410a2cd316e5f73be7cdd689a00264a7
CLM-000318,train,Valid Claim,2,data/claim_cards/train/Valid Claim/CLM-000318_v2.jpg,46623575f7beb327b88fe011372789bf2c5e12223da61945194135cff433d1d4
CLM-000319,train,Valid Claim,1,data/claim_cards/train/Valid Claim/CLM-000319_v1.jpg,d722a867510f2ac84464ea4f9077e5e08e7e7a4d9ca4bb95dba1998bd053d2f5
CLM-000319,train,Valid Claim,2,data/claim_cards/train/Valid Claim/CLM-000319_v2.jpg,7796e42b1f8eb7ddb7e2da8e9394fddc9a1bdb382309ab2abcc5cd6560e8d3da
CLM-000320,test,Valid Claim,1,data/claim_cards/test/Valid Claim/CLM-000320_v1.jpg,11c240bc0c88a69f61007eccd28b8b7b4176d736239d92845a11edfd364cb93e
CLM-000321,train,Valid Claim,1,data/claim_cards/train/Valid Claim/CLM-000321_v1.jpg,a833724a8f8dd0c7d570b1fef7357996830d9d6c8d84cefe441c25b52ce9c6b6
CLM-000321,train,Valid Claim,2,data/claim_cards/train/Valid Claim/CLM-000321_v2.jpg,7322924611a23c51251af65b5089f753e926202ae0a1d16abdd1ee2f57970441
CLM-000322,train,Valid Claim,1,data/claim_cards/train/Valid Claim/CLM-000322_v1.jpg,6c2a0c5b40e3d2857342de9850dc83a766bf7e5994180769ad24a2adb5ceee54
CLM-000322,train,Valid Claim,2,data/claim_cards/train/Valid Claim/CLM-000322_v2.jpg,709692e07722969f2cb6dfbfc239bf26c50e44d5a6466b93c6590e533bc04106
CLM-000323,train,Valid Claim,1,data/claim_cards/train/Valid Claim/CLM-000323_v1.jpg,df0c2662ae82209f3d1061fdf8e697650fcc7c6782373f3299d7a72c417a1173
CLM-000323,train,Valid Claim,2,data/claim_cards/train/Valid Claim/CLM-000323_v2.jpg,55d5a1d449c56fef887d4055be36889045fc62b0014515703443a672cd273f29
CLM-000324,train,Valid Claim,1,data/claim_cards/train/Valid Claim/CLM-000324_v1.jpg,29b125ba393eb092aee7cefd4aa3a1c682588d6124d2e4d6ada351bac15db67c
CLM-000324,train,Valid Claim,2,data/claim_cards/train/Valid Claim/CLM-000324_v2.jpg,887d8a2e6bdd87544f86887a9b4906fa472df1b60b7f067617df147cbe15b1a9
CLM-000325,train,Valid Claim,1,data/claim_cards/train/Valid Claim/CLM-000325_v1.jpg,46bf67de2d0900eb4ad0c2631e3a2154a1eb227731e134fbcb907972d053b0b5
CLM-000325,train,Valid Claim,2,data/claim_cards/train/Valid Claim/CLM-000325_v2.jpg,15aa961353742f91c199e2e25285fe5fbfd01bec8cad3eb6b2a501a61a5b1fed
CLM-000326,train,Valid Claim,1,data/claim_cards/train/Valid Claim/CLM-000326_v1.jpg,521d2ac55ea8294c1023e24e87db73aa638481abe869354044bed7d8fdb39532
CLM-000326,train,Valid Claim,2,data/claim_cards/train/Valid Claim/CLM-000326_v2.jpg,6c80a0fdca6d8ecf62849b549f834f96c6ab0bb101cfb37962fbecde0a42045b
CLM-000327,validation,Valid Claim,1,data/claim_cards/validation/Valid Claim/CLM-000327_v1.jpg,85d14ea339e6a458922a9112586bdad1031acb76c8e51e6382016c5c85a3f6a2
CLM-000328,validation,Valid Claim,1,data/claim_cards/validation/Valid Claim/CLM-000328_v1.jpg,240bb3addccd751369c48281925b95e51cd50ba2654d6b4e3416804be319769d
CLM-000329,test,Valid Claim,1,data/claim_cards/test/Valid Claim/CLM-000329_v1.jpg,11bf26976b5959f4d451fa9f214be54ef2928dae9061289359a96903336edf36
CLM-000330,train,Valid Claim,1,data/claim_cards/train/Valid Claim/CLM-000330_v1.jpg,1a3ae9458461535f05551e6cf9c1a9553a55a0945759eef906dfcaaa7a98ac9e
CLM-000330,train,Valid Claim,2,data/claim_cards/train/Valid Claim/CLM-000330_v2.jpg,6ad8ce54fd01130adc19dde9e13d2a17308b285d7913e96fc9227f992dc3c6c6
CLM-000331,test,Valid Claim,1,data/claim_cards/test/Valid Claim/CLM-000331_v1.jpg,ad5f4c63f065c0eac16893a807f5183c16abf493a6317bb4d8f3d6fc5dfbde39
CLM-000332,train,Valid Claim,1,data/claim_cards/train/Valid Claim/CLM-000332_v1.jpg,729cc9200c6530ac230dc196662a2406f0bb691d6532c335f1d744c9e70d0226
CLM-000332,train,Valid Claim,2,data/claim_cards/train/Valid Claim/CLM-000332_v2.jpg,c311c4aa7d5356a9284c65713c82e828ff5f62b8867316fb647f7efc5a21cc0a
CLM-000333,train,Valid Claim,1,data/claim_cards/train/Valid Claim/CLM-000333_v1.jpg,5fc141c3a88bb55d71f266883d6cdc4a79db0eea9f9135381b7a4d456396e96b
CLM-000333,train,Valid Claim,2,data/claim_cards/train/Valid Claim/CLM-000333_v2.jpg,5a80d227d2cf2925ca819162aed3468d6576f3105e8712f210910005031248b9
CLM-000334,train,Valid Claim,1,data/claim_cards/train/Valid Claim/CLM-000334_v1.jpg,9fafdcc247eb143308af500196747f9bb0ef9213530d9e03cb9a6468d1a06956
CLM-000334,train,Valid Claim,2,data/claim_cards/train/Valid Claim/CLM-000334_v2.jpg,28858f98b8acae7e4ab1f8c825d5906c039ae3a0af0b56d9fac6cc90a8c3560d
CLM-000335,train,Valid Claim,1,data/claim_cards/train/Valid Claim/CLM-000335_v1.jpg,38bec6d58aa8834eef5fa9ec3f012170ca11ff68150a0cf4059b2ae659c6d216
CLM-000335,train,Valid Claim,2,data/claim_cards/train/Valid Claim/CLM-000335_v2.jpg,11f79612094085d164aef7b46515c3b5bca199e4f075663059320f1fa129540e
CLM-000336,train,Valid Claim,1,data/claim_cards/train/Valid Claim/CLM-000336_v1.jpg,10af4ece0ac29eb6ff34c4f2cf19f9c2a1917b4d9f972069719dba467023344a
CLM-000336,train,Valid Claim,2,data/claim_cards/train/Valid Claim/CLM-000336_v2.jpg,4e8a341c747f2bdd343a3bde47b546914dd0876f9aa9173da89f5164cd6514e3
CLM-000337,train,Valid Claim,1,data/claim_cards/train/Valid Claim/CLM-000337_v1.jpg,1f59eb5733f294f534af2147d7a2200e580d9d309e2760b3849eabecf83d562c
CLM-000337,train,Valid Claim,2,data/claim_cards/train/Valid Claim/CLM-000337_v2.jpg,07e5bb72e2191f7d39a6960678a93f8fde13d6c2bb4c450038af42676640665d
CLM-000338,validation,Valid Claim,1,data/claim_cards/validation/Valid Claim/CLM-000338_v1.jpg,6e002d99f29234a69b6bb4f3c219886fa5bfffa9ec7fe868c7fe76cf03e159f7
CLM-000339,train,Valid Claim,1,data/claim_cards/train/Valid Claim/CLM-000339_v1.jpg,972c509afde9bb2f5038f624812edbe25a0db459495b9b50bda6a06766bd83e6
CLM-000339,train,Valid Claim,2,data/claim_cards/train/Valid Claim/CLM-000339_v2.jpg,2c7541fb0c845e6cb0849c2b3e1640d7f436bc826a5569f6566189337ff8d77e
CLM-000340,test,Valid Claim,1,data/claim_cards/test/Valid Claim/CLM-000340_v1.jpg,7a0c1f7da5f502e5633e14e52e309c6de877901316b516c9e24437439e8a15f1
CLM-000341,train,Valid Claim,1,data/claim_cards/train/Valid Claim/CLM-000341_v1.jpg,d51cdd38a8fa92665b0fd04e1584c22a2728944489f5bcfc174e30ccb8e58561
CLM-000341,train,Valid Claim,2,data/claim_cards/train/Valid Claim/CLM-000341_v2.jpg,ceb79396b697b5e85807438226d160a3b7e3157b7c8d7de4ae163b8fb0ec8bae
CLM-000342,train,Valid Claim,1,data/claim_cards/train/Valid Claim/CLM-000342_v1.jpg,286b4e1ae2ecf29d49e2ed7d622684ae881b7cb1faf175bcc7db847dd6673383
CLM-000342,train,Valid Claim,2,data/claim_cards/train/Valid Claim/CLM-000342_v2.jpg,ed8147ca3737ee2b1117b837fa42a4d08aa51128c835a46efd493baec040d545
CLM-000343,train,Valid Claim,1,data/claim_cards/train/Valid Claim/CLM-000343_v1.jpg,5e5d27c365a16ae7c14794d8dd13695023f495cb7949d924d325cb686abe8c9e
CLM-000343,train,Valid Claim,2,data/claim_cards/train/Valid Claim/CLM-000343_v2.jpg,4ad0b25ad50208a30986478652bc832ac0404998c825e55c7d26a91b9a3dab8f
CLM-000344,test,Valid Claim,1,data/claim_cards/test/Valid Claim/CLM-000344_v1.jpg,0658a06ab69fa7a82eedc29b8be00b60c1f30e49d6414fe1b1f915711ccd58e1
CLM-000345,test,Valid Claim,1,data/claim_cards/test/Valid Claim/CLM-000345_v1.jpg,bde38b56bbeca7c7b3fbcfa9948f1ec831fd06f2928dd55791f84bbff0fce06e
CLM-000346,test,Valid Claim,1,data/claim_cards/test/Valid Claim/CLM-000346_v1.jpg,9d8dc6f104ff965098dbf61463b814c341fb60a6fb27e0310cc6499eb61b0689
CLM-000347,train,Valid Claim,1,data/claim_cards/train/Valid Claim/CLM-000347_v1.jpg,bc1a3e8135f7b4f98c20f6d4c746c2dc236b68db4cd66512c37af61d17fec50a
CLM-000347,train,Valid Claim,2,data/claim_cards/train/Valid Claim/CLM-000347_v2.jpg,e5625dc546d96637d045d0a03029604e5d14e6d9a5230df3c84852eb55f16109
CLM-000348,train,Valid Claim,1,data/claim_cards/train/Valid Claim/CLM-000348_v1.jpg,3d03fd6fc4171561848d11fce7d0dd3627033721bc9365b7453eaf73642a5574
CLM-000348,train,Valid Claim,2,data/claim_cards/train/Valid Claim/CLM-000348_v2.jpg,c9c9cbe4d422449758a773a3c99c3cc874976952d4e2449c1f9b7c5f22dda05c
CLM-000349,test,Valid Claim,1,data/claim_cards/test/Valid Claim/CLM-000349_v1.jpg,ceca67bb2bf53cbde7acff11053304d428b154cabe7e2173ca3fd7cb52d64be8
CLM-000350,train,Valid Claim,1,data/claim_cards/train/Valid Claim/CLM-000350_v1.jpg,a464b9c5ed64207afc5105cad61478704c395266669d50fa757f1f7fc90a881f
CLM-000350,train,Valid Claim,2,data/claim_cards/train/Valid Claim/CLM-000350_v2.jpg,828779313bbcf24e9ec4ff3a9ce4ad6ffd418a47e99ee73b62b7a538958aa6c0
CLM-000351,validation,Valid Claim,1,data/claim_cards/validation/Valid Claim/CLM-000351_v1.jpg,bf5efd471509b8287fa5e595f0d9ad4ddf7a16f2fc633479bfb2e9b72c0cf951
CLM-000352,train,Valid Claim,1,data/claim_cards/train/Valid Claim/CLM-000352_v1.jpg,2b07ed0d61f73fb55fabda7db21edff94fd425b8b273037db5671924bb26a936
CLM-000352,train,Valid Claim,2,data/claim_cards/train/Valid Claim/CLM-000352_v2.jpg,805ada15c85e3538594059ee69582309052caf833f9f772571a5ea4209b12604
CLM-000353,train,Valid Claim,1,data/claim_cards/train/Valid Claim/CLM-000353_v1.jpg,1efdf04e87ee1a5c50f57aae119e01cf3f9e954e841c898c4905fde6a94794c6
CLM-000353,train,Valid Claim,2,data/claim_cards/train/Valid Claim/CLM-000353_v2.jpg,97a8bca66e06c837ac943f864f528ac9b08ec7dbc8fcb1b125a120369efcc543
CLM-000354,train,Valid Claim,1,data/claim_cards/train/Valid Claim/CLM-000354_v1.jpg,79b615cd033342b79abea176b7c2f9b7e2054f2f3619fd39cb2fd517efefbbd1
CLM-000354,train,Valid Claim,2,data/claim_cards/train/Valid Claim/CLM-000354_v2.jpg,29b4c9a33055f1b390e7f13c161af093d91eff6656a9ea0f3c581916ae53cfc1
CLM-000355,train,Valid Claim,1,data/claim_cards/train/Valid Claim/CLM-000355_v1.jpg,871a48d5e375cfb4ed2d644682d5341f1981f766812c54d8708f0aec70178d10
CLM-000355,train,Valid Claim,2,data/claim_cards/train/Valid Claim/CLM-000355_v2.jpg,345c17be154e08d702f3107215411e49f6de272e60113f8f99fd80fa23231566
CLM-000356,train,Valid Claim,1,data/claim_cards/train/Valid Claim/CLM-000356_v1.jpg,0a13b65619d6105e349239be2f9e81e681483d32f0f30e60a2dd7a0cdbb01004
CLM-000356,train,Valid Claim,2,data/claim_cards/train/Valid Claim/CLM-000356_v2.jpg,669df7ab3b9d3696ea22cafb9c19143949262b4bb195f91caba883bfc734488b
CLM-000357,train,Valid Claim,1,data/claim_cards/train/Valid Claim/CLM-000357_v1.jpg,b2142d52e3771012669d113571d0ba6f32578ddb39198922116d88d25f9191ef
CLM-000357,train,Valid Claim,2,data/claim_cards/train/Valid Claim/CLM-000357_v2.jpg,5346a075db30582cc15ca26823ecb1e65a3835e6f1f9f1b9c48ea11dd989accc
CLM-000358,train,Valid Claim,1,data/claim_cards/train/Valid Claim/CLM-000358_v1.jpg,81847c8bcd6265e93a6712469eac8ee30b2613e2c092085ea28159d48ad88dbb
CLM-000358,train,Valid Claim,2,data/claim_cards/train/Valid Claim/CLM-000358_v2.jpg,af6e6ed1592f10f6f93f069503c9426d2398e356d0406c99cfbead148348f2ad
CLM-000359,train,Valid Claim,1,data/claim_cards/train/Valid Claim/CLM-000359_v1.jpg,494a85e9ed147ba175fe0a930939576d07e2617eec63a5f202e533a7a897253c
CLM-000359,train,Valid Claim,2,data/claim_cards/train/Valid Claim/CLM-000359_v2.jpg,16eb2aed7f6026de1818f444617c77d049534eb5d142a7415d2001e46d454b3d
CLM-000360,test,Valid Claim,1,data/claim_cards/test/Valid Claim/CLM-000360_v1.jpg,564004cab1fe234af981d036a42d102ad033914f7c169d44a563c18186290e35
CLM-000361,train,Valid Claim,1,data/claim_cards/train/Valid Claim/CLM-000361_v1.jpg,e257df5d11f9b2e40cdff3a4c4ba49e8761e8b0212eef1e2ec229de6dc205fd7
CLM-000361,train,Valid Claim,2,data/claim_cards/train/Valid Claim/CLM-000361_v2.jpg,b2f57c99a21f60b34dbec202951315cfe484f046bd06523658a5a942af3ce8df
CLM-000362,train,Valid Claim,1,data/claim_cards/train/Valid Claim/CLM-000362_v1.jpg,6ac5b17532fdcccb425792e3067c416080fae3fcd1a3efe385da94d2f2ddd83b
CLM-000362,train,Valid Claim,2,data/claim_cards/train/Valid Claim/CLM-000362_v2.jpg,c057eff1d393a25ea78d85a1334e57d72b5c01729838b93a91794e9dd9a2a82a
CLM-000363,train,Valid Claim,1,data/claim_cards/train/Valid Claim/CLM-000363_v1.jpg,ac8809929ce33531ea930eb6f24b7ac57ff06bef00291ac670f2b6cdeb812661
CLM-000363,train,Valid Claim,2,data/claim_cards/train/Valid Claim/CLM-000363_v2.jpg,1668141955efb6c3a887d577c1c382cb07715380652352d5d217710c60d1e5b0
CLM-000364,test,Valid Claim,1,data/claim_cards/test/Valid Claim/CLM-000364_v1.jpg,7e12984918654f070ab9c4d6df5d1d126221253d5f9416edf918a878a6dc996c
CLM-000365,train,Valid Claim,1,data/claim_cards/train/Valid Claim/CLM-000365_v1.jpg,2f297a2d9f35e4259c58d6a2140f0658fb0be8476d530f95581208b02839d4cd
CLM-000365,train,Valid Claim,2,data/claim_cards/train/Valid Claim/CLM-000365_v2.jpg,d55cb2a10754450cedbe4a1231dd6903d138e359c552b18c29c2d638f16ec0c8
CLM-000366,train,Valid Claim,1,data/claim_cards/train/Valid Claim/CLM-000366_v1.jpg,d9ea7f554ed3a9954637ef5bd4b68fc931eed34d5a174af6062d561a65c04b41
CLM-000366,train,Valid Claim,2,data/claim_cards/train/Valid Claim/CLM-000366_v2.jpg,3bed436a742c3d7b6d8e1aa905e2c672f664ac8e3a98362c8eea898643e2e51a
CLM-000367,test,Valid Claim,1,data/claim_cards/test/Valid Claim/CLM-000367_v1.jpg,0f7ce6512d02993bc43bdf580264dc8ab5d9cebe03faf0f9bdae5eacf216bccd
CLM-000368,train,Valid Claim,1,data/claim_cards/train/Valid Claim/CLM-000368_v1.jpg,bf399581fabb44d8dcc0d5143a61733c1ab36d7ddba223114671ba0789b86e38
CLM-000368,train,Valid Claim,2,data/claim_cards/train/Valid Claim/CLM-000368_v2.jpg,babb7316afe350dc6d3cf4036240580510187dc9a82a5aafd4bc0d90af85096d
CLM-000369,train,Valid Claim,1,data/claim_cards/train/Valid Claim/CLM-000369_v1.jpg,f2fb006eed433149c3ee6f971cd7351b12566bbc9a0a2d69fdbd6284d8a051c0
CLM-000369,train,Valid Claim,2,data/claim_cards/train/Valid Claim/CLM-000369_v2.jpg,30e54605240775f66b1b49fa079e74a782ed721c364059b063414f6b06759bfd
CLM-000370,train,Valid Claim,1,data/claim_cards/train/Valid Claim/CLM-000370_v1.jpg,2acea02437836c7f3ab7bab7d98f3c2c51e8651e61abb725d2be29e379d9cd1f
CLM-000370,train,Valid Claim,2,data/claim_cards/train/Valid Claim/CLM-000370_v2.jpg,3a214bfbe69d776196bb96a12b36a02b1ea192d3d50d59aeab0b9ffc1c753c83
CLM-000371,train,Valid Claim,1,data/claim_cards/train/Valid Claim/CLM-000371_v1.jpg,fea87a873c1c7470b86620c9fbb53e360b1222411747b2ff2e20742f387d8b28
CLM-000371,train,Valid Claim,2,data/claim_cards/train/Valid Claim/CLM-000371_v2.jpg,c886d945909f5c6f9f91f4ffa70046960f92a94c764993ba566b9c285889b5ad
CLM-000372,train,Valid Claim,1,data/claim_cards/train/Valid Claim/CLM-000372_v1.jpg,0247f40e824940a621533686323373f8ba7c20d6b86c2d1c721a00945d4917d2
CLM-000372,train,Valid Claim,2,data/claim_cards/train/Valid Claim/CLM-000372_v2.jpg,ac684e7e1fd600bd04d03143db809770e3a7e8802773f67da2cf2aadd57ef247
CLM-000373,test,Valid Claim,1,data/claim_cards/test/Valid Claim/CLM-000373_v1.jpg,8f5984c116b140b1ac32d826ed7d2a7bb42aeb912a8839daa4c63c357bcb349e
CLM-000374,train,Valid Claim,1,data/claim_cards/train/Valid Claim/CLM-000374_v1.jpg,45ca4a32f26257f9fd038d0ed8e3cc6177768b7a3c8baed6b2fab1dc8aa5b916
CLM-000374,train,Valid Claim,2,data/claim_cards/train/Valid Claim/CLM-000374_v2.jpg,52e8712b3b6327047cd1d27b8807009b3a65b21e54b7428b16d18f993e135940
CLM-000375,train,Valid Claim,1,data/claim_cards/train/Valid Claim/CLM-000375_v1.jpg,696b776fd19961c06c0d53098c827660f7f37a994af8d2ca507dfe9e6eee3944
CLM-000375,train,Valid Claim,2,data/claim_cards/train/Valid Claim/CLM-000375_v2.jpg,01ce49c96ddc9bea40b6c5c0c81a7e964dfc7ed140f971e392339bd1bfff7ef9
CLM-000376,train,Valid Claim,1,data/claim_cards/train/Valid Claim/CLM-000376_v1.jpg,906330bc12f927535f9b8a814e5b6102c5054f39636f3de888862118ba33e714
CLM-000376,train,Valid Claim,2,data/claim_cards/train/Valid Claim/CLM-000376_v2.jpg,c7ada438738d30b043d12fb3ba45e33800f4eb1105778474d79a137a20aa322a
CLM-000377,train,Valid Claim,1,data/claim_cards/train/Valid Claim/CLM-000377_v1.jpg,89d6f27525414919cdf1da9b2febfacc6fc5bbcc7973f6c20e6fbf902d8482b9
CLM-000377,train,Valid Claim,2,data/claim_cards/train/Valid Claim/CLM-000377_v2.jpg,9de6c46175c25d02dfe725d5ae3baecb7cbd0f2cc40c4a905ff0e592e9415c6d
CLM-000378,train,Valid Claim,1,data/claim_cards/train/Valid Claim/CLM-000378_v1.jpg,c66319d786773bfd8916fd7a584aac1943112648d620e064c6529873f4039873
CLM-000378,train,Valid Claim,2,data/claim_cards/train/Valid Claim/CLM-000378_v2.jpg,f89fc928210bdee2e3b0d3566b7e272f32b900f78eb030d039ea30e4f0033150
CLM-000379,train,Valid Claim,1,data/claim_cards/train/Valid Claim/CLM-000379_v1.jpg,557e93024fb20df2d4a4a97a6c6e9932323cb02f1b1bac96efde05274dfc699f
CLM-000379,train,Valid Claim,2,data/claim_cards/train/Valid Claim/CLM-000379_v2.jpg,dced067e032c85622e79751f0ffb2a9789d4112745dc66dc54bcfac5c794cdfe
CLM-000380,validation,Valid Claim,1,data/claim_cards/validation/Valid Claim/CLM-000380_v1.jpg,ebeeb0c095fe77da1d20e0df3708e1bd8faa41f0e0e28e337600a2d17e28e28f
CLM-000381,train,Valid Claim,1,data/claim_cards/train/Valid Claim/CLM-000381_v1.jpg,460b45f4760d59caf0764ecf241d6d1e0ed637dd922711c2ed096af2f54efcc1
CLM-000381,train,Valid Claim,2,data/claim_cards/train/Valid Claim/CLM-000381_v2.jpg,ff54b3f92100efa0ef1984d860cdc5265437b933bbb187308939ebdaffa6957e
CLM-000382,train,Valid Claim,1,data/claim_cards/train/Valid Claim/CLM-000382_v1.jpg,be62040a7903eae7e1693abc3ed97ed8ec6cf0fe3285df8bc36df7dbeb1aa3f6
CLM-000382,train,Valid Claim,2,data/claim_cards/train/Valid Claim/CLM-000382_v2.jpg,599bea7402fbe7d27a1732620c9de2fe90be7f7ade2f7541b487638ef2297755
CLM-000383,train,Valid Claim,1,data/claim_cards/train/Valid Claim/CLM-000383_v1.jpg,6de58caf5ab9ef67ac708df05f2d97e64943b9cfdf95a3f4d2c48e11952f8ee4
CLM-000383,train,Valid Claim,2,data/claim_cards/train/Valid Claim/CLM-000383_v2.jpg,a75e290d5891d005884f88922059788d02beb335e8a6e15a7a51a829aa471c48
CLM-000384,train,Valid Claim,1,data/claim_cards/train/Valid Claim/CLM-000384_v1.jpg,854e610eb69959d37fc14e29631536831bb4789dd2ef5830c9f678bf2844047f
CLM-000384,train,Valid Claim,2,data/claim_cards/train/Valid Claim/CLM-000384_v2.jpg,5ef27f9cb39b4e1936c324178d08a953f8e538f0a1a31394c6cfecc83a235c3d
CLM-000385,train,Valid Claim,1,data/claim_cards/train/Valid Claim/CLM-000385_v1.jpg,03c2e0c4bfd1b944155a900ed200362acc50035289120f799f2ed580d7d304b9
CLM-000385,train,Valid Claim,2,data/claim_cards/train/Valid Claim/CLM-000385_v2.jpg,548a8437a88cf33c647b27942203211ccb9a871946788944e41769f62bea1043
CLM-000386,test,Valid Claim,1,data/claim_cards/test/Valid Claim/CLM-000386_v1.jpg,888e47d048f327a54b2212ea66497c1969cd2adddbee50f052e8ae58bcc576f2
CLM-000387,train,Valid Claim,1,data/claim_cards/train/Valid Claim/CLM-000387_v1.jpg,b1d6c1ee5971a1243b49eb07ff9bd30122f8127ece90ffb0d781ae8aeb1efc82
CLM-000387,train,Valid Claim,2,data/claim_cards/train/Valid Claim/CLM-000387_v2.jpg,45141c254f61b27165acf64e9e37cb5cfdd54e8538c0faeeb682ee793b04af2c
CLM-000388,test,Valid Claim,1,data/claim_cards/test/Valid Claim/CLM-000388_v1.jpg,95542d8acff281c9ec185b1c88d82f79951f878edbd7f26228b8e322d4e1d6a5
CLM-000389,train,Valid Claim,1,data/claim_cards/train/Valid Claim/CLM-000389_v1.jpg,4e15062df2642d530b35c9c7e4c8e84c6cce3351ee6450252ca486342096ab68
CLM-000389,train,Valid Claim,2,data/claim_cards/train/Valid Claim/CLM-000389_v2.jpg,e905affbe3fc5a07d347651caaecb1d0d48fde2b24d8a41e06dfa79e3cb38c91
CLM-000390,validation,Valid Claim,1,data/claim_cards/validation/Valid Claim/CLM-000390_v1.jpg,6570e1a2231aa08d0d7c206bd040f6257eb0f286348a5cd3b639bae9c5449947
CLM-000391,train,Valid Claim,1,data/claim_cards/train/Valid Claim/CLM-000391_v1.jpg,7c373b692636d28a32e3649256b6b81ff1e26e3bf764f8031a367fde98c30bcb
CLM-000391,train,Valid Claim,2,data/claim_cards/train/Valid Claim/CLM-000391_v2.jpg,aef09866915019486176c60d248af734f0bd6b3a02207837ff8524e8f886565b
CLM-000392,train,Valid Claim,1,data/claim_cards/train/Valid Claim/CLM-000392_v1.jpg,f877719fe542e3b4c23ca3d607877548ed6fff0c2b2dc89dc9dca111333d4617
CLM-000392,train,Valid Claim,2,data/claim_cards/train/Valid Claim/CLM-000392_v2.jpg,e421fc44c7da52966d5f7e83f65cfbf344303d39ac91e0b27589c6714f45d410
CLM-000393,train,Valid Claim,1,data/claim_cards/train/Valid Claim/CLM-000393_v1.jpg,1031db81ecd27e892ecdafef7ea26708607baf13b8ad8e669bc9f35265877321
CLM-000393,train,Valid Claim,2,data/claim_cards/train/Valid Claim/CLM-000393_v2.jpg,96cc74e755002cf08fb9ff1956978a6167326aa53d11b78440d618799e58a223
CLM-000394,train,Valid Claim,1,data/claim_cards/train/Valid Claim/CLM-000394_v1.jpg,04d5876a8ea00761be5680e8e5de2dd4f3900643277de44332aa55153f793414
CLM-000394,train,Valid Claim,2,data/claim_cards/train/Valid Claim/CLM-000394_v2.jpg,65c69ae4a54c505b569c5f25f950266b96e9d3616c509b3217a60a251c2b9ffd
CLM-000395,train,Valid Claim,1,data/claim_cards/train/Valid Claim/CLM-000395_v1.jpg,2be1bf5d0ba187136a5ce5d33c4b6eca683e04f61b7d10ce60fc54ebcec077a4
CLM-000395,train,Valid Claim,2,data/claim_cards/train/Valid Claim/CLM-000395_v2.jpg,4ac62941e405b4e46ac022113ccf9f03fe42e699ffe4b1b32860ec4fc91d7034
CLM-000396,train,Valid Claim,1,data/claim_cards/train/Valid Claim/CLM-000396_v1.jpg,43be599154845e2baae8d049225c30e7f1b6a7837ea658d4338315cca7d8ec45
CLM-000396,train,Valid Claim,2,data/claim_cards/train/Valid Claim/CLM-000396_v2.jpg,f6c4fd2c7f22563646ada006c392b3097c7ec7411fe7c3969b2e535cebc91ab9
CLM-000397,train,Valid Claim,1,data/claim_cards/train/Valid Claim/CLM-000397_v1.jpg,c0eeef4143e4834cbfa9ff838f0e701a6a014c10df574618e3ee1ff554c7f044
CLM-000397,train,Valid Claim,2,data/claim_cards/train/Valid Claim/CLM-000397_v2.jpg,942808880fa94fa1005c7c97ab47938504b4c959b92dccf21565f25b74534494
CLM-000398,train,Valid Claim,1,data/claim_cards/train/Valid Claim/CLM-000398_v1.jpg,b5a92239d9cbda49f6d9cce383a6b9903752f271cb8a164b15c2a18c57c4c623
CLM-000398,train,Valid Claim,2,data/claim_cards/train/Valid Claim/CLM-000398_v2.jpg,ee2dd7be591fcafc55fa01966f7284e69af14c4b4434cb52ab7bfef313a3a9c1
CLM-000399,train,Valid Claim,1,data/claim_cards/train/Valid Claim/CLM-000399_v1.jpg,4ac24f071ae7e35e003b9c62e478cacb70152ea93494b4c510f46e786df9ce68
CLM-000399,train,Valid Claim,2,data/claim_cards/train/Valid Claim/CLM-000399_v2.jpg,34ab1defef5e4a9a56c986d3340583dc6ab6d30b857f9c069b8f45d9671757d4
CLM-000400,train,Valid Claim,1,data/claim_cards/train/Valid Claim/CLM-000400_v1.jpg,f944a8543758ba0e1ba50f45aa7b626e9ffee88a2fbd65aac77a2300e224bab3
CLM-000400,train,Valid Claim,2,data/claim_cards/train/Valid Claim/CLM-000400_v2.jpg,6a70702226a911403f19e7e83f85642671a6f2d03355580d01f679aa9ebd50b7
CLM-000401,train,Valid Claim,1,data/claim_cards/train/Valid Claim/CLM-000401_v1.jpg,322a8dde2952acb7e4c729fe17f0708713219095ec5d18a024adee11a6d5fe03
CLM-000401,train,Valid Claim,2,data/claim_cards/train/Valid Claim/CLM-000401_v2.jpg,7b8b87b391142f324c5b22b40fa3bbd0717034b67bfbbd06373e8bc91a92ff29
CLM-000402,validation,Valid Claim,1,data/claim_cards/validation/Valid Claim/CLM-000402_v1.jpg,3e07e9b7a1b0b4bcface9d518208fbe2494fad2a4e17b01045b51dcc84383328
CLM-000403,train,Valid Claim,1,data/claim_cards/train/Valid Claim/CLM-000403_v1.jpg,81a32dc8301a57eb6d3e0a16e1e209b45ebfdb435f1ffa06565c1dad45354172
CLM-000403,train,Valid Claim,2,data/claim_cards/train/Valid Claim/CLM-000403_v2.jpg,9f2c458d22b9f3cfb6ee3a70874ebc10ce32d40e51a71ea59fd091dce3c1fbbc
CLM-000404,validation,Valid Claim,1,data/claim_cards/validation/Valid Claim/CLM-000404_v1.jpg,d35543ff41adaeea1fe5a6cb6df0e39d2218ddc679837455b6f4cd95ebd5920a
CLM-000405,train,Valid Claim,1,data/claim_cards/train/Valid Claim/CLM-000405_v1.jpg,7554ba58223f3e453a618875b6cdaea1805821847f9550ba896543dee65c4d9b
CLM-000405,train,Valid Claim,2,data/claim_cards/train/Valid Claim/CLM-000405_v2.jpg,c4c3e2852e4e2cbdf48114959fd03cbce580c9744567b031c87ab4b2b84dd603
CLM-000406,train,Valid Claim,1,data/claim_cards/train/Valid Claim/CLM-000406_v1.jpg,fbde4b4adb7bd25e3a52fcba2899f62b4a036f3c6515a4ccac0fd10ef09b25d4
CLM-000406,train,Valid Claim,2,data/claim_cards/train/Valid Claim/CLM-000406_v2.jpg,4db7f89559c51a710bb54133d3cab5efc673792e076d1cfa64f3ea92478f0534
CLM-000407,train,Valid Claim,1,data/claim_cards/train/Valid Claim/CLM-000407_v1.jpg,dd79433b77a6fbcfca70a0f572b3779c00a815e6e76a5eb2b797d47a46205ba9
CLM-000407,train,Valid Claim,2,data/claim_cards/train/Valid Claim/CLM-000407_v2.jpg,046a7f81a5fd344a6f8bc76891713cd775ca978ea4878b920933b5a4ab867063
CLM-000408,train,Valid Claim,1,data/claim_cards/train/Valid Claim/CLM-000408_v1.jpg,5207d20356cd5fd4da9564980996437f3e83af7c7dd3a5cb8739da20d1eb7155
CLM-000408,train,Valid Claim,2,data/claim_cards/train/Valid Claim/CLM-000408_v2.jpg,e35ac22735e079837ceec38b1b7c6b2fd12c4104655f0619c41a4747faa00768
CLM-000409,train,Valid Claim,1,data/claim_cards/train/Valid Claim/CLM-000409_v1.jpg,6e6f482815bfe4dbe596ac5cc4c515ff8f75d35520344f76e105a028ac275a24
CLM-000409,train,Valid Claim,2,data/claim_cards/train/Valid Claim/CLM-000409_v2.jpg,20df1772adc9d646faa028e1703166c87ddb931ad18f1d79460494517496d1bc
CLM-000410,train,Valid Claim,1,data/claim_cards/train/Valid Claim/CLM-000410_v1.jpg,937570c5ca166576a0fba7c8cfa0884c3350451096799eb92c72454f593f986a
CLM-000410,train,Valid Claim,2,data/claim_cards/train/Valid Claim/CLM-000410_v2.jpg,92eb4bf08c7c4e71677c8df18c97d190906c9b89847fc4a0df67e37f9e28dff8
CLM-000411,train,Valid Claim,1,data/claim_cards/train/Valid Claim/CLM-000411_v1.jpg,80c5976a7ca7ddad33d3aaf9e94d6552757e17529130e7a4029f247507df5d4f
CLM-000411,train,Valid Claim,2,data/claim_cards/train/Valid Claim/CLM-000411_v2.jpg,aed1e436e3837586b6631935c3a90987db375d8a3e78561c21b4df82a9f5cc13
CLM-000412,train,Valid Claim,1,data/claim_cards/train/Valid Claim/CLM-000412_v1.jpg,80d3d1298463078942a9b172182029052e1571f1d7645b5766df98e132c31b39
CLM-000412,train,Valid Claim,2,data/claim_cards/train/Valid Claim/CLM-000412_v2.jpg,4518966f598d92005b20f0a740d3d8d2155e8dbd9f74c7eecae2fba058b181ee
CLM-000413,validation,Valid Claim,1,data/claim_cards/validation/Valid Claim/CLM-000413_v1.jpg,3dbdb7f3becd34cc69809c0acd7ba664a918258c4a14b9f5846c2735e7f8b7df
CLM-000414,test,Valid Claim,1,data/claim_cards/test/Valid Claim/CLM-000414_v1.jpg,aab3d7f89a4109896248c324304133e3a4435b03111d18f65378b5dffe0cc31f
CLM-000415,train,Valid Claim,1,data/claim_cards/train/Valid Claim/CLM-000415_v1.jpg,675073dc4705faa3e7f1ea6bba3f1ce38bbfd87025bf34e897f600b3ca2dd8cd
CLM-000415,train,Valid Claim,2,data/claim_cards/train/Valid Claim/CLM-000415_v2.jpg,162456c952bdbcf48600a5a411795167bab3b9a87c9dd351a7856b68fd810a56
CLM-000416,train,Valid Claim,1,data/claim_cards/train/Valid Claim/CLM-000416_v1.jpg,77b5486ffb1849b80e4cfb0a6e44fa32047666329c6eb4a7289ae9e4bcd176d9
CLM-000416,train,Valid Claim,2,data/claim_cards/train/Valid Claim/CLM-000416_v2.jpg,c5e6250da91a222a5d278bb74cf22a3ce259aae8ffd7cc7c195b61524c60d7b0
CLM-000417,train,Valid Claim,1,data/claim_cards/train/Valid Claim/CLM-000417_v1.jpg,9d60de9132e6aacb1717185b6e83315b1cc9be9ef74cf4e6fb1aa9e1b9a31323
CLM-000417,train,Valid Claim,2,data/claim_cards/train/Valid Claim/CLM-000417_v2.jpg,ba49721d53d4658e111b4ac949e2895615c616520eda6249c7b06e8c8f1d677f
CLM-000418,train,Valid Claim,1,data/claim_cards/train/Valid Claim/CLM-000418_v1.jpg,00e72ac456bedfc869e5a6464ed62c1546ea667f4292eb675a2cf07ceece690a
CLM-000418,train,Valid Claim,2,data/claim_cards/train/Valid Claim/CLM-000418_v2.jpg,3c0207c79b8b1e90cdf2c46e2d3ba034df7f8b0fb4b77c65dae7225b111d8198
CLM-000419,train,Valid Claim,1,data/claim_cards/train/Valid Claim/CLM-000419_v1.jpg,b8c2d13861fa7d8758efffb996fb57edda4a64d7e329cdf6016300df58a042fb
CLM-000419,train,Valid Claim,2,data/claim_cards/train/Valid Claim/CLM-000419_v2.jpg,b7ddd844f7ce156407a0631f3da2f9623bb81a7c5f66cde45bb99ccce8130b9c
CLM-000420,validation,Valid Claim,1,data/claim_cards/validation/Valid Claim/CLM-000420_v1.jpg,a17f71826d7d8d56d35ec63c88ceb20c19c62912728bb634cd4e7fa9eb061cac
CLM-000421,train,Valid Claim,1,data/claim_cards/train/Valid Claim/CLM-000421_v1.jpg,18c86db01433ae216631bed3fac39bf803dcf577e099da9549306eb006fa7e07
CLM-000421,train,Valid Claim,2,data/claim_cards/train/Valid Claim/CLM-000421_v2.jpg,f3518156e3e5566fa631eba5e505da0ac87e0bdfec565ce2dfc4a6e72afc2e0d
CLM-000422,train,Valid Claim,1,data/claim_cards/train/Valid Claim/CLM-000422_v1.jpg,a98edbe6dd118eca3f06cb9937689acf10e4bfc1292fd5f42e6a0c82bc446c40
CLM-000422,train,Valid Claim,2,data/claim_cards/train/Valid Claim/CLM-000422_v2.jpg,d49d4ebbf6c712abe688ea5b868ac6a4dc3025f8f7e918b6a9fbc8216f4cb439
CLM-000423,train,Valid Claim,1,data/claim_cards/train/Valid Claim/CLM-000423_v1.jpg,373b6f5ca882dc8361aa0a88d0a806b2abb7733de7ef65aafdaaf17e347021ee
CLM-000423,train,Valid Claim,2,data/claim_cards/train/Valid Claim/CLM-000423_v2.jpg,ae41ea389b9999dc0579ef2ed6e349edeba4f5ba8bf23695b342b8ba0a9d4a94
CLM-000424,train,Valid Claim,1,data/claim_cards/train/Valid Claim/CLM-000424_v1.jpg,65da9e872857b0d81591f63a0782cea246204061bc406b59f4c3461ed3320612
CLM-000424,train,Valid Claim,2,data/claim_cards/train/Valid Claim/CLM-000424_v2.jpg,9f472c71ea2a6dce67006e8c011b3f96fb18f91f8df30656420d5d8ea4afe155
CLM-000425,validation,Valid Claim,1,data/claim_cards/validation/Valid Claim/CLM-000425_v1.jpg,9adbee26e6827fa8a07e6dc867b9bdb66c03909c774f89f2a3eb21c83559c6b2
CLM-000426,validation,Valid Claim,1,data/claim_cards/validation/Valid Claim/CLM-000426_v1.jpg,e23070f6298ad6df667c9bfd547c521059356db29da5e1c7b6bcd8bdeafd1c4e
CLM-000427,train,Valid Claim,1,data/claim_cards/train/Valid Claim/CLM-000427_v1.jpg,2231e9d2ad705c83258807a14b6691fbdb7294b3c746a7973aa0849a456a0bca
CLM-000427,train,Valid Claim,2,data/claim_cards/train/Valid Claim/CLM-000427_v2.jpg,058ee0b5d90ca69864a726c478dc3b0e73b169acc143734bf3e8dea1426c35a6
CLM-000428,test,Valid Claim,1,data/claim_cards/test/Valid Claim/CLM-000428_v1.jpg,420c2c10f0c13065e58082ec7db7fd4601d143a24095cd158d8b998f2046533e
CLM-000429,train,Valid Claim,1,data/claim_cards/train/Valid Claim/CLM-000429_v1.jpg,38f0ad768fa45376cf3f494325d9fe601f35192fd69727dbdb2427e820c30bec
CLM-000429,train,Valid Claim,2,data/claim_cards/train/Valid Claim/CLM-000429_v2.jpg,7b60538004a17605c5131919543c0eb312de66ebd278b946ab31dd22e20e8822
CLM-000430,validation,Valid Claim,1,data/claim_cards/validation/Valid Claim/CLM-000430_v1.jpg,ee6512740a1ada00309ee9d641a359f8eb76e5cb2dc649c4c2f18ab27f8c05ca
CLM-000431,validation,Valid Claim,1,data/claim_cards/validation/Valid Claim/CLM-000431_v1.jpg,4244bc0700c44be77766f725b4f34ebfea8dc1ae4177d5bacd2f4684f45aaa9a
CLM-000432,train,Valid Claim,1,data/claim_cards/train/Valid Claim/CLM-000432_v1.jpg,cca398eca00cce52b122546c81607acc8628c8e32c231411f33b1911e7a8d3a3
CLM-000432,train,Valid Claim,2,data/claim_cards/train/Valid Claim/CLM-000432_v2.jpg,c24047993677f6e200f9b07e5265ae5c35f092fbdf634f9348ba634782afd285
CLM-000433,train,Valid Claim,1,data/claim_cards/train/Valid Claim/CLM-000433_v1.jpg,06cbc1e5f22c90b9e5244021b315a8d926cdc120671327ec7c1e20dad4d066cc
CLM-000433,train,Valid Claim,2,data/claim_cards/train/Valid Claim/CLM-000433_v2.jpg,f3ef67b85590d45d47cef08049bb5800f223e5fcf1ff111199ec747ec32c65e3
CLM-000434,train,Valid Claim,1,data/claim_cards/train/Valid Claim/CLM-000434_v1.jpg,59f49de4f7dcd84b245283cf0cba057cfdbf78dd2efb39ea49887a766e8795c9
CLM-000434,train,Valid Claim,2,data/claim_cards/train/Valid Claim/CLM-000434_v2.jpg,a678fee743252881d12758be8fe24a1b9e88d83acedc332671dad5322b6fa7ed
CLM-000435,validation,Valid Claim,1,data/claim_cards/validation/Valid Claim/CLM-000435_v1.jpg,e7706c144685622895c40a90cc9ec081fc04dd0713e5858b962dc2e510b26fec
CLM-000436,test,Valid Claim,1,data/claim_cards/test/Valid Claim/CLM-000436_v1.jpg,c938dff8321e5cdaa760ea6449ad2e9d3a05dd1d869a8e5a057a4d73e34ec267
CLM-000437,train,Valid Claim,1,data/claim_cards/train/Valid Claim/CLM-000437_v1.jpg,0dbc98ad80290378c3c039a2092edcccf8aae40b549b30fbead4453ab68bc067
CLM-000437,train,Valid Claim,2,data/claim_cards/train/Valid Claim/CLM-000437_v2.jpg,ccf5350842c9839746adcb7afca49948ec92b729aa4f324574e5076af4500a2d
CLM-000438,train,Valid Claim,1,data/claim_cards/train/Valid Claim/CLM-000438_v1.jpg,74b2bcaa9a3a08477dfda7a9d4bce6a169017326e3028ec0890c2d0f4228a299
CLM-000438,train,Valid Claim,2,data/claim_cards/train/Valid Claim/CLM-000438_v2.jpg,8b095a18bb8f47a8715d77e2125d858268b07278b27d696b19d25a47e31a9682
CLM-000439,train,Valid Claim,1,data/claim_cards/train/Valid Claim/CLM-000439_v1.jpg,b7da9f388545f6c56859e2af334327735b5e77cbf470efcf5c2aa70044a57093
CLM-000439,train,Valid Claim,2,data/claim_cards/train/Valid Claim/CLM-000439_v2.jpg,7da1322bcf4b126da47992b95b57926209afb17ebacc30389a3d7ffe3ab7419e
CLM-000440,train,Valid Claim,1,data/claim_cards/train/Valid Claim/CLM-000440_v1.jpg,da24a3d7753ca18030f127bd0653158cb45bbe0d0951858ffc5163417bc9de18
CLM-000440,train,Valid Claim,2,data/claim_cards/train/Valid Claim/CLM-000440_v2.jpg,68b106f750c470f049f1021abc5c522a8c9852dbf4adfb28379366a5420ee5bd
CLM-000441,train,Valid Claim,1,data/claim_cards/train/Valid Claim/CLM-000441_v1.jpg,7397d88702d5b8370aa8bc0b0ea9e4fa7b89b1885809a982639983e6572fcf3c
CLM-000441,train,Valid Claim,2,data/claim_cards/train/Valid Claim/CLM-000441_v2.jpg,da94b6e51207f46c4937a54ba4bb996209a564fe18363790b1816235391a121b
CLM-000442,validation,Valid Claim,1,data/claim_cards/validation/Valid Claim/CLM-000442_v1.jpg,b59406139b17b5895e56748d1204f6c488afa71967903084f227b6c7e8267a95
CLM-000443,train,Valid Claim,1,data/claim_cards/train/Valid Claim/CLM-000443_v1.jpg,7b9e3a387a1e7644ddec612e9e1ba0533ef73bb8b14a417c477ea58ed94a138b
CLM-000443,train,Valid Claim,2,data/claim_cards/train/Valid Claim/CLM-000443_v2.jpg,6c1998b2ade8cb0165e252a73a39cecfa1cce449dbfb07f48574b2a28ca74292
CLM-000444,test,Valid Claim,1,data/claim_cards/test/Valid Claim/CLM-000444_v1.jpg,d30fba81d0a3be642ec4e3791b3601a3e6556ea1e6563eb23652651cc07cb5e6
CLM-000445,train,Valid Claim,1,data/claim_cards/train/Valid Claim/CLM-000445_v1.jpg,18d9699ec61721518f44ac61a23341eb41ceb018eea24c0d37cd537f35452976
CLM-000445,train,Valid Claim,2,data/claim_cards/train/Valid Claim/CLM-000445_v2.jpg,d2b743960a8eb4e87cd60aa9fb68b43e7311f0313481fb879141dc6d7645ca97
CLM-000446,test,Valid Claim,1,data/claim_cards/test/Valid Claim/CLM-000446_v1.jpg,6f2c4bab62600495cf8bfd298d0d2b07fc65975ca9e8d6c139b7cc35e76dd307
CLM-000447,validation,Valid Claim,1,data/claim_cards/validation/Valid Claim/CLM-000447_v1.jpg,cd65d1596d0dad8d43c1aa8e99fb7d7b0211dab5b1d1baf69aaa4f485ae6ca3b
CLM-000448,train,Valid Claim,1,data/claim_cards/train/Valid Claim/CLM-000448_v1.jpg,c146020ef9b9fea78f1331a8a22276f7c5c4e5f16586ae9637c9c457cdd0acf8
CLM-000448,train,Valid Claim,2,data/claim_cards/train/Valid Claim/CLM-000448_v2.jpg,ca207c1360d575fed5054f405025bf526605e36b33d9a1508cbed5a927bfec67
CLM-000449,validation,Valid Claim,1,data/claim_cards/validation/Valid Claim/CLM-000449_v1.jpg,e8e7c3e5921073f692d2cf0d776123be8561460c5b40c8d29c096d70fce149dd
CLM-000450,train,Valid Claim,1,data/claim_cards/train/Valid Claim/CLM-000450_v1.jpg,7d7e802c51802d84e0693f5272cf2efd3b8c22ba7135b022b13a70e1166b860e
CLM-000450,train,Valid Claim,2,data/claim_cards/train/Valid Claim/CLM-000450_v2.jpg,e6ae611afaca8212e13b259a0dfe99b8aa2d87e6ff04919e52ddeb88b3fb81d1
CLM-000451,train,Valid Claim,1,data/claim_cards/train/Valid Claim/CLM-000451_v1.jpg,b992fc51dd2b8a12eb1c967511290949568f1c2f73ef4e9593ba1d446289d94f
CLM-000451,train,Valid Claim,2,data/claim_cards/train/Valid Claim/CLM-000451_v2.jpg,2eceec9dbe6b27dbf75d913e15aa060d79ab32dbb020a413d96b8b5012976542
CLM-000452,train,Valid Claim,1,data/claim_cards/train/Valid Claim/CLM-000452_v1.jpg,1257367b23e8d32785197c52f3a3d224d339eb148fbd66c5e93336c25d581496
CLM-000452,train,Valid Claim,2,data/claim_cards/train/Valid Claim/CLM-000452_v2.jpg,534bbd198a6597f2bed9befcf0d2b97b9dc7e112355c71c523b61e52e35d0d41
CLM-000453,train,Valid Claim,1,data/claim_cards/train/Valid Claim/CLM-000453_v1.jpg,6eeee916d758dcec1c853c1e536b2a892ddf141fa653ed78c7e319584f5f25a9
CLM-000453,train,Valid Claim,2,data/claim_cards/train/Valid Claim/CLM-000453_v2.jpg,aae3ed46d471888f9a410ba878efcc69029a4c26bc79ccb0fec79a4ba2d12c2e
CLM-000454,train,Valid Claim,1,data/claim_cards/train/Valid Claim/CLM-000454_v1.jpg,c88d6082691400b5a967cf22b7e9fcb72b0749f691d8fe77d13e608f1c397ec0
CLM-000454,train,Valid Claim,2,data/claim_cards/train/Valid Claim/CLM-000454_v2.jpg,5b6ca24f9f042efe7510bf519ea91627f5c7b8879078427f3d69599cf12f7759
CLM-000455,train,Valid Claim,1,data/claim_cards/train/Valid Claim/CLM-000455_v1.jpg,25ca45df8c4bbca2f794c0c3d910b16beff6c965145ceb825b47b42017cd9c75
CLM-000455,train,Valid Claim,2,data/claim_cards/train/Valid Claim/CLM-000455_v2.jpg,17d477ebb849730af61af76c284f2be0543f3c4de536266d8f9ee17d51bd9537
CLM-000456,train,Valid Claim,1,data/claim_cards/train/Valid Claim/CLM-000456_v1.jpg,b714d9f23a2f6226a778114bb758102974ad6fbe77b0eec9af4dfe9b48dd3ce4
CLM-000456,train,Valid Claim,2,data/claim_cards/train/Valid Claim/CLM-000456_v2.jpg,08a990c2439fde60b14a3e88c9bce46f97b93a14b290550fb56087db77e268bf
CLM-000457,test,Valid Claim,1,data/claim_cards/test/Valid Claim/CLM-000457_v1.jpg,72558e0a512f19ed294bf0bdb0295274fb36326913603cf302a9780021477f6e
CLM-000458,validation,Valid Claim,1,data/claim_cards/validation/Valid Claim/CLM-000458_v1.jpg,e7f9cdfc60b398461bd1bdea49de6fcbf81be47d5a8875278bdea1cd7eff71a1
CLM-000459,test,Valid Claim,1,data/claim_cards/test/Valid Claim/CLM-000459_v1.jpg,4fd9c59000eb02213bd8ccba07df4bec8c5c6fbf9333f9059c9db56fe1ee9eea
CLM-000460,test,Valid Claim,1,data/claim_cards/test/Valid Claim/CLM-000460_v1.jpg,582cf76ddec75b5e754fc4e9c49c8f5e2c7827516611611c714c3622c3e71880
CLM-000461,train,Valid Claim,1,data/claim_cards/train/Valid Claim/CLM-000461_v1.jpg,ce5a07270464717a36749658928df7a2406aa81af8eb54a8726ae4cdd14092ed
CLM-000461,train,Valid Claim,2,data/claim_cards/train/Valid Claim/CLM-000461_v2.jpg,1d2272c2321db4bd8241aff066e06b035e898403049a9490b347bee8faee8e9f
CLM-000462,train,Valid Claim,1,data/claim_cards/train/Valid Claim/CLM-000462_v1.jpg,8406bfd6be18bc1bac82c64995af90176c9ad04be87dbdc4e3258df5fad5f368
CLM-000462,train,Valid Claim,2,data/claim_cards/train/Valid Claim/CLM-000462_v2.jpg,65c0fd174a1ee385c02b9df446c871e70aaa6057b7d57c0abd4b253bbbc2c3d5
CLM-000463,train,Valid Claim,1,data/claim_cards/train/Valid Claim/CLM-000463_v1.jpg,509ec66da8cbbef326d2e5e83d138846a9df6a098fa50933922fc91e2b0c7ade
CLM-000463,train,Valid Claim,2,data/claim_cards/train/Valid Claim/CLM-000463_v2.jpg,e101feb9e67575fda7c41a9bfcabdc9f78487cb612476aa6cb3343c05078586b
CLM-000464,validation,Valid Claim,1,data/claim_cards/validation/Valid Claim/CLM-000464_v1.jpg,be572b8e048bff540acf22e8d4ab821567c468d66119ef80ae89a85d381cf2d7
CLM-000465,train,Valid Claim,1,data/claim_cards/train/Valid Claim/CLM-000465_v1.jpg,fbce231e4cdebce6e7ca1f282a004518669dce52e5e1f15ed975661ad6e0445d
CLM-000465,train,Valid Claim,2,data/claim_cards/train/Valid Claim/CLM-000465_v2.jpg,0dc6403bb35588b260b8833410dde4fdda7ca0ffa427ff35196f42148f38386d
CLM-000466,train,Valid Claim,1,data/claim_cards/train/Valid Claim/CLM-000466_v1.jpg,9db3a356e4be11fb0bc11db4b10594fc557486a4438f7a02d4bd4b9cc534670d
CLM-000466,train,Valid Claim,2,data/claim_cards/train/Valid Claim/CLM-000466_v2.jpg,d6189a3fa760dce179c73f3866dd64ec08ce030373aa384a8330b61d4013ba55
CLM-000467,test,Valid Claim,1,data/claim_cards/test/Valid Claim/CLM-000467_v1.jpg,beb698a68bd2c2c250bcde9135f10e837233ca8a5c098c8d815132dc02be0b58
CLM-000468,train,Valid Claim,1,data/claim_cards/train/Valid Claim/CLM-000468_v1.jpg,00dac84b95fd7f336efc30b91babe32efc886cd0f08d99329f750bbb8eb59b73
CLM-000468,train,Valid Claim,2,data/claim_cards/train/Valid Claim/CLM-000468_v2.jpg,8bf12da13e9adc4019d8d8875c57efc174140058b10078a457b10c2d8d136a4c
CLM-000469,validation,Valid Claim,1,data/claim_cards/validation/Valid Claim/CLM-000469_v1.jpg,1a81b6852f1b8882c7bfc583608b4b4cb47217bbf957c21b8fad6ba44b074bff
CLM-000470,train,Valid Claim,1,data/claim_cards/train/Valid Claim/CLM-000470_v1.jpg,b01a70fc6c2fd0fb4faed92b6ea42cc6eb316819d52a578e607252e7880d0c9f
CLM-000470,train,Valid Claim,2,data/claim_cards/train/Valid Claim/CLM-000470_v2.jpg,e4ab7fbef48d7b3d3f65cd107eb79542bd9d1043878c87b7d60ddaa1b7ad8597
CLM-000471,train,Valid Claim,1,data/claim_cards/train/Valid Claim/CLM-000471_v1.jpg,5eb383794da110ee4584121ed60252e02cbc78a90b641b16c8ebe4ce63afd2a8
CLM-000471,train,Valid Claim,2,data/claim_cards/train/Valid Claim/CLM-000471_v2.jpg,19fb71561a40db9e51b61d335bd8fb4aec87eda5e68643a5157e7524e593b7f3
CLM-000472,train,Valid Claim,1,data/claim_cards/train/Valid Claim/CLM-000472_v1.jpg,510da9e1b3523c9190927758cc27ccd1cca885e5a32ecc8aefc72b899cb8a2dc
CLM-000472,train,Valid Claim,2,data/claim_cards/train/Valid Claim/CLM-000472_v2.jpg,fffee29961d4bc14eb0e9b6b03efaaae9f055207b165d1dc61b7dd5753b45d5a
CLM-000473,train,Valid Claim,1,data/claim_cards/train/Valid Claim/CLM-000473_v1.jpg,270a8d5b08032dee3e46247ee85fd0a068f37dc9ea2d9f771604fca08fb8fed8
CLM-000473,train,Valid Claim,2,data/claim_cards/train/Valid Claim/CLM-000473_v2.jpg,dab90414464a989e81b098202222b1820f4b8a8813c77d250a87fdfa26118b55
CLM-000474,test,Valid Claim,1,data/claim_cards/test/Valid Claim/CLM-000474_v1.jpg,3f6be789538e421e76541845743aba98851abeff6a1e097da31e62585a090f05
CLM-000475,train,Valid Claim,1,data/claim_cards/train/Valid Claim/CLM-000475_v1.jpg,f9bd5ee6c97747832cb60977deb4c1a214676d6415c620ef8baee9a21faf59cb
CLM-000475,train,Valid Claim,2,data/claim_cards/train/Valid Claim/CLM-000475_v2.jpg,130d50afe02914aef082bab469d6b5b99c93af4a2d6768ffd74ffc9bd037d913
CLM-000476,train,Valid Claim,1,data/claim_cards/train/Valid Claim/CLM-000476_v1.jpg,7d21fb707d67421ec70bd3700ba939fd901d274aac45354acfcfdcb495c75671
CLM-000476,train,Valid Claim,2,data/claim_cards/train/Valid Claim/CLM-000476_v2.jpg,efe66fe91389c849cc9e45df62261de2dd8cbfce713dce4d59b5f0220ca3f15b
CLM-000477,validation,Valid Claim,1,data/claim_cards/validation/Valid Claim/CLM-000477_v1.jpg,a829c38fdf2af588a141e19e22d22222a0bcbf471fa3b1d6589529ae14bc3f36
CLM-000478,train,Valid Claim,1,data/claim_cards/train/Valid Claim/CLM-000478_v1.jpg,5ac1a2504612d3f7ddaa0c79301076578a834a68550781900ceb506006afed51
CLM-000478,train,Valid Claim,2,data/claim_cards/train/Valid Claim/CLM-000478_v2.jpg,57fd2262701757e837f9035eb411d5148707287652ddf446b938d40846a84499
CLM-000479,train,Valid Claim,1,data/claim_cards/train/Valid Claim/CLM-000479_v1.jpg,610019d0ca4343b3d7f6aae32667e9fb51a2b483f0c8247ff4039ebca3afbf97
CLM-000479,train,Valid Claim,2,data/claim_cards/train/Valid Claim/CLM-000479_v2.jpg,55af0ccbe325939661b0d147600aa06ef0b9fa3559a03d9566547e87e89ba7bf
CLM-000480,train,Valid Claim,1,data/claim_cards/train/Valid Claim/CLM-000480_v1.jpg,21784a9880e56b4cdcd4f38b56d30542dcf4fb334b9e8ce1b6660d48cdf620a4
CLM-000480,train,Valid Claim,2,data/claim_cards/train/Valid Claim/CLM-000480_v2.jpg,ff65a91471600c0921f8ba6e1bd1bdf91c28e65b8bb905dc6b080fb254e78d09
CLM-000481,test,Valid Claim,1,data/claim_cards/test/Valid Claim/CLM-000481_v1.jpg,bed5e0575da5494a11a2d2188bb4e4805980ece11810c24847bc6f27ab1145c4
CLM-000482,train,Valid Claim,1,data/claim_cards/train/Valid Claim/CLM-000482_v1.jpg,d622119aa3063a09549ce57aa73c52793ee097f6e93d569e2f0c6718de5f3461
CLM-000482,train,Valid Claim,2,data/claim_cards/train/Valid Claim/CLM-000482_v2.jpg,afc9307e23ca4976730d39baecc1ac71d4de3de485463a7e43708b90f94d04e7
CLM-000483,validation,Valid Claim,1,data/claim_cards/validation/Valid Claim/CLM-000483_v1.jpg,abb7f97d10a9dae291d83f4d795f1b22c8eabae662d8db81b7bce943da4e19a6
CLM-000484,train,Valid Claim,1,data/claim_cards/train/Valid Claim/CLM-000484_v1.jpg,7fa9ca51a8492772df4e7f06ba841e9cd50313237bb94adc7d0d5909b26418ff
CLM-000484,train,Valid Claim,2,data/claim_cards/train/Valid Claim/CLM-000484_v2.jpg,e39b691a39f4837114c18d69243a0f6f44ea588ef4388810a41922bf5e4443ba
CLM-000485,train,Valid Claim,1,data/claim_cards/train/Valid Claim/CLM-000485_v1.jpg,5d7f8918d1fa4f8cafe10a481166971c389d24010525bc3e3daa2f3321b82991
CLM-000485,train,Valid Claim,2,data/claim_cards/train/Valid Claim/CLM-000485_v2.jpg,8abf339ad5bfdfbd779ee600f9c9379095b096b413543765d9f29abf1f4a0985
CLM-000486,train,Valid Claim,1,data/claim_cards/train/Valid Claim/CLM-000486_v1.jpg,da30478262c66f40d878bc68e3c5b27300804d8ff562fc5e703806a5d5e4c8ec
CLM-000486,train,Valid Claim,2,data/claim_cards/train/Valid Claim/CLM-000486_v2.jpg,4f745393e859577dd3a98e2f7a3dd03687681ada30fffcc1f06196b0d54a5867
CLM-000487,validation,Valid Claim,1,data/claim_cards/validation/Valid Claim/CLM-000487_v1.jpg,389cd4a39afe036e4059eccdcd57aa0270c6ece7b6bd9e0502ff0f160e3707a0
CLM-000488,train,Valid Claim,1,data/claim_cards/train/Valid Claim/CLM-000488_v1.jpg,3bf604f98254820b60164ebe70b7485140fb06063705a65c1c43f3654c335d8a
CLM-000488,train,Valid Claim,2,data/claim_cards/train/Valid Claim/CLM-000488_v2.jpg,512311bb6b3b629c296d0329bf5c02a62427c6377d84f2dae6a2146c06bd8fab
CLM-000489,validation,Valid Claim,1,data/claim_cards/validation/Valid Claim/CLM-000489_v1.jpg,33c3aed257209e674ebbc4d844619070ea6010b974ea0dc05d6332b2aab2fa8d
CLM-000490,train,Valid Claim,1,data/claim_cards/train/Valid Claim/CLM-000490_v1.jpg,d0003a2b68627a44a38264593e72978d10bdd3ccc5100d68b5779ef2e400dd38
CLM-000490,train,Valid Claim,2,data/claim_cards/train/Valid Claim/CLM-000490_v2.jpg,a2f8b2f710a75e9f3101a66a3ee2e0c9f8c34cf5cd6dbcccae0308b707b2df99
CLM-000491,train,Valid Claim,1,data/claim_cards/train/Valid Claim/CLM-000491_v1.jpg,93d78aa35bf45a0c8117d746897f974bf50a3ab681401d6987d39529195caaf6
CLM-000491,train,Valid Claim,2,data/claim_cards/train/Valid Claim/CLM-000491_v2.jpg,a09d0b3f1ea3e619e4014d27b73b037e5320243f140791746c7c0885385e3c81
CLM-000492,train,Valid Claim,1,data/claim_cards/train/Valid Claim/CLM-000492_v1.jpg,c9d45a8a4fd334c42d85ec97b7acf3c653e19ffa4cd7de611514b0a919532b6c
CLM-000492,train,Valid Claim,2,data/claim_cards/train/Valid Claim/CLM-000492_v2.jpg,c86b42d3fc272d06b5faca4ad6b5515fa0708699cb3507df87435b300455fb26
CLM-000493,test,Valid Claim,1,data/claim_cards/test/Valid Claim/CLM-000493_v1.jpg,4c47209b06157bfec67de6cf0105689c3ec947e803ffbf49adcf0665507ff1b2
CLM-000494,train,Valid Claim,1,data/claim_cards/train/Valid Claim/CLM-000494_v1.jpg,33958f92b817fa94fdf8bd354bdf9d966a5846dc43f4e6ccee4475497e8cfc69
CLM-000494,train,Valid Claim,2,data/claim_cards/train/Valid Claim/CLM-000494_v2.jpg,f29f4caa739690692c5b46023c89754674cb689b3aac1d71b9636182656ede6e
CLM-000495,train,Valid Claim,1,data/claim_cards/train/Valid Claim/CLM-000495_v1.jpg,52cbb9fdd3c6adc4bfb35d4fe9ff2346ab4b8b6f16eb988e4a9fb0bec428b466
CLM-000495,train,Valid Claim,2,data/claim_cards/train/Valid Claim/CLM-000495_v2.jpg,926f6817c15fc811d12216fb7505722f25e11963592a0abd2331e377f612bc90
CLM-000496,train,Valid Claim,1,data/claim_cards/train/Valid Claim/CLM-000496_v1.jpg,54f77b35bbebd5cb01233d498c8510ae3bbd020437cee435c4e0cd1c79a69ba9
CLM-000496,train,Valid Claim,2,data/claim_cards/train/Valid Claim/CLM-000496_v2.jpg,3417a0605415a7c9797ebf828f173aa248be676cd212ca08c3616aad55fe1aa7
CLM-000497,test,Valid Claim,1,data/claim_cards/test/Valid Claim/CLM-000497_v1.jpg,7e8951227a9708911e8709882b6aeeeb770835c3f8c3264b7eb9451b000dbac5
CLM-000498,train,Valid Claim,1,data/claim_cards/train/Valid Claim/CLM-000498_v1.jpg,5def333b0ffe157381d3edf77a61e0c601a37eb009a374045bcf956a659fb3c2
CLM-000498,train,Valid Claim,2,data/claim_cards/train/Valid Claim/CLM-000498_v2.jpg,69e605747aa1213acd4fdaea993e2b0337af090c33becc5d866e8a999b262669
CLM-000499,train,Valid Claim,1,data/claim_cards/train/Valid Claim/CLM-000499_v1.jpg,59f2cd8fc0db8bd45588cd9c393e7d14eb3abea4c4826a3738116459de317393
CLM-000499,train,Valid Claim,2,data/claim_cards/train/Valid Claim/CLM-000499_v2.jpg,ffd70aa01bcd82ba5f69236614cec742d4761f8793f249165db6af94bce3748c
CLM-000500,test,Valid Claim,1,data/claim_cards/test/Valid Claim/CLM-000500_v1.jpg,e05819e2f642da14ba12f7a3c818f58eaf103788e1ff2be9bfa4bb78c504c0bf
CLM-000501,train,Invalid Claim,1,data/claim_cards/train/Invalid Claim/CLM-000501_v1.jpg,bdd7080a7751102f7d32ffe92d0858b423f63cec96081cd202e1d0f02394d2c0
CLM-000501,train,Invalid Claim,2,data/claim_cards/train/Invalid Claim/CLM-000501_v2.jpg,9939e7e5a635ccc268ab0453463faf53ae010b33e6c467d0ef9f8bfd3b107416
CLM-000502,validation,Invalid Claim,1,data/claim_cards/validation/Invalid Claim/CLM-000502_v1.jpg,906fef305ebfd5adaabec4d79ce81aba4773131c1f9065bd7c8a2d3d81c302d0
CLM-000503,train,Invalid Claim,1,data/claim_cards/train/Invalid Claim/CLM-000503_v1.jpg,0131bd604e3852f10fe477ba28eef8dfe82c4014809924715e95de814e00c5fd
CLM-000503,train,Invalid Claim,2,data/claim_cards/train/Invalid Claim/CLM-000503_v2.jpg,b4380ff40c7afe243b4e6c033e3f904d522c067f80855b3fdb603a441ab88ac6
CLM-000504,train,Invalid Claim,1,data/claim_cards/train/Invalid Claim/CLM-000504_v1.jpg,51fc684a5c035d502366b611fe37ded45a93e7aca585504489cb7db7dc066d85
CLM-000504,train,Invalid Claim,2,data/claim_cards/train/Invalid Claim/CLM-000504_v2.jpg,72bb641c4e12af6c398208c525e423e5c10f38a369c95f3660762db3df9d5188
CLM-000505,validation,Invalid Claim,1,data/claim_cards/validation/Invalid Claim/CLM-000505_v1.jpg,6715b333854118c8258dadd23d427e058eb3c336861d31a7fa1faaab463d1c3a
CLM-000506,train,Invalid Claim,1,data/claim_cards/train/Invalid Claim/CLM-000506_v1.jpg,9043337114637623003691a6a675015a81d95472f55b3bf153bc8df490b753d5
CLM-000506,train,Invalid Claim,2,data/claim_cards/train/Invalid Claim/CLM-000506_v2.jpg,f7ab0b781dc9250b03b1e1fd0ebaab65b7b2a9738c2216d827dac9e9f049c73f
CLM-000507,train,Invalid Claim,1,data/claim_cards/train/Invalid Claim/CLM-000507_v1.jpg,76bcef0c75f90fdaf7d91ea69213e1dbbc2219847509dce2930f54dc603e6696
CLM-000507,train,Invalid Claim,2,data/claim_cards/train/Invalid Claim/CLM-000507_v2.jpg,d6248a3bfb5215cb966fc6ba691d8ce10abe251da7c545266e40c3a3bb722473
CLM-000508,train,Invalid Claim,1,data/claim_cards/train/Invalid Claim/CLM-000508_v1.jpg,69cff94bcc058c751b55b9e2361afc77b0a72136aed53e10d8a26cbc24616cb8
CLM-000508,train,Invalid Claim,2,data/claim_cards/train/Invalid Claim/CLM-000508_v2.jpg,dd72b34d2f9a5f442165ab49faba75a95834de9236a598421a5d1c25e0ffeb5f
CLM-000509,validation,Invalid Claim,1,data/claim_cards/validation/Invalid Claim/CLM-000509_v1.jpg,2f6b976d8362f420e346c1421c9fee681bc080e1c11114d86bfd09718211244a
CLM-000510,train,Invalid Claim,1,data/claim_cards/train/Invalid Claim/CLM-000510_v1.jpg,9031a793e610996a80749a5f1f3d8235403d028d381a05189eb0cd956b884465
CLM-000510,train,Invalid Claim,2,data/claim_cards/train/Invalid Claim/CLM-000510_v2.jpg,b530d68c825342f8362d85ad5a3878168bfb343900efd6017f848c890588f954
CLM-000511,train,Invalid Claim,1,data/claim_cards/train/Invalid Claim/CLM-000511_v1.jpg,928b0a8ddab32d8e227822735e9a11aa80288c6330f790e363c88e5243854d87
CLM-000511,train,Invalid Claim,2,data/claim_cards/train/Invalid Claim/CLM-000511_v2.jpg,61ce1c7031e175bce0bbd34d191e0db295d0a574038e38437fae7fa73a81db02
CLM-000512,train,Invalid Claim,1,data/claim_cards/train/Invalid Claim/CLM-000512_v1.jpg,0ebcdd2bcde68a28c08277241fb7e2fd6fdb8f4fe2c33c8c0e207e66a854ecc9
CLM-000512,train,Invalid Claim,2,data/claim_cards/train/Invalid Claim/CLM-000512_v2.jpg,e6aa0b319c3aca0310684a2025aa9dc50b1fb92ffd9b5198f0db4ac427c95760
CLM-000513,train,Invalid Claim,1,data/claim_cards/train/Invalid Claim/CLM-000513_v1.jpg,2aa62ff66410d0e22ba2778202daa4c100a827448e0c795d6be7dc800d348cc1
CLM-000513,train,Invalid Claim,2,data/claim_cards/train/Invalid Claim/CLM-000513_v2.jpg,b3333be6fb364ade00d36e92dc2f65ef3b83f9267390bdc45b45c32cb8d35fe4
CLM-000514,test,Invalid Claim,1,data/claim_cards/test/Invalid Claim/CLM-000514_v1.jpg,f3c96e5751bb3a956e675eb56f48ffb4c69d08fd6cdcdfc4a820ff443129b700
CLM-000515,validation,Invalid Claim,1,data/claim_cards/validation/Invalid Claim/CLM-000515_v1.jpg,eaa3bce69f733b5041c873e2b3c41b98f94e6823c77acbcf2cd2b240387ad135
CLM-000516,train,Invalid Claim,1,data/claim_cards/train/Invalid Claim/CLM-000516_v1.jpg,fa20115184af8aeb2b58cc12842e19941dad2479f4b5cdbe5ca9ee55fed15f06
CLM-000516,train,Invalid Claim,2,data/claim_cards/train/Invalid Claim/CLM-000516_v2.jpg,f3ee691c7019fce01410552a7f86e0eca8375d538762c04bfe010fe89839ca9b
CLM-000517,train,Invalid Claim,1,data/claim_cards/train/Invalid Claim/CLM-000517_v1.jpg,0b7fbda43d705b5cb2925572f052b2066eb8b5c35ebf1049f06c9429d10ee362
CLM-000517,train,Invalid Claim,2,data/claim_cards/train/Invalid Claim/CLM-000517_v2.jpg,30799a101ccbb26e899022c523229e8743481df39006f72ee7c2a877edfd80ce
CLM-000518,train,Invalid Claim,1,data/claim_cards/train/Invalid Claim/CLM-000518_v1.jpg,f2832e04d55f44c671dbdd15b7b6fee77c0751ed391d2f7bc1574e7b09bd3d7d
CLM-000518,train,Invalid Claim,2,data/claim_cards/train/Invalid Claim/CLM-000518_v2.jpg,67af4f4c3db88857746c8aaf7942d8d5353e38817a5d1688896cd110ad3e347a
CLM-000519,train,Invalid Claim,1,data/claim_cards/train/Invalid Claim/CLM-000519_v1.jpg,1c2f2654614f27450862a0079982905daa961ba27727bf91a698b5610786fedf
CLM-000519,train,Invalid Claim,2,data/claim_cards/train/Invalid Claim/CLM-000519_v2.jpg,cadca0024aa771b8691d1c5fe362027daaf6909f369fefbd7d73de2f5197b63a
CLM-000520,train,Invalid Claim,1,data/claim_cards/train/Invalid Claim/CLM-000520_v1.jpg,8953a34b34098bab58acfa98565fbe6fad2c9c78c89a7340782f98416d536610
CLM-000520,train,Invalid Claim,2,data/claim_cards/train/Invalid Claim/CLM-000520_v2.jpg,356f67659ce57b72427c1fd560bec6beafe88feb792b58e977d46c2c13fd5861
CLM-000521,test,Invalid Claim,1,data/claim_cards/test/Invalid Claim/CLM-000521_v1.jpg,ad22ef711abe20e9e3d8851a77ba27e481a42296498d77b42ea978e38f7ba4e2
CLM-000522,test,Invalid Claim,1,data/claim_cards/test/Invalid Claim/CLM-000522_v1.jpg,da99423c645e5a688009bdeab60cd571a92d4c88cc8f26061dfe63b1ff4a5e96
CLM-000523,train,Invalid Claim,1,data/claim_cards/train/Invalid Claim/CLM-000523_v1.jpg,367103e5455c6bcef47b94419221efa35f7018186eaea90806a7c02df3e69579
CLM-000523,train,Invalid Claim,2,data/claim_cards/train/Invalid Claim/CLM-000523_v2.jpg,0fb7e3d83d018a691c6441e8170e9dae1138104e0c4f366a8259d1c6f357a8a0
CLM-000524,train,Invalid Claim,1,data/claim_cards/train/Invalid Claim/CLM-000524_v1.jpg,9933c5d4ec78539e2e7b6d31a6e7521a837fdab2930855e81e903d2718c61177
CLM-000524,train,Invalid Claim,2,data/claim_cards/train/Invalid Claim/CLM-000524_v2.jpg,87396e2fddde0cf4b0ea302521beaa47523661316dbb8f55ebfafbe966a4d644
CLM-000525,train,Invalid Claim,1,data/claim_cards/train/Invalid Claim/CLM-000525_v1.jpg,4faf1a215d80b7d7e8e8b6fdd31bf4f20008781215887969248f52e13f12fc7e
CLM-000525,train,Invalid Claim,2,data/claim_cards/train/Invalid Claim/CLM-000525_v2.jpg,cc71ba196e7bb2d95e778f5e9c76a896a425c34b33cc54c77851f6dd8b5aa631
CLM-000526,train,Invalid Claim,1,data/claim_cards/train/Invalid Claim/CLM-000526_v1.jpg,8153ab47e8f2aa81f444ff56ff39097550a19f33fd6110d6e6a7779ce52cc1e0
CLM-000526,train,Invalid Claim,2,data/claim_cards/train/Invalid Claim/CLM-000526_v2.jpg,5732c370749af1e56bd901f438e92e63328da79d94be603db22a4d2838ce0243
CLM-000527,train,Invalid Claim,1,data/claim_cards/train/Invalid Claim/CLM-000527_v1.jpg,711167d94a8e4265baefe0d72c6c917529a299c38166df1955491f75674a7873
CLM-000527,train,Invalid Claim,2,data/claim_cards/train/Invalid Claim/CLM-000527_v2.jpg,ecba05143c3da8993a33d949e45dfa7b20cb2f8e838c98c92c53912634554631
CLM-000528,validation,Invalid Claim,1,data/claim_cards/validation/Invalid Claim/CLM-000528_v1.jpg,b86dfd2304830900a7ce96b8734cd05bb9eedf8f36051870d66d10fb81f1c026
CLM-000529,train,Invalid Claim,1,data/claim_cards/train/Invalid Claim/CLM-000529_v1.jpg,3446deffcc94f92175374d74dfddbbd905c76e02d55e7a8d1d326ab3bf996f0b
CLM-000529,train,Invalid Claim,2,data/claim_cards/train/Invalid Claim/CLM-000529_v2.jpg,1916f96004075c0720d69320b1bd0a06f90a1c2d6b5f712d4f0ba015490fcda0
CLM-000530,train,Invalid Claim,1,data/claim_cards/train/Invalid Claim/CLM-000530_v1.jpg,baf4006e17f9083bb7c6f154a1889be1bf943ebb8abdb5aa2f7002de4054026e
CLM-000530,train,Invalid Claim,2,data/claim_cards/train/Invalid Claim/CLM-000530_v2.jpg,eba60d56a82b27064982101ca62d88873245723e079d02170096bd503c7071b0
CLM-000531,train,Invalid Claim,1,data/claim_cards/train/Invalid Claim/CLM-000531_v1.jpg,a45b89c0fb6e1d66613e57443134dca7da1564cd2bbc838a95058abf0ed8f761
CLM-000531,train,Invalid Claim,2,data/claim_cards/train/Invalid Claim/CLM-000531_v2.jpg,f59ab63856f8170cc7eb3eec06d1e6e4fd28dec15f56ef24cbd9902e993b3512
CLM-000532,train,Invalid Claim,1,data/claim_cards/train/Invalid Claim/CLM-000532_v1.jpg,e07fc2c112002a022e2235e70b487395ecbf31d0a4d7e0aef30e6b6c3b804d94
CLM-000532,train,Invalid Claim,2,data/claim_cards/train/Invalid Claim/CLM-000532_v2.jpg,caf9be057446ee9d5de617416a4b3f12367807be34102f40ded3baf190415b9a
CLM-000533,validation,Invalid Claim,1,data/claim_cards/validation/Invalid Claim/CLM-000533_v1.jpg,347aaf4dc0cafc25abc8d79f5167e9c45eadd7a1c27954fa0a514aa4828f5373
CLM-000534,train,Invalid Claim,1,data/claim_cards/train/Invalid Claim/CLM-000534_v1.jpg,b477e2f34a4325659605e9809fc287f25939667f6a1b378f5db4cd86a8cd3ac7
CLM-000534,train,Invalid Claim,2,data/claim_cards/train/Invalid Claim/CLM-000534_v2.jpg,872e413392ced04c5901133ae6ed47d4db9f701b0c516d7cdbc3e1631404e595
CLM-000535,test,Invalid Claim,1,data/claim_cards/test/Invalid Claim/CLM-000535_v1.jpg,082df02ee45b85a6ee7a6fbb8a01a7804c60127290b49828b715ca559a61f36e
CLM-000536,train,Invalid Claim,1,data/claim_cards/train/Invalid Claim/CLM-000536_v1.jpg,3b3ed0d2df2d2c54dddbe043c7d62f415092a8b7e48ae03629fd6771a4eff126
CLM-000536,train,Invalid Claim,2,data/claim_cards/train/Invalid Claim/CLM-000536_v2.jpg,323eecc6f5d68f48f40f7af0aa45e3370eb50427456b5833f7cfee452d6f201d
CLM-000537,train,Invalid Claim,1,data/claim_cards/train/Invalid Claim/CLM-000537_v1.jpg,3e5f2717bf0602becdba4099a853c53b39e4c71fc2d3d93f254f6e851f96e83e
CLM-000537,train,Invalid Claim,2,data/claim_cards/train/Invalid Claim/CLM-000537_v2.jpg,6c80dfce6ea97f441df9ccea6718c6ae3266854ed3418a5d7422aeb74f90a0a7
CLM-000538,train,Invalid Claim,1,data/claim_cards/train/Invalid Claim/CLM-000538_v1.jpg,00d68e616d652ed81bf1e6e1ba9039a621ee52ed6610d3c350329cfd253a79c5
CLM-000538,train,Invalid Claim,2,data/claim_cards/train/Invalid Claim/CLM-000538_v2.jpg,b6d44357082ccaab4683deae4461d5642543ba70597fde419a82bb6f34ee9d93
CLM-000539,train,Invalid Claim,1,data/claim_cards/train/Invalid Claim/CLM-000539_v1.jpg,484f93defaf1509c5a3f26c549d35e61c7a830d84c6026288f118dccfb8ad796
CLM-000539,train,Invalid Claim,2,data/claim_cards/train/Invalid Claim/CLM-000539_v2.jpg,6d6b8d75fbe5fa79d00b9aaff5070de2f79cdc6777126cf5d2926ccf719e652d
CLM-000540,train,Invalid Claim,1,data/claim_cards/train/Invalid Claim/CLM-000540_v1.jpg,983b848b56726fc9f670f0b6c661e4729a8197fcaa08604554fc37ae9223f8dd
CLM-000540,train,Invalid Claim,2,data/claim_cards/train/Invalid Claim/CLM-000540_v2.jpg,627a73639e34e90bd093f02d134ae5af75e73dcc911a1b28a543b7df1b148c06
CLM-000541,validation,Invalid Claim,1,data/claim_cards/validation/Invalid Claim/CLM-000541_v1.jpg,4776cd3a0ec80af1a21baead89286b079494b4939acb720672de64d328865666
CLM-000542,train,Invalid Claim,1,data/claim_cards/train/Invalid Claim/CLM-000542_v1.jpg,4f46fe7ffaa9b6486f370eb61d67d793a5428ce838bf805e24c0f4c91985aa0c
CLM-000542,train,Invalid Claim,2,data/claim_cards/train/Invalid Claim/CLM-000542_v2.jpg,94d9c77529f2c15f0ab43b5d73b42265fed9b3c29ef17ada75a5e6dd369e4a68
CLM-000543,train,Invalid Claim,1,data/claim_cards/train/Invalid Claim/CLM-000543_v1.jpg,efd46c948deb15adc487ec2ad95aaeab93f0517326fd1f3260363e62eaca490c
CLM-000543,train,Invalid Claim,2,data/claim_cards/train/Invalid Claim/CLM-000543_v2.jpg,71d0aa5f1ddb4ac16e7556c6ee65d25aafc5013e3d236fa70011f71610efd4cd
CLM-000544,validation,Invalid Claim,1,data/claim_cards/validation/Invalid Claim/CLM-000544_v1.jpg,325069376605017a736b7e081501d1cee15c9da238b8fcfab493d97bdb634d81
CLM-000545,train,Invalid Claim,1,data/claim_cards/train/Invalid Claim/CLM-000545_v1.jpg,a242119a30a45fe711c2a51619553c8146f7df1f764e22bad2db1f44ae339569
CLM-000545,train,Invalid Claim,2,data/claim_cards/train/Invalid Claim/CLM-000545_v2.jpg,360bd06b8de331940b8cade8632d51169c14a9cfa0c1bf5e43552beadc914cc5
CLM-000546,train,Invalid Claim,1,data/claim_cards/train/Invalid Claim/CLM-000546_v1.jpg,cdacefdb6925592e32c10b29ca548bdd295ac4a981b08bef519c5ef0dd83b1ea
CLM-000546,train,Invalid Claim,2,data/claim_cards/train/Invalid Claim/CLM-000546_v2.jpg,f04ac4528168f572a0d9e62ef57c2e6ba08a1e2f2278c7cbd96838ac53530f55
CLM-000547,train,Invalid Claim,1,data/claim_cards/train/Invalid Claim/CLM-000547_v1.jpg,390ea5e6a1e6f816c9c49b0d397b2417ab1c22ed7dcb9e41d383a8054e45a654
CLM-000547,train,Invalid Claim,2,data/claim_cards/train/Invalid Claim/CLM-000547_v2.jpg,b4121e83a5787ec08d4536030024597a5fcf35dd3572868c8b16616a60f1db77
CLM-000548,validation,Invalid Claim,1,data/claim_cards/validation/Invalid Claim/CLM-000548_v1.jpg,cb4c13a0aaef779da018e9bce04c6be8d12d33c7a752364ef2775621b5996f21
CLM-000549,test,Invalid Claim,1,data/claim_cards/test/Invalid Claim/CLM-000549_v1.jpg,e98fcd1aa03528124936372a698d12cded928cbf51b24fda703b40dcd8c5878a
CLM-000550,validation,Invalid Claim,1,data/claim_cards/validation/Invalid Claim/CLM-000550_v1.jpg,5e7e548151b4c5cb3de509d36c96aab2381afbec59c5ff7901c8089dc5a5f28c
CLM-000551,test,Invalid Claim,1,data/claim_cards/test/Invalid Claim/CLM-000551_v1.jpg,e0be5246bc9b05618ffe3092e8b7144a69a16829f02b88d8b01851a23725575a
CLM-000552,train,Invalid Claim,1,data/claim_cards/train/Invalid Claim/CLM-000552_v1.jpg,c3260dc570241e9be89875c03d02d1cec1896a97b7fb356d63cdb8ed8c2760b1
CLM-000552,train,Invalid Claim,2,data/claim_cards/train/Invalid Claim/CLM-000552_v2.jpg,ad8d03c123fdc0003fe773cf81229a86d55a4fd22a1ea384ae5e5a304640d3b5
CLM-000553,test,Invalid Claim,1,data/claim_cards/test/Invalid Claim/CLM-000553_v1.jpg,44a79b9b618e724802272bd3dabf35f957ca54234944e68605851b67b17ece7e
CLM-000554,validation,Invalid Claim,1,data/claim_cards/validation/Invalid Claim/CLM-000554_v1.jpg,1df14de172b19c2fb711a19a537736204474447c89a372e25b52d926ce2ee3a2
CLM-000555,test,Invalid Claim,1,data/claim_cards/test/Invalid Claim/CLM-000555_v1.jpg,aca928171a27d881c8d9f0452e5392829393d97f3555911df068dafe5e68503f
CLM-000556,train,Invalid Claim,1,data/claim_cards/train/Invalid Claim/CLM-000556_v1.jpg,e1761df5ba7e84f809c5f68467242ec2c32a86e5a21ed6c00723aa1a83ddf24d
CLM-000556,train,Invalid Claim,2,data/claim_cards/train/Invalid Claim/CLM-000556_v2.jpg,ec10db3759dbed185b4bd4a222006351fd52ea34ecacba33557967bf9b0e2f9f
CLM-000557,train,Invalid Claim,1,data/claim_cards/train/Invalid Claim/CLM-000557_v1.jpg,cba06efbcd4588761e7acd1b8c68c1773e0e6e9680e2b65276b9fb530994481d
CLM-000557,train,Invalid Claim,2,data/claim_cards/train/Invalid Claim/CLM-000557_v2.jpg,1ad666e4fc8dfa9bee32a4b7cce7b0cfe3c9d904d943ea3c5a59f20f9d833db2
CLM-000558,train,Invalid Claim,1,data/claim_cards/train/Invalid Claim/CLM-000558_v1.jpg,e0c4ed17586eec1cd10267f4c7299bb7df13487624a1665fdabddfff97f0c37c
CLM-000558,train,Invalid Claim,2,data/claim_cards/train/Invalid Claim/CLM-000558_v2.jpg,7798ee388f45c07dbf1e9f6cce40fd051d48d02ed8eacb5aa6673a37b7d5caf1
CLM-000559,test,Invalid Claim,1,data/claim_cards/test/Invalid Claim/CLM-000559_v1.jpg,6fc754c079b22411fbdb1e44504a4b871cb65ae8c8fb0aaf68e2cff1f64cbd2c
CLM-000560,train,Invalid Claim,1,data/claim_cards/train/Invalid Claim/CLM-000560_v1.jpg,b1b53261530eb437dc6e365916533e8c3e49e8d77a0adb85f9a9c0b5bac8c1a2
CLM-000560,train,Invalid Claim,2,data/claim_cards/train/Invalid Claim/CLM-000560_v2.jpg,bb5f91a0dd372b7035d5660f4bf9cd494cc6c209b7b5e83492f5fe31f5ea4a14
CLM-000561,train,Invalid Claim,1,data/claim_cards/train/Invalid Claim/CLM-000561_v1.jpg,d90dedfc6163c387590185747bafb405fa2f66af9a9a895ed88e99509379de44
CLM-000561,train,Invalid Claim,2,data/claim_cards/train/Invalid Claim/CLM-000561_v2.jpg,3de5cad17e70f83af8b09cd28d528b8beea19a5aa4e8596a212c427e7cb3a392
CLM-000562,validation,Invalid Claim,1,data/claim_cards/validation/Invalid Claim/CLM-000562_v1.jpg,6f418760e2c52cf99e57e1b2dd1d0dcd98a6c0927ed17439853821ec66aeb484
CLM-000563,validation,Invalid Claim,1,data/claim_cards/validation/Invalid Claim/CLM-000563_v1.jpg,6e1f0a8ee58f572d9d4739c1438da5d19307cb23e8dbe9e140172294a46ac461
CLM-000564,train,Invalid Claim,1,data/claim_cards/train/Invalid Claim/CLM-000564_v1.jpg,9281b2bdad307aab6c887bd2003235b882a131e5d01578e9e0258bcdf4ef9077
CLM-000564,train,Invalid Claim,2,data/claim_cards/train/Invalid Claim/CLM-000564_v2.jpg,a6fc0af53fa7f32fe0f7b5cff191a6bf9001f00ae2764a7cab052a9359550597
CLM-000565,validation,Invalid Claim,1,data/claim_cards/validation/Invalid Claim/CLM-000565_v1.jpg,5ee04d44435b0f6b08b42deb8a161c9b64ac6ea204c6fe38b7163e4a93a98714
CLM-000566,train,Invalid Claim,1,data/claim_cards/train/Invalid Claim/CLM-000566_v1.jpg,caafa762f4916a4bc0da3272c392dc80e6d6fe37f610b473fb7ed4342c3699cb
CLM-000566,train,Invalid Claim,2,data/claim_cards/train/Invalid Claim/CLM-000566_v2.jpg,3bbcde359318f635da19ec36f1d5ac243443b6b30b1aafacfde184803741fe56
CLM-000567,train,Invalid Claim,1,data/claim_cards/train/Invalid Claim/CLM-000567_v1.jpg,a152932b9b49954e16adcee2a9623adb896b4164882835f9029598c45347379f
CLM-000567,train,Invalid Claim,2,data/claim_cards/train/Invalid Claim/CLM-000567_v2.jpg,d0482d9cff51141314ebf337f91fca358a3a1b707e1e54bc284b78e71a15a206
CLM-000568,train,Invalid Claim,1,data/claim_cards/train/Invalid Claim/CLM-000568_v1.jpg,f3db865f1f5b9d4cdbaadf1c682a6306b4756f25f6095eea870a40b70428fd20
CLM-000568,train,Invalid Claim,2,data/claim_cards/train/Invalid Claim/CLM-000568_v2.jpg,57ca47571fd34d657b1d4eb203eea207bf17cedf7f16131858cb8a0dde312c77
CLM-000569,train,Invalid Claim,1,data/claim_cards/train/Invalid Claim/CLM-000569_v1.jpg,e961eabc6eb2b42c9098f33399889836844b6335f3d1c43d3f73bc34e4ab0d4a
CLM-000569,train,Invalid Claim,2,data/claim_cards/train/Invalid Claim/CLM-000569_v2.jpg,b2390a54fffa2fadb21fa293d537aad7f1e54fa0eabb4519e49e8d87bff3b0b1
CLM-000570,train,Invalid Claim,1,data/claim_cards/train/Invalid Claim/CLM-000570_v1.jpg,adb29007dc665f5172f6149d3eb4efc91bb339728898314254473e01309a16a3
CLM-000570,train,Invalid Claim,2,data/claim_cards/train/Invalid Claim/CLM-000570_v2.jpg,b83b9d5eac181bc48efdd6d3e1c30afa3b9cd60164d5411caf777aec794f24ec
CLM-000571,train,Invalid Claim,1,data/claim_cards/train/Invalid Claim/CLM-000571_v1.jpg,df34455ca8b8f850e5dc9434c39043594a7381fc4aa2d0db53100e33e83cfdf3
CLM-000571,train,Invalid Claim,2,data/claim_cards/train/Invalid Claim/CLM-000571_v2.jpg,b768811d826b5a9d447612947df06687e4d4a18644ae12e633b4058f46b202ab
CLM-000572,test,Invalid Claim,1,data/claim_cards/test/Invalid Claim/CLM-000572_v1.jpg,af1739abc4e64a26ce190420b603d2c07bacff22473b18d995dde4b68bfa1174
CLM-000573,train,Invalid Claim,1,data/claim_cards/train/Invalid Claim/CLM-000573_v1.jpg,03e7adffa8e8e1c5fc35e12555b1accc95d7db9e447f6448e756b1e688f71e06
CLM-000573,train,Invalid Claim,2,data/claim_cards/train/Invalid Claim/CLM-000573_v2.jpg,8f6ff710669b36c161125b2230333862d3816d8a909e989f94efd73b77f6f948
CLM-000574,train,Invalid Claim,1,data/claim_cards/train/Invalid Claim/CLM-000574_v1.jpg,2009cfec9c5ee5cfcbbe61bcd3816faf1ff2857849cca68e446599c990269d40
CLM-000574,train,Invalid Claim,2,data/claim_cards/train/Invalid Claim/CLM-000574_v2.jpg,9866da8530b23923e40d6057564e4fb0ce3ab7b9d8eec9604bd0652c3402248d
CLM-000575,train,Invalid Claim,1,data/claim_cards/train/Invalid Claim/CLM-000575_v1.jpg,6f5ec17a811a076322c02b48d5b83cb463d5733fff709a276d597debd754c3c7
CLM-000575,train,Invalid Claim,2,data/claim_cards/train/Invalid Claim/CLM-000575_v2.jpg,d0f983a49e5b6eba1dc048ca638d18600ddb86602d712e4224dbc895cf498eeb
CLM-000576,train,Invalid Claim,1,data/claim_cards/train/Invalid Claim/CLM-000576_v1.jpg,ac8564efdb473d9b717bcedeab9299cfd774115b46ed281dbbe550ea86b3f39f
CLM-000576,train,Invalid Claim,2,data/claim_cards/train/Invalid Claim/CLM-000576_v2.jpg,c88fd881f71f49714236ba172a54e3db1fbb95b454363280edf5d3b44259b652
CLM-000577,train,Invalid Claim,1,data/claim_cards/train/Invalid Claim/CLM-000577_v1.jpg,281da129e42b5f4b17f6f0e6aba886fa5bcf8a240ca89cc7a6a17d06c4ad18fa
CLM-000577,train,Invalid Claim,2,data/claim_cards/train/Invalid Claim/CLM-000577_v2.jpg,03d42038de156f69fc7c2d2c992b148485e55022d9bfee8e1575b768232fe1ca
CLM-000578,train,Invalid Claim,1,data/claim_cards/train/Invalid Claim/CLM-000578_v1.jpg,a79cb2bb51bcf8a7c2d3afa7ffdd71af69c8d9ecdc65f24f95da210a174461a3
CLM-000578,train,Invalid Claim,2,data/claim_cards/train/Invalid Claim/CLM-000578_v2.jpg,e9c0516b048f8948802fe8cffe70ec507d9fe94818a865076689324d4ff968aa
CLM-000579,train,Invalid Claim,1,data/claim_cards/train/Invalid Claim/CLM-000579_v1.jpg,30271b87030afc99fee34257995e85a41045d9c40d81bef95d459dc9459f6f04
CLM-000579,train,Invalid Claim,2,data/claim_cards/train/Invalid Claim/CLM-000579_v2.jpg,1621879276bb6dfc7ad638c9b90e4d133a170517ed5e80d6811a6fc52a431318
CLM-000580,train,Invalid Claim,1,data/claim_cards/train/Invalid Claim/CLM-000580_v1.jpg,fefc5d1e8fb3bfc06302955db7c0f6cb141352334575ed3d599cd068ae077425
CLM-000580,train,Invalid Claim,2,data/claim_cards/train/Invalid Claim/CLM-000580_v2.jpg,6c9b29c60bd07f5ca49e5447f5649c6586f8a2237b1859605056bacba6ae8c3d
CLM-000581,test,Invalid Claim,1,data/claim_cards/test/Invalid Claim/CLM-000581_v1.jpg,4dd0ce2a822c84e992bb8f8d3ed3113e9cd4db084078138b8871096a7acc4b37
CLM-000582,train,Invalid Claim,1,data/claim_cards/train/Invalid Claim/CLM-000582_v1.jpg,8cf75d92cfcea944ab74237f77d393b52abdfdac671633facbbe4889a0a00e7b
CLM-000582,train,Invalid Claim,2,data/claim_cards/train/Invalid Claim/CLM-000582_v2.jpg,bf872307e4d4a422cd02897b5262f4ad9bb7ef3aacece6ae91112048a0dea7ac
CLM-000583,train,Invalid Claim,1,data/claim_cards/train/Invalid Claim/CLM-000583_v1.jpg,08cf6be8c725e87bea5241a4ef817298e328423744d45437fc96f94f9695a9db
CLM-000583,train,Invalid Claim,2,data/claim_cards/train/Invalid Claim/CLM-000583_v2.jpg,5d9664646e644b3c64cd841bcb3bc5b4aeb0dc7ade55e7405eaaf7b563afdafa
CLM-000584,train,Invalid Claim,1,data/claim_cards/train/Invalid Claim/CLM-000584_v1.jpg,a9dee7c3470ec09431cbfeff9742f0bc559023016b42d56936f0338b3e44ea12
CLM-000584,train,Invalid Claim,2,data/claim_cards/train/Invalid Claim/CLM-000584_v2.jpg,2be84f8baa935a39191dce6f5d635b760e19d51dcd39b670630af96c9cca5c5d
CLM-000585,train,Invalid Claim,1,data/claim_cards/train/Invalid Claim/CLM-000585_v1.jpg,47c1ca571c299e6173d70093bd353db27bbd3e6ec182cabb8956889617ead52c
CLM-000585,train,Invalid Claim,2,data/claim_cards/train/Invalid Claim/CLM-000585_v2.jpg,fbd2431f653473697479a28757ea0d890c58bdec12581c4d23c244dc3eab9366
CLM-000586,train,Invalid Claim,1,data/claim_cards/train/Invalid Claim/CLM-000586_v1.jpg,25c2750483bb8386a086cb63538327e65507b3a98e9d2d51c8cab10965fe8fc4
CLM-000586,train,Invalid Claim,2,data/claim_cards/train/Invalid Claim/CLM-000586_v2.jpg,09c9808d433385776e0b76592b527823fd66ac5123c84473d9c2a486d9f704c9
CLM-000587,train,Invalid Claim,1,data/claim_cards/train/Invalid Claim/CLM-000587_v1.jpg,2e90e72513257a6932e8d5c6d409583b90e4eb2b2c02285ddf3a6b9a6a618793
CLM-000587,train,Invalid Claim,2,data/claim_cards/train/Invalid Claim/CLM-000587_v2.jpg,444da16f273505a7b48e8bb12b01eb1d1ed29b05761e74ff9ce51d0353cce78d
CLM-000588,test,Invalid Claim,1,data/claim_cards/test/Invalid Claim/CLM-000588_v1.jpg,92f81b6be46bd1872552ac162331f48b32cfa95e15db6204c2670766de0860f6
CLM-000589,test,Invalid Claim,1,data/claim_cards/test/Invalid Claim/CLM-000589_v1.jpg,73bb3fd6b3035592c8728bf85c143dd1b6099e579f279f604e35462d8083adb9
CLM-000590,train,Invalid Claim,1,data/claim_cards/train/Invalid Claim/CLM-000590_v1.jpg,5033525d4a166de838e7a625b32b47fa1873fdfeb6d27f1528ebc0bbcf23f176
CLM-000590,train,Invalid Claim,2,data/claim_cards/train/Invalid Claim/CLM-000590_v2.jpg,85040281c0ba990a62f9274be525576d450ebf8590375af50176b024160f2bb6
CLM-000591,train,Invalid Claim,1,data/claim_cards/train/Invalid Claim/CLM-000591_v1.jpg,92bae54c051fb02539ffcd50e3ef3aeb67bb26fb8eb1d09af82a80f60ec610df
CLM-000591,train,Invalid Claim,2,data/claim_cards/train/Invalid Claim/CLM-000591_v2.jpg,c5d851ce8b6e87cda5581e04ec09bc970a32ace61de21b4cbe9c0959714fa57e
CLM-000592,test,Invalid Claim,1,data/claim_cards/test/Invalid Claim/CLM-000592_v1.jpg,6e8c64633ddcee972ef23def03c58494d73277cbbc7a9e92682b1e02a54f87de
CLM-000593,train,Invalid Claim,1,data/claim_cards/train/Invalid Claim/CLM-000593_v1.jpg,90528fbe9fabc9501f3fb0f662825161c32e4fa2f3e51b4da813d7b1f1dc978c
CLM-000593,train,Invalid Claim,2,data/claim_cards/train/Invalid Claim/CLM-000593_v2.jpg,ca6372578bc0c5857d1634ccd2bbb579171097aab357fc163023b68752eb5653
CLM-000594,train,Invalid Claim,1,data/claim_cards/train/Invalid Claim/CLM-000594_v1.jpg,b687ee155b16b86e06c0ab7e48c9fb326a79f0389790c0a4d1b0ce66452b1c9f
CLM-000594,train,Invalid Claim,2,data/claim_cards/train/Invalid Claim/CLM-000594_v2.jpg,44bbd13fb5477ef4d33812ba7678b656a818e01270b82b7519b42851b6b6ffe8
CLM-000595,train,Invalid Claim,1,data/claim_cards/train/Invalid Claim/CLM-000595_v1.jpg,ee6832ee102af75e5e8ebf76b49d3aa4a2a0a53ea710890324745bc6f01a322c
CLM-000595,train,Invalid Claim,2,data/claim_cards/train/Invalid Claim/CLM-000595_v2.jpg,ba57eaaf4b090feb2731bb70c0ef8f91640d1b969d5c7f4aa1e7516bbada771a
CLM-000596,train,Invalid Claim,1,data/claim_cards/train/Invalid Claim/CLM-000596_v1.jpg,006244a5929138b388be5693a3d3384a724602b4c0e7fbeee1b1e5efa32fe582
CLM-000596,train,Invalid Claim,2,data/claim_cards/train/Invalid Claim/CLM-000596_v2.jpg,6bbef3987d6d403734be15fde7181a2a2c756e8543bb8ed0f5a791a379f8dadf
CLM-000597,train,Invalid Claim,1,data/claim_cards/train/Invalid Claim/CLM-000597_v1.jpg,ebc9b964c89c1bba79e019dd5f3f3df84332cf0321d766280953128a3e562f46
CLM-000597,train,Invalid Claim,2,data/claim_cards/train/Invalid Claim/CLM-000597_v2.jpg,3ee3b68e9887b56135f32275a38211aeead840543dae08ec725468e46d29a7f4
CLM-000598,train,Invalid Claim,1,data/claim_cards/train/Invalid Claim/CLM-000598_v1.jpg,e6dbf000411e3ed8bc2ca5c545daa7f4078c7f8da1792ed87fd8e9bb066ea49b
CLM-000598,train,Invalid Claim,2,data/claim_cards/train/Invalid Claim/CLM-000598_v2.jpg,07386bc2e99a6e7fb21d7b5d14852d741436d270384ae83a78e410f5cdc3f51c
CLM-000599,validation,Invalid Claim,1,data/claim_cards/validation/Invalid Claim/CLM-000599_v1.jpg,3023673df18921aed8062ca41834d6e838c0746305335c17388d5434fe9e7f39
CLM-000600,test,Invalid Claim,1,data/claim_cards/test/Invalid Claim/CLM-000600_v1.jpg,3b9e65884ddb6be1e2304b48781e3ef385a265fd7f26d343a13f3b4f8c93e954
CLM-000601,validation,Invalid Claim,1,data/claim_cards/validation/Invalid Claim/CLM-000601_v1.jpg,40e733e8164a08f0f6723cbe15554b3dbda4b5720d80af32e2231dc1c59f0ef2
CLM-000602,train,Invalid Claim,1,data/claim_cards/train/Invalid Claim/CLM-000602_v1.jpg,912cb91e5c1f572a27eeae99ff94e1cf48c4f724c2cb9da73804c66e01f8fd93
CLM-000602,train,Invalid Claim,2,data/claim_cards/train/Invalid Claim/CLM-000602_v2.jpg,fd05c40d8742d997e4a3d23898b3208c7a2d2bf7f38ce61b473a164dc11a5b8e
CLM-000603,test,Invalid Claim,1,data/claim_cards/test/Invalid Claim/CLM-000603_v1.jpg,7a0d1c5935bf45974cb6b4479a993a2a879942109a8fe6190fc7b8f06b08c221
CLM-000604,train,Invalid Claim,1,data/claim_cards/train/Invalid Claim/CLM-000604_v1.jpg,ca2bccb84d59e415f8f153b01cae84719399921d293a65f3cba72860413fae3d
CLM-000604,train,Invalid Claim,2,data/claim_cards/train/Invalid Claim/CLM-000604_v2.jpg,a5babefeb22d6d327665b504238973dfd7810044f3fdb2c42f9c89e7d26cad1d
CLM-000605,train,Invalid Claim,1,data/claim_cards/train/Invalid Claim/CLM-000605_v1.jpg,77d67f21d4af86f68d6ae4aababd59747ed463ebe49b89c630cb4ea59348e4a1
CLM-000605,train,Invalid Claim,2,data/claim_cards/train/Invalid Claim/CLM-000605_v2.jpg,537d4167e21d08c901c8385d10ee5e50fd66690d36f78224301884a4530e7153
CLM-000606,validation,Invalid Claim,1,data/claim_cards/validation/Invalid Claim/CLM-000606_v1.jpg,356a047c3ee8ff1169fe53aebc866664d7ea7d0878de9b807ee8581ba7aba1d3
CLM-000607,test,Invalid Claim,1,data/claim_cards/test/Invalid Claim/CLM-000607_v1.jpg,59cc4343a3f5a2403c62b9f74bbddeccf5456f8d955688a7313b97d5ad1f2b26
CLM-000608,train,Invalid Claim,1,data/claim_cards/train/Invalid Claim/CLM-000608_v1.jpg,1ec694cce5f69e1eb24cddbeb6d789c6d829c22dd16ed4f199364ef4aba5c173
CLM-000608,train,Invalid Claim,2,data/claim_cards/train/Invalid Claim/CLM-000608_v2.jpg,7264875ae4b709739b102e2c0ff62be48d42c70e2606b71c5482a5dab89e1e0e
CLM-000609,train,Invalid Claim,1,data/claim_cards/train/Invalid Claim/CLM-000609_v1.jpg,d5d97f149e9c9a89f0e277ed24ace83dd332374008f40a1a108fd4f660dda45a
CLM-000609,train,Invalid Claim,2,data/claim_cards/train/Invalid Claim/CLM-000609_v2.jpg,6627df96a224f764dc61e2e7d597fc2283754a69d4111e9d6f1f187ad4a97ee5
CLM-000610,train,Invalid Claim,1,data/claim_cards/train/Invalid Claim/CLM-000610_v1.jpg,c850d4a90b99191833ab7218aba86fea1b7d1a42a4b280780192c86d7c8ab3d6
CLM-000610,train,Invalid Claim,2,data/claim_cards/train/Invalid Claim/CLM-000610_v2.jpg,28938aa724a3d1bbb774f2f59196401c49e0a710e63ec41d2c32a0edd4497f1d
CLM-000611,train,Invalid Claim,1,data/claim_cards/train/Invalid Claim/CLM-000611_v1.jpg,2e7d7b6cca7541392c3ae80de2427e7e204922d2d82e97dbb558ea47f1c36a97
CLM-000611,train,Invalid Claim,2,data/claim_cards/train/Invalid Claim/CLM-000611_v2.jpg,765b4e0c569cbc75d4797287671732d05dd337883cf6afec2211e606473fdedc
CLM-000612,train,Invalid Claim,1,data/claim_cards/train/Invalid Claim/CLM-000612_v1.jpg,b0248e34aa147c85b13b42a0f75b54e31d64d7d93e079f9745eaa8a588263408
CLM-000612,train,Invalid Claim,2,data/claim_cards/train/Invalid Claim/CLM-000612_v2.jpg,ed031ea37e0a62173071239bb1591324c93237ec388cd9fac760211445333fa0
CLM-000613,train,Invalid Claim,1,data/claim_cards/train/Invalid Claim/CLM-000613_v1.jpg,dae27e00f425f549ca769c3342177d6e99efd1e788f68559f4e374ca8dcce5bc
CLM-000613,train,Invalid Claim,2,data/claim_cards/train/Invalid Claim/CLM-000613_v2.jpg,0e4b2eedf0356e31c94069bf562eaee5b79e4988f697eee164efc284f0191179
CLM-000614,train,Invalid Claim,1,data/claim_cards/train/Invalid Claim/CLM-000614_v1.jpg,cd3ce69cb32fd20acebc6dd6134210253a4a643c86760fb13edfc1776aa40e5a
CLM-000614,train,Invalid Claim,2,data/claim_cards/train/Invalid Claim/CLM-000614_v2.jpg,ff3ae8101b7bc99a2be51b87a6ab0fe6bb0952c159864c01c7fbb6a70271bb7c
CLM-000615,train,Invalid Claim,1,data/claim_cards/train/Invalid Claim/CLM-000615_v1.jpg,e5eaae0d7904520a38516f2c1d8b4d986b7bfa0805563d14cd3f2ecd13c88688
CLM-000615,train,Invalid Claim,2,data/claim_cards/train/Invalid Claim/CLM-000615_v2.jpg,38232f470e5758703a398166b624c0ce80d11146a9a4597930dafc8235dc6ddf
CLM-000616,train,Invalid Claim,1,data/claim_cards/train/Invalid Claim/CLM-000616_v1.jpg,28220686beb0b250fb52bf3f1c0dd48b35d5bc9b2afc68b8e71816ce0eeb0bd7
CLM-000616,train,Invalid Claim,2,data/claim_cards/train/Invalid Claim/CLM-000616_v2.jpg,64fd4a885e0466b44e64ab3f8ac1acba9ff5320cbc7c683fd4f1712fd113aa75
CLM-000617,train,Invalid Claim,1,data/claim_cards/train/Invalid Claim/CLM-000617_v1.jpg,8203c3c8bbf6a17fe4d608d206c91cfcc71e0aff6863ddf2f03bbd2a0f4fc6ba
CLM-000617,train,Invalid Claim,2,data/claim_cards/train/Invalid Claim/CLM-000617_v2.jpg,01ff58331ae1c38ce58966a65c04577b928c7315e7a711f6edf594cefee76118
CLM-000618,train,Invalid Claim,1,data/claim_cards/train/Invalid Claim/CLM-000618_v1.jpg,8e312b3c916aca510fca1fe1a0f720f6ffec80744ceab29699b760a99e910180
CLM-000618,train,Invalid Claim,2,data/claim_cards/train/Invalid Claim/CLM-000618_v2.jpg,3d3401c5f6c2d80c60b0072930edc4c7768cf724946cde473fe849a8691b6306
CLM-000619,train,Invalid Claim,1,data/claim_cards/train/Invalid Claim/CLM-000619_v1.jpg,d248ea1620d957679dfb4d281095e4b1c72f65a981d23bf823af5a497ffaafba
CLM-000619,train,Invalid Claim,2,data/claim_cards/train/Invalid Claim/CLM-000619_v2.jpg,71b72aa596787df95bb8f7635aac54732d43ab167ab23d73b7f08c65154bf13d
CLM-000620,train,Invalid Claim,1,data/claim_cards/train/Invalid Claim/CLM-000620_v1.jpg,789e91a43abf9979334e0feb12aa49b9c1b35f9b1291a34f765ade19fcede713
CLM-000620,train,Invalid Claim,2,data/claim_cards/train/Invalid Claim/CLM-000620_v2.jpg,a6774bc4aa83656f18a8cac696d54c04d5f4bb00be44e6c9fd49a5bceddcb4e8
CLM-000621,train,Invalid Claim,1,data/claim_cards/train/Invalid Claim/CLM-000621_v1.jpg,0a40cd5616fd03d11068d41d3eddfdd90d515a42dd82e4b09064b65cf944837f
CLM-000621,train,Invalid Claim,2,data/claim_cards/train/Invalid Claim/CLM-000621_v2.jpg,bcc61c3c26f20744e8fcd650bd9f09747b7e97555d814a282f222034d06d9b6a
CLM-000622,test,Invalid Claim,1,data/claim_cards/test/Invalid Claim/CLM-000622_v1.jpg,f8e958603ac79f4b513d08180114809c323518ba9138e57d32bff41838a1bb97
CLM-000623,train,Invalid Claim,1,data/claim_cards/train/Invalid Claim/CLM-000623_v1.jpg,71568d8f1fdb4df7d80262b7d616cd5e905241a0dd21e529d953fc7e183ce716
CLM-000623,train,Invalid Claim,2,data/claim_cards/train/Invalid Claim/CLM-000623_v2.jpg,163b819a5440d0cebee7034c846c7f82672626cf321ac2ea5ff46e90a3d52175
CLM-000624,train,Invalid Claim,1,data/claim_cards/train/Invalid Claim/CLM-000624_v1.jpg,96801c695e87a23a0f5eea2ee5eb7fd6654794c7fad504bcfa6181b02870c05b
CLM-000624,train,Invalid Claim,2,data/claim_cards/train/Invalid Claim/CLM-000624_v2.jpg,ea21688317d84b38ffc36678f2ef5c426a35ac37c90c1fb1808db7259f4f2942
CLM-000625,train,Invalid Claim,1,data/claim_cards/train/Invalid Claim/CLM-000625_v1.jpg,28ce9607fe6f6fdb36b0f3def05d8029aa316e9e2928d36c6bdc008192fd36e4
CLM-000625,train,Invalid Claim,2,data/claim_cards/train/Invalid Claim/CLM-000625_v2.jpg,f0d28af800af8ec25c32b2cfc3bf5505828c7a405c9d30ad4d7cab93b62d2402
CLM-000626,train,Invalid Claim,1,data/claim_cards/train/Invalid Claim/CLM-000626_v1.jpg,d52a691cfc2175c5770132e3f156bbb3286a4d6d6752981dba83396345ae9648
CLM-000626,train,Invalid Claim,2,data/claim_cards/train/Invalid Claim/CLM-000626_v2.jpg,e55d7fba7955946d2165b2f5aa3deb3ac9c57ce0c90242886a742b4257177992
CLM-000627,train,Invalid Claim,1,data/claim_cards/train/Invalid Claim/CLM-000627_v1.jpg,c9f095713feefc8a24c74de8f0f061d1f52bc1140be5ce05bac72d28556f4ea9
CLM-000627,train,Invalid Claim,2,data/claim_cards/train/Invalid Claim/CLM-000627_v2.jpg,95194bb97ab8a523fe5c7e02acd56a27a1833560d444189312a990b565f28d67
CLM-000628,train,Invalid Claim,1,data/claim_cards/train/Invalid Claim/CLM-000628_v1.jpg,28adbc92e049811a4108594c273bff0bf31200c8a63ee0b22b1aa18565352b3b
CLM-000628,train,Invalid Claim,2,data/claim_cards/train/Invalid Claim/CLM-000628_v2.jpg,a86bdb8aaf7761e5b830c247124a15a24cc3a6746203372584e760d47a36b939
CLM-000629,validation,Invalid Claim,1,data/claim_cards/validation/Invalid Claim/CLM-000629_v1.jpg,78c788fb3512319bbb1c8a27e7c3315aafe8ec9640e0ec9c4536fd1f15963af3
CLM-000630,train,Invalid Claim,1,data/claim_cards/train/Invalid Claim/CLM-000630_v1.jpg,cdaaf2b5c91912e60c706eba56c0f5b1c84158c462e3fd28da320385be5b5a9a
CLM-000630,train,Invalid Claim,2,data/claim_cards/train/Invalid Claim/CLM-000630_v2.jpg,3863ff780966c800d8aeb1131763b8c882da88ef50f2a6fc502f150ed77361a0
CLM-000631,test,Invalid Claim,1,data/claim_cards/test/Invalid Claim/CLM-000631_v1.jpg,defe17941ebc1e697ecff943cfb77637289960140af8ef381484fc66030904c3
CLM-000632,train,Invalid Claim,1,data/claim_cards/train/Invalid Claim/CLM-000632_v1.jpg,c15f0c15fe83750d7b08f269e9bfcaf45e4a090d4dafdee95dbd33c5638f8858
CLM-000632,train,Invalid Claim,2,data/claim_cards/train/Invalid Claim/CLM-000632_v2.jpg,c9ab30bbf0d379598f64a970742b4dcd75a14f538456dd598d9d68b720950142
CLM-000633,train,Invalid Claim,1,data/claim_cards/train/Invalid Claim/CLM-000633_v1.jpg,d20fb61020ec4c72327ddc7b31c7e57a7a84fed9a0812da5f7b001af5b4040ae
CLM-000633,train,Invalid Claim,2,data/claim_cards/train/Invalid Claim/CLM-000633_v2.jpg,9398a013da6038c9cd0d061cacad33444feace52f6edef33e0232516e5f70c7d
CLM-000634,train,Invalid Claim,1,data/claim_cards/train/Invalid Claim/CLM-000634_v1.jpg,d1dbb08d5dca4e6c8987f2e6f109198e73091fa36beffa7d2cc73bd85f82f72c
CLM-000634,train,Invalid Claim,2,data/claim_cards/train/Invalid Claim/CLM-000634_v2.jpg,93e17fe373c65718f892a8144546eda546e1c2d462cd73df2f31458d37a9c19e
CLM-000635,test,Invalid Claim,1,data/claim_cards/test/Invalid Claim/CLM-000635_v1.jpg,93a4abc3353d4fbcc7d7f99217a5d820164cd97257e94fb1ca2e233c0763db61
CLM-000636,validation,Invalid Claim,1,data/claim_cards/validation/Invalid Claim/CLM-000636_v1.jpg,0bf5de0632a192c37f7ef8e9d04c590f4250111d8ae7343bb1677dca4b50d77f
CLM-000637,train,Invalid Claim,1,data/claim_cards/train/Invalid Claim/CLM-000637_v1.jpg,64e9b0f9a8ab2bf800affeeef01ec31c79e4b258f76aa9ff6c66511eeb8527e4
CLM-000637,train,Invalid Claim,2,data/claim_cards/train/Invalid Claim/CLM-000637_v2.jpg,c839255c569bc853bf9e12d780f65e8aa4704d7ebc24b9f41428478876e6183a
CLM-000638,train,Invalid Claim,1,data/claim_cards/train/Invalid Claim/CLM-000638_v1.jpg,bb95fbc8ebd70ed3cedab59991a25747db9472baa8fc9cc2417adadcd0df0cbc
CLM-000638,train,Invalid Claim,2,data/claim_cards/train/Invalid Claim/CLM-000638_v2.jpg,dd2b9faf0069a7751228a8aab8111cb9e4d89e210284ba07c1c5dc6f9d406fb1
CLM-000639,validation,Invalid Claim,1,data/claim_cards/validation/Invalid Claim/CLM-000639_v1.jpg,51e83a6a4e05eb8996704c990fb5674205fcf116d61a788ae31d090a49969cd4
CLM-000640,train,Invalid Claim,1,data/claim_cards/train/Invalid Claim/CLM-000640_v1.jpg,3edd918fb56836884d7ab1c7969b1d80402842d70ec2a2791162d34f138accc1
CLM-000640,train,Invalid Claim,2,data/claim_cards/train/Invalid Claim/CLM-000640_v2.jpg,bf749e119ab3d4e23cf5a83c95675d155a65fb18c08cf3e70d4c64618ede345f
CLM-000641,train,Invalid Claim,1,data/claim_cards/train/Invalid Claim/CLM-000641_v1.jpg,11323b1076cdb80afb312a4fec39bbab8387c2af8d9bb58cdd48e7bd55832a04
CLM-000641,train,Invalid Claim,2,data/claim_cards/train/Invalid Claim/CLM-000641_v2.jpg,aa2b32459fcae27874dbaf6d1657305bae5905c92b8b76ca3ddfcd0645806dc6
CLM-000642,train,Invalid Claim,1,data/claim_cards/train/Invalid Claim/CLM-000642_v1.jpg,7f7136cdb538f744e5cd59b44b93fa7a4a9f2da6bb4d20a34e6b317bcdbcac06
CLM-000642,train,Invalid Claim,2,data/claim_cards/train/Invalid Claim/CLM-000642_v2.jpg,0e78e99ac26b545fbc721481eb80dc7da205c570dda86cb6cf098665f03b92a9
CLM-000643,train,Invalid Claim,1,data/claim_cards/train/Invalid Claim/CLM-000643_v1.jpg,09f8f64ef627f3880ecf9eda16334fd7da5a3192ef2d520621a714a0815d0dbf
CLM-000643,train,Invalid Claim,2,data/claim_cards/train/Invalid Claim/CLM-000643_v2.jpg,224b82396dcd5ec222ac3ec78c3a7517684eb7d4794f965d625d88f2b7133cf5
CLM-000644,train,Invalid Claim,1,data/claim_cards/train/Invalid Claim/CLM-000644_v1.jpg,879299af38d286cd084345a05c06435695215503930462bc8990fd0e285abb8f
CLM-000644,train,Invalid Claim,2,data/claim_cards/train/Invalid Claim/CLM-000644_v2.jpg,ebaad3c380b80d11c34edd836d7af4d0dcf90868d5392949fc790745d1e6e3e2
CLM-000645,train,Invalid Claim,1,data/claim_cards/train/Invalid Claim/CLM-000645_v1.jpg,2443a8db971a3ea1b36549e202f0a43d793eda83895bd978f25b634acb7781f1
CLM-000645,train,Invalid Claim,2,data/claim_cards/train/Invalid Claim/CLM-000645_v2.jpg,9c3400d7327d1a9b93f76b0b50e08ddac77c977679f4d605b1a69eb13b5c400c
CLM-000646,train,Invalid Claim,1,data/claim_cards/train/Invalid Claim/CLM-000646_v1.jpg,96ef8fe55d91ab365580f4474bf4a1fffeb1a375cb589a3ba764062425a1f3bd
CLM-000646,train,Invalid Claim,2,data/claim_cards/train/Invalid Claim/CLM-000646_v2.jpg,787c5f6f8458aaf66da13609abbee543511d0dcd9033e64a991b4dc7832faade
CLM-000647,train,Invalid Claim,1,data/claim_cards/train/Invalid Claim/CLM-000647_v1.jpg,7f8d98d690bc2031913403d363c613479a286fd1a694ec48d4dd3b133f20ff3b
CLM-000647,train,Invalid Claim,2,data/claim_cards/train/Invalid Claim/CLM-000647_v2.jpg,77ba7c3b4259b5f6ac45503a8634198cb81dc369d86f5840caa2fa94fb3a93fe
CLM-000648,train,Invalid Claim,1,data/claim_cards/train/Invalid Claim/CLM-000648_v1.jpg,33c09e817bbab3b3a906523b5f3fd26723b84cd3d45321146491c8b46533f3af
CLM-000648,train,Invalid Claim,2,data/claim_cards/train/Invalid Claim/CLM-000648_v2.jpg,54907e22a55dfcfc7d2b977f176aa218dce6a92b9268b08003d19fcfbfbed146
CLM-000649,train,Invalid Claim,1,data/claim_cards/train/Invalid Claim/CLM-000649_v1.jpg,ebcfd961c8772cc35a6d65ce114d94b8609caca62cbf298e420e406a33acb108
CLM-000649,train,Invalid Claim,2,data/claim_cards/train/Invalid Claim/CLM-000649_v2.jpg,991a43aa04ae21b12d640b1847c237b852cf479ab0d546b6c8be005bb67e8104
CLM-000650,test,Invalid Claim,1,data/claim_cards/test/Invalid Claim/CLM-000650_v1.jpg,691b83dc904ce068df7263f821bcb4dc945cb39ab358a1823287040f9458e7fb
CLM-000651,train,Invalid Claim,1,data/claim_cards/train/Invalid Claim/CLM-000651_v1.jpg,77cf0088f1415308f7902285463c2bb116e2b80fc534defd077edf7f6909fbf5
CLM-000651,train,Invalid Claim,2,data/claim_cards/train/Invalid Claim/CLM-000651_v2.jpg,2fc03a42900df37252ddfaa0f7eca7dd67375ce86404c87e3a7ad159ac022d21
CLM-000652,test,Invalid Claim,1,data/claim_cards/test/Invalid Claim/CLM-000652_v1.jpg,e72bdececb696472fe373a43dece4c4f0e00fb31af6cd86f96769734881fc0de
CLM-000653,train,Invalid Claim,1,data/claim_cards/train/Invalid Claim/CLM-000653_v1.jpg,48cefffc378c1226b49a709186b311b20e781991c4e9ccda7a43f391ae0f9de3
CLM-000653,train,Invalid Claim,2,data/claim_cards/train/Invalid Claim/CLM-000653_v2.jpg,cddba0b01f03e286d8585da6ace971be4c55ace8921df5f8aa47144504280f5f
CLM-000654,train,Invalid Claim,1,data/claim_cards/train/Invalid Claim/CLM-000654_v1.jpg,c13093f69b30ac1eb29cb1c66938c2b239de7539fc8e7458e0c8a8ec3b9f4d2d
CLM-000654,train,Invalid Claim,2,data/claim_cards/train/Invalid Claim/CLM-000654_v2.jpg,4886ccdc48a5a4ff380c127b1eb932cb08a3a1269d17216579db87b65d5a11fe
CLM-000655,train,Invalid Claim,1,data/claim_cards/train/Invalid Claim/CLM-000655_v1.jpg,0ce6b5bc103e7f4e641e7693409b176f0f8d0e2f6e1050c85afd577f0ce84de8
CLM-000655,train,Invalid Claim,2,data/claim_cards/train/Invalid Claim/CLM-000655_v2.jpg,2f791c9788bdb4c2e93f42e75b624b17513649c90a7e6f3b0d6f7472d975172a
CLM-000656,train,Invalid Claim,1,data/claim_cards/train/Invalid Claim/CLM-000656_v1.jpg,288130423e80ce9de118bd180edffe4574607968ad1e504f96399ec56118298e
CLM-000656,train,Invalid Claim,2,data/claim_cards/train/Invalid Claim/CLM-000656_v2.jpg,501b651e59e9af027d5d199683d1696300ed7bcb204fcdf30d73a44fcb522f83
CLM-000657,validation,Invalid Claim,1,data/claim_cards/validation/Invalid Claim/CLM-000657_v1.jpg,233923b0aabd2bbdd9ca1838b1dc96d14e7b4e48472d3e68fdf2c2a00d634e11
CLM-000658,train,Invalid Claim,1,data/claim_cards/train/Invalid Claim/CLM-000658_v1.jpg,f044c2dae3abce408f8e505101ec3c14fa9340290d1b01d66c85465d3454af76
CLM-000658,train,Invalid Claim,2,data/claim_cards/train/Invalid Claim/CLM-000658_v2.jpg,2023fc15539a99c3cf8460718e5bbdf99fa2b8e0cd563c53216ea2f16a826682
CLM-000659,train,Invalid Claim,1,data/claim_cards/train/Invalid Claim/CLM-000659_v1.jpg,8263c95e1eb604f3bed481fef49cb4c9fc58fe75a1c9ba57f8596da9d80e7c20
CLM-000659,train,Invalid Claim,2,data/claim_cards/train/Invalid Claim/CLM-000659_v2.jpg,01659ee424ab7687c7cf02d688ccbc7fae4cacdc285d45092e6c1d7616bf0e8b
CLM-000660,train,Invalid Claim,1,data/claim_cards/train/Invalid Claim/CLM-000660_v1.jpg,f3fe883d3441964194005441c4b22c54c11afa99a490259663c985f2923c0d76
CLM-000660,train,Invalid Claim,2,data/claim_cards/train/Invalid Claim/CLM-000660_v2.jpg,7a6b17c074dac6a8958e3f3a2bcc69ac4ee98cf7f753fd04e19eba8eab523299
CLM-000661,test,Invalid Claim,1,data/claim_cards/test/Invalid Claim/CLM-000661_v1.jpg,1eaadbee59b1d09cc82d0f1ac6e0b972770c1e6f166a1cb0a73c957d69472be1
CLM-000662,validation,Invalid Claim,1,data/claim_cards/validation/Invalid Claim/CLM-000662_v1.jpg,b1550a768cb83917420c34634eaba92ad318499832f47eb7cc7b2f4e6b580b85
CLM-000663,validation,Invalid Claim,1,data/claim_cards/validation/Invalid Claim/CLM-000663_v1.jpg,89632bc3aecd1e9be04dbbc7b612ebcc73252f8696eacbf30c7900b9a1291645
CLM-000664,train,Invalid Claim,1,data/claim_cards/train/Invalid Claim/CLM-000664_v1.jpg,b5eec6ad645a40024b719847787e8f38fffe4b3ff136a2648447b67b61720a95
CLM-000664,train,Invalid Claim,2,data/claim_cards/train/Invalid Claim/CLM-000664_v2.jpg,00c0423352e17d261ea2e79e2c4f15d05d9bb5df5e4f3309e5d3a433a1030959
CLM-000665,train,Invalid Claim,1,data/claim_cards/train/Invalid Claim/CLM-000665_v1.jpg,43b1868648946a8f020153e91cb3704a0c5ef196e6336b681065062c1ce139ad
CLM-000665,train,Invalid Claim,2,data/claim_cards/train/Invalid Claim/CLM-000665_v2.jpg,3b90d33bd97b610c41bd141b142f4b283f954b9823506d1eeff28036578b3827
CLM-000666,train,Invalid Claim,1,data/claim_cards/train/Invalid Claim/CLM-000666_v1.jpg,75451e16bef3cd1c20b6c83d3141f499018f915ea161434313143d5dd097c9a5
CLM-000666,train,Invalid Claim,2,data/claim_cards/train/Invalid Claim/CLM-000666_v2.jpg,5bcacce98c0f78bb6675aced857ad5a57d390854f09a7d6b98d8b6ec292b1933
CLM-000667,test,Invalid Claim,1,data/claim_cards/test/Invalid Claim/CLM-000667_v1.jpg,2953835810e54f57d2ad30ecdffe95361fcdd9b8915fb5fe19ed61af4381ab17
CLM-000668,train,Invalid Claim,1,data/claim_cards/train/Invalid Claim/CLM-000668_v1.jpg,adeb559be6f4407280c5f6db767931df523ea8727d7a6df957d212fa06ce8ca8
CLM-000668,train,Invalid Claim,2,data/claim_cards/train/Invalid Claim/CLM-000668_v2.jpg,606ed5b63c7e81ec40ffa69688a39aee5790b217fec1ae712178202892913864
CLM-000669,train,Invalid Claim,1,data/claim_cards/train/Invalid Claim/CLM-000669_v1.jpg,d46c77425c3848162770787b63518fd6435f1e3711cdb051a9962cf9e926d8c4
CLM-000669,train,Invalid Claim,2,data/claim_cards/train/Invalid Claim/CLM-000669_v2.jpg,0cccfb83cbc202c8f2924e29a855f10a1755a8c4b5093ee6536e8765e24b5638
CLM-000670,test,Invalid Claim,1,data/claim_cards/test/Invalid Claim/CLM-000670_v1.jpg,d6c9c80253a6ffc05f6fb3886156f665bea34ba90204c3de67efc2d5ea1135a6
CLM-000671,train,Invalid Claim,1,data/claim_cards/train/Invalid Claim/CLM-000671_v1.jpg,4cf6a52492507fc613d8bdb7ecff223fe5b7643aeb1815cc11493690935a3675
CLM-000671,train,Invalid Claim,2,data/claim_cards/train/Invalid Claim/CLM-000671_v2.jpg,e90b889c1e02246bef7647d4c62f4ae7bd966827876d7a216a32545ee3276848
CLM-000672,validation,Invalid Claim,1,data/claim_cards/validation/Invalid Claim/CLM-000672_v1.jpg,624da53d66ad0096174ba5fb15e5d80b0607ce2d0bd986d427dbbb50d1de336f
CLM-000673,train,Invalid Claim,1,data/claim_cards/train/Invalid Claim/CLM-000673_v1.jpg,418dfaffd7fcbac562120eca779ffb372b4ef16747757527815bebb1f7aa2f58
CLM-000673,train,Invalid Claim,2,data/claim_cards/train/Invalid Claim/CLM-000673_v2.jpg,62537e3200c5460bdbe2f3e99164d99ce97c3311818ec11cbc69cc0ed7ab2a3d
CLM-000674,train,Invalid Claim,1,data/claim_cards/train/Invalid Claim/CLM-000674_v1.jpg,0b67443bb2c842295a5298184d72ebaada6b574af89434f8937259dd256cc03b
CLM-000674,train,Invalid Claim,2,data/claim_cards/train/Invalid Claim/CLM-000674_v2.jpg,440761dd1929c695deea2e4a06e11f57c08582b97ad036e9bdb77acbfab5e38d
CLM-000675,test,Invalid Claim,1,data/claim_cards/test/Invalid Claim/CLM-000675_v1.jpg,2ca2b8e8841e4e6dca744c0e0c7b38001d6282ee41f9b93fbb21879e98f0a5e8
CLM-000676,train,Invalid Claim,1,data/claim_cards/train/Invalid Claim/CLM-000676_v1.jpg,b9139b1f5bf606821fdfe2afe99237e3d6e432d76510c9cfa2f093a7325c56f9
CLM-000676,train,Invalid Claim,2,data/claim_cards/train/Invalid Claim/CLM-000676_v2.jpg,005d84939d512d433cd0d02b728ed9784cd8ae4f6a1ef3932d5375615e62c00c
CLM-000677,train,Invalid Claim,1,data/claim_cards/train/Invalid Claim/CLM-000677_v1.jpg,90c1f8e62398193375ffd6e0e3cd309c639ac2c5870502aef446da3bfdb218e8
CLM-000677,train,Invalid Claim,2,data/claim_cards/train/Invalid Claim/CLM-000677_v2.jpg,3ae0cd6e60d685122d5c7a714204c3f7437afd96bbe659b2b6859e94ddc5aa7d
CLM-000678,train,Invalid Claim,1,data/claim_cards/train/Invalid Claim/CLM-000678_v1.jpg,5cd5f0c67297400173de9d407e1670e961ef211b92a392b54f718085d566d42c
CLM-000678,train,Invalid Claim,2,data/claim_cards/train/Invalid Claim/CLM-000678_v2.jpg,ff55aeb8405dcedab27a163b3e8339cc74571d8bc5dc7bdf33214e8a7c370ca8
CLM-000679,train,Invalid Claim,1,data/claim_cards/train/Invalid Claim/CLM-000679_v1.jpg,ff2efbe5ed195d7927bda54c843363adfab65f9d07e98b578a4ab523e30e6fd8
CLM-000679,train,Invalid Claim,2,data/claim_cards/train/Invalid Claim/CLM-000679_v2.jpg,163bc55c5ce378cf765c7f8edaab662a60255ffdf22d4fd6c1ec502fcdc9759d
CLM-000680,train,Invalid Claim,1,data/claim_cards/train/Invalid Claim/CLM-000680_v1.jpg,33dfceda77d726f72758a52cc25f34be20f95f1e56c8de8fb24a7815293ee70d
CLM-000680,train,Invalid Claim,2,data/claim_cards/train/Invalid Claim/CLM-000680_v2.jpg,d2b1360edcb00538a223510ad6b979316da52062a9a6665851411a72ea7549a9
CLM-000681,train,Invalid Claim,1,data/claim_cards/train/Invalid Claim/CLM-000681_v1.jpg,d9347b2c1a5ac283b03eb43d6e5fc2e4850244f9b65728cb6ad130e879d3c470
CLM-000681,train,Invalid Claim,2,data/claim_cards/train/Invalid Claim/CLM-000681_v2.jpg,9c56cefefec6cec2b1ad0f7a8a86b9c41c88019ab6c1f862e8d175acb6637ea2
CLM-000682,train,Invalid Claim,1,data/claim_cards/train/Invalid Claim/CLM-000682_v1.jpg,5d51cd0f3a563042be439c998caba8c2a5dae0e17bb63b209e5cc7ecf9533373
CLM-000682,train,Invalid Claim,2,data/claim_cards/train/Invalid Claim/CLM-000682_v2.jpg,648716eb0654c1fc0c1b3ac2c23fcb22c6d8f9afe2f6c8546ae194cb64a61731
CLM-000683,train,Invalid Claim,1,data/claim_cards/train/Invalid Claim/CLM-000683_v1.jpg,26273cd845f858961f2d80bc922de923a36978ced19a2844d86395b080831239
CLM-000683,train,Invalid Claim,2,data/claim_cards/train/Invalid Claim/CLM-000683_v2.jpg,6763194171b207910f2ed6e72b588e05a27e943bfe8a39008fa3623575df9ad6
CLM-000684,train,Invalid Claim,1,data/claim_cards/train/Invalid Claim/CLM-000684_v1.jpg,32f3ab9b09050b247efe6902b35966f0b7b73b99ffed36550b9b9ff9ebaf6269
CLM-000684,train,Invalid Claim,2,data/claim_cards/train/Invalid Claim/CLM-000684_v2.jpg,680ff12011531fc497d57f8a1228f3cf69d3e9e41e25671c6c5b1ae4bad22f0e
CLM-000685,train,Invalid Claim,1,data/claim_cards/train/Invalid Claim/CLM-000685_v1.jpg,5dd56b3af7222b04fef3e2ce6f2aff51c2d347358cb4cf92f4491667d82b6957
CLM-000685,train,Invalid Claim,2,data/claim_cards/train/Invalid Claim/CLM-000685_v2.jpg,4d79bddf58fceabfcba981704da8803b8c25a8de2777326c5782043c50a7385e
CLM-000686,train,Invalid Claim,1,data/claim_cards/train/Invalid Claim/CLM-000686_v1.jpg,c9365b099630ee15e2391dd4b22b450e9b436706f2337a721b24d7a05ebc5f09
CLM-000686,train,Invalid Claim,2,data/claim_cards/train/Invalid Claim/CLM-000686_v2.jpg,934f33b838f16b1c40d1d23ff77a30bfe03a4fa8e9f360970d07539457458e0f
CLM-000687,train,Invalid Claim,1,data/claim_cards/train/Invalid Claim/CLM-000687_v1.jpg,aef474bdd65c6aaa73621fbc570f5d1beba6aef036e8aa174dfd5b1ff85a3842
CLM-000687,train,Invalid Claim,2,data/claim_cards/train/Invalid Claim/CLM-000687_v2.jpg,aee5664a43794a08f0f516b0363306e589f9168e8a92d1747a17f07a3741b7ff
CLM-000688,test,Invalid Claim,1,data/claim_cards/test/Invalid Claim/CLM-000688_v1.jpg,1ee23c31da0716605b7d2e960e83ea2d4d16f3667a627a5b28050ba6dbca92ba
CLM-000689,test,Invalid Claim,1,data/claim_cards/test/Invalid Claim/CLM-000689_v1.jpg,6c4e1eea43f3f85c53050ab5824f5f1a258d4a19af046bfeb8411aff373c3b4b
CLM-000690,test,Invalid Claim,1,data/claim_cards/test/Invalid Claim/CLM-000690_v1.jpg,abf777a015a83d2638a3c115295ad9044d8bcd42c55ed1e9cd75325e60fbd8bb
CLM-000691,validation,Invalid Claim,1,data/claim_cards/validation/Invalid Claim/CLM-000691_v1.jpg,38e451389b89be6a1824e4f30a9fff76187b52bdac2d647bb1f318a73da6a998
CLM-000692,test,Invalid Claim,1,data/claim_cards/test/Invalid Claim/CLM-000692_v1.jpg,f46d6ab81cc7a3648d9c8efb2228df0a40f481e08eb82579ec4aa275d6edb4dc
CLM-000693,train,Invalid Claim,1,data/claim_cards/train/Invalid Claim/CLM-000693_v1.jpg,19fb5759d9726c9c02ea74c0eb7cc253909b1bc4aa4000ab0dbccd515f6511fa
CLM-000693,train,Invalid Claim,2,data/claim_cards/train/Invalid Claim/CLM-000693_v2.jpg,97136f3ec83d0ad28074a16dd494dae054c2186977400e7920072a74428e83d1
CLM-000694,train,Invalid Claim,1,data/claim_cards/train/Invalid Claim/CLM-000694_v1.jpg,d50f80c919a6cea288c1773f3ecbc98fad764d30b442b2046bb64f336a830507
CLM-000694,train,Invalid Claim,2,data/claim_cards/train/Invalid Claim/CLM-000694_v2.jpg,fa661543727933aab51d314e64eecdf6b675d6563e2d8ba4627841ef66ca610c
CLM-000695,train,Invalid Claim,1,data/claim_cards/train/Invalid Claim/CLM-000695_v1.jpg,267b561d7695fa90558919082be581b765472b2155779fc7023e365eb427950b
CLM-000695,train,Invalid Claim,2,data/claim_cards/train/Invalid Claim/CLM-000695_v2.jpg,1c77297a682c7ea5ea88909ac563cc849290ab1a42ed35145720467a67c20ab9
CLM-000696,train,Invalid Claim,1,data/claim_cards/train/Invalid Claim/CLM-000696_v1.jpg,098a8862c2ec0f258f08eb6d6428365fb6efb9151b6a52e84daa84dd815eee6a
CLM-000696,train,Invalid Claim,2,data/claim_cards/train/Invalid Claim/CLM-000696_v2.jpg,6583c74099aa32de5dc4a607d57ece46b7069928ed50b444d0b114aab9b1ddca
CLM-000697,train,Invalid Claim,1,data/claim_cards/train/Invalid Claim/CLM-000697_v1.jpg,d9e9da19a6405d6f222007e554a3b8e4f6fda38d2b7e1d3acfa492f4a738ed69
CLM-000697,train,Invalid Claim,2,data/claim_cards/train/Invalid Claim/CLM-000697_v2.jpg,1423e420fa30aa583bb061f7e497abfda106d5889e5ddfd7469fc6e2953fac16
CLM-000698,train,Invalid Claim,1,data/claim_cards/train/Invalid Claim/CLM-000698_v1.jpg,0034982610bfeef70b1e424939c9bb51cb5d8eee5ecb798ba3cee088af72226d
CLM-000698,train,Invalid Claim,2,data/claim_cards/train/Invalid Claim/CLM-000698_v2.jpg,f20b0db3472c533241f80a549f6c8d18e9b8294103c5ed7fe3e74e73b50963bb
CLM-000699,train,Invalid Claim,1,data/claim_cards/train/Invalid Claim/CLM-000699_v1.jpg,e35307f7614117e8a061a813be280805b330cca911f56edcc1023770785f71b7
CLM-000699,train,Invalid Claim,2,data/claim_cards/train/Invalid Claim/CLM-000699_v2.jpg,8929542eb2d5bdf89db76ec2d2f4439b6b815870599865220e28bf0d9dad0eae
CLM-000700,train,Invalid Claim,1,data/claim_cards/train/Invalid Claim/CLM-000700_v1.jpg,22c5742bda125dd1d52e24cbfed9752cc12d14de27cb3bceaa185417491ec376
CLM-000700,train,Invalid Claim,2,data/claim_cards/train/Invalid Claim/CLM-000700_v2.jpg,a9ab33d2f0d0d0d980433daeaa9036f3c08f73010e8367f12e553aeba8aa80a3
CLM-000701,validation,Invalid Claim,1,data/claim_cards/validation/Invalid Claim/CLM-000701_v1.jpg,87b0090439b57e47c3c1f06d9a03f303e4240fe85eb54d946327c521dcf7489f
CLM-000702,validation,Invalid Claim,1,data/claim_cards/validation/Invalid Claim/CLM-000702_v1.jpg,f2de063b05ec90093c65473b9a61532b1aeb3001e486efa2b6436f9d3427ae63
CLM-000703,train,Invalid Claim,1,data/claim_cards/train/Invalid Claim/CLM-000703_v1.jpg,9b9f31da4cd93340270ea424d7e0ee883539e7c7631f0f569d9a16eb1e71234e
CLM-000703,train,Invalid Claim,2,data/claim_cards/train/Invalid Claim/CLM-000703_v2.jpg,0d079753a48231aa2cca8a5bc4bfed32ca7b208920fbbd2869c19acd0e70fd1c
CLM-000704,train,Invalid Claim,1,data/claim_cards/train/Invalid Claim/CLM-000704_v1.jpg,30a32d3a37bb83bac2ab1e986c5d76d9f06127203de460e7ff305d7c958b5206
CLM-000704,train,Invalid Claim,2,data/claim_cards/train/Invalid Claim/CLM-000704_v2.jpg,84cb8eed625b37ee921bfa380f1e546479b85d71ea30094d81454022d7346acc
CLM-000705,train,Invalid Claim,1,data/claim_cards/train/Invalid Claim/CLM-000705_v1.jpg,46c8020acba4a28079a4b0d86c49a218cf06f4cc14163e35438e4d586dceea8e
CLM-000705,train,Invalid Claim,2,data/claim_cards/train/Invalid Claim/CLM-000705_v2.jpg,5927b14b792322a4382c8db63ae0479ec2954cd587af20dbc9c72c019c9223b7
CLM-000706,test,Invalid Claim,1,data/claim_cards/test/Invalid Claim/CLM-000706_v1.jpg,11dd3fdf449f69f49f16dea508aae18259af6dae2d217ba08173d9ca7768802b
CLM-000707,train,Invalid Claim,1,data/claim_cards/train/Invalid Claim/CLM-000707_v1.jpg,ab299614807205acb2d21357131641b672ab2ab682067f2f59be0d378d7b8d90
CLM-000707,train,Invalid Claim,2,data/claim_cards/train/Invalid Claim/CLM-000707_v2.jpg,270820a49548125635513a1095beba2befdcd5d48671cb5bf513b608fc1e7791
CLM-000708,validation,Invalid Claim,1,data/claim_cards/validation/Invalid Claim/CLM-000708_v1.jpg,01806b1ecd8d5c0dc19bab4e8bf587ebd923777d4be0c3a068c362758a5ca20e
CLM-000709,train,Invalid Claim,1,data/claim_cards/train/Invalid Claim/CLM-000709_v1.jpg,285567ba9717f14b43d4515d20e6363ba4f036e90171e42154cf47d53716d3d9
CLM-000709,train,Invalid Claim,2,data/claim_cards/train/Invalid Claim/CLM-000709_v2.jpg,52ebdb2c7c00291cf1e6f560011c32bfd8a04670361270433c78959477b0307a
CLM-000710,train,Invalid Claim,1,data/claim_cards/train/Invalid Claim/CLM-000710_v1.jpg,1fd4e7207cad80f363dc341e0f70f34c4476fb1945d99391d2440f2b8d786579
CLM-000710,train,Invalid Claim,2,data/claim_cards/train/Invalid Claim/CLM-000710_v2.jpg,8a67556050f2ed241a8fdaf99a5d8474abe07bac46ebdf7c5458c5a18bd6fb88
CLM-000711,train,Invalid Claim,1,data/claim_cards/train/Invalid Claim/CLM-000711_v1.jpg,d2bc0d9ca6a9e1a2e6f2a6a96cc5bc99b1cfbe0c2cc71cdbf00ba40f92d79d34
CLM-000711,train,Invalid Claim,2,data/claim_cards/train/Invalid Claim/CLM-000711_v2.jpg,54f150cef7081f0f0b8ae8c009faa5b6edbfe53d131c7dbb482706a49d499bdb
CLM-000712,train,Invalid Claim,1,data/claim_cards/train/Invalid Claim/CLM-000712_v1.jpg,5caa64acd4ac890bf04f62d501416b260f091b332eb862256099ea4690701044
CLM-000712,train,Invalid Claim,2,data/claim_cards/train/Invalid Claim/CLM-000712_v2.jpg,7b551665593350984b72f7ac0b4bfcf9ad6db852ecd9cb1051aa927b5ddcb20f
CLM-000713,validation,Invalid Claim,1,data/claim_cards/validation/Invalid Claim/CLM-000713_v1.jpg,df35554f1f743b37cf6a90c0fa5c6b69bc043a771ca16679a16da4d5c7f3915b
CLM-000714,validation,Invalid Claim,1,data/claim_cards/validation/Invalid Claim/CLM-000714_v1.jpg,8d782fc4254fc5822bf113b6af02b34e2553293c2450e95792209dcafba3c050
CLM-000715,test,Invalid Claim,1,data/claim_cards/test/Invalid Claim/CLM-000715_v1.jpg,20caaf311d927b5c6c39afbe261ac27104f32445c2d8fea7e303e87c03c923d9
CLM-000716,validation,Invalid Claim,1,data/claim_cards/validation/Invalid Claim/CLM-000716_v1.jpg,bfb5027a225b95c6c2e3590209e298992eab0b259557652dbfc2f158289882e8
CLM-000717,validation,Invalid Claim,1,data/claim_cards/validation/Invalid Claim/CLM-000717_v1.jpg,e0e18bf27648726da49adc2d7f082d29b57bc29637a5fedf005ceec4a4fb9d9b
CLM-000718,validation,Invalid Claim,1,data/claim_cards/validation/Invalid Claim/CLM-000718_v1.jpg,a489f49d1ac6d28aefccd9f6233010c00bb19bee15460a6ead2f04c5c994cc54
CLM-000719,train,Invalid Claim,1,data/claim_cards/train/Invalid Claim/CLM-000719_v1.jpg,a2bca1004a5318a7bc62aa31cc26b8295b7e6798588d5035cf79b51f26c4b01c
CLM-000719,train,Invalid Claim,2,data/claim_cards/train/Invalid Claim/CLM-000719_v2.jpg,3b127c5a5857831341fdd97feb69b889d39139683bd1a93ed159ec3bd651005d
CLM-000720,train,Invalid Claim,1,data/claim_cards/train/Invalid Claim/CLM-000720_v1.jpg,c41a38afd9bd3769fdc4f2096c61ce586ed8ec9e16865fc312aacdcb6d945c00
CLM-000720,train,Invalid Claim,2,data/claim_cards/train/Invalid Claim/CLM-000720_v2.jpg,2debdd9aed19f663c3943cce6de927accbe2a2bbbf326065d86e045a0ca62aea
CLM-000721,train,Invalid Claim,1,data/claim_cards/train/Invalid Claim/CLM-000721_v1.jpg,c8b2625e9ad5dd81225dddc7b016d3fe39912aca5892e311a3ccc51e46cff64e
CLM-000721,train,Invalid Claim,2,data/claim_cards/train/Invalid Claim/CLM-000721_v2.jpg,4c13d74ba88fe6d146f082451b7b30e9c0775de2608de861ed9d8d497b6d9490
CLM-000722,train,Invalid Claim,1,data/claim_cards/train/Invalid Claim/CLM-000722_v1.jpg,ccbed4a717d0b5471ed34af774074ec00b47f2b0c1d5e14e06314b71236792c6
CLM-000722,train,Invalid Claim,2,data/claim_cards/train/Invalid Claim/CLM-000722_v2.jpg,40706385cd093406047c77169614209d1e09550010150ec4309ecbaee4d21ae3
CLM-000723,train,Invalid Claim,1,data/claim_cards/train/Invalid Claim/CLM-000723_v1.jpg,4a248876e21b7be4ff9f4ca390628ae854821226e7d9b393b2d05cef56ba3d92
CLM-000723,train,Invalid Claim,2,data/claim_cards/train/Invalid Claim/CLM-000723_v2.jpg,e4e206caa152b52e381bb816ecd03a4e728052d9b74e49a077ed38dcba57ae48
CLM-000724,train,Invalid Claim,1,data/claim_cards/train/Invalid Claim/CLM-000724_v1.jpg,4e0262b6f4af9047c839c991d4f9db5e96cb8001a3cdb93bc9fa8c3ede837158
CLM-000724,train,Invalid Claim,2,data/claim_cards/train/Invalid Claim/CLM-000724_v2.jpg,086f0a0f370ca627e7373bbcf61f330c956ade94ad1141d49ce931282c5cf174
CLM-000725,train,Invalid Claim,1,data/claim_cards/train/Invalid Claim/CLM-000725_v1.jpg,6f02875ababb3ba81e4a38193dfd24ff073e0dae3ce8b1e5ff1ab1aaa8edb47b
CLM-000725,train,Invalid Claim,2,data/claim_cards/train/Invalid Claim/CLM-000725_v2.jpg,76e6ff52bfd71ee706061507d4250589204ac33789b4801b079d8066aa5712f5
CLM-000726,train,Invalid Claim,1,data/claim_cards/train/Invalid Claim/CLM-000726_v1.jpg,284a17bfeb104fe17e9002974ce66947faaf0b97c37e87b209a9429a60e6fa4f
CLM-000726,train,Invalid Claim,2,data/claim_cards/train/Invalid Claim/CLM-000726_v2.jpg,7c0d8d55b2e7bbb7f278944feb5d41529c15c986f3896b1352eeba0ad103c0aa
CLM-000727,validation,Invalid Claim,1,data/claim_cards/validation/Invalid Claim/CLM-000727_v1.jpg,01b0a875f7f7ff1cb760a761d05e8391bfafecfdf10c4ede08a36cbbcdbb5da2
CLM-000728,train,Invalid Claim,1,data/claim_cards/train/Invalid Claim/CLM-000728_v1.jpg,057249790e4c2b904753f51ff0c39c8a56d8b7a8d9148c1f1751c33babc70309
CLM-000728,train,Invalid Claim,2,data/claim_cards/train/Invalid Claim/CLM-000728_v2.jpg,a654e8a4e7627c93cf2078235db32905fed40bba01f3ce265c2e2dbd9c8b136c
CLM-000729,train,Invalid Claim,1,data/claim_cards/train/Invalid Claim/CLM-000729_v1.jpg,baa87205e897016b8718a8fd1e756a2c80546fc37cf341c1f0ce48bc710ad792
CLM-000729,train,Invalid Claim,2,data/claim_cards/train/Invalid Claim/CLM-000729_v2.jpg,b85dc874ce60e2efec796e223a510ceef4d4d2ee6b7ba25a541414410804ed7f
CLM-000730,train,Invalid Claim,1,data/claim_cards/train/Invalid Claim/CLM-000730_v1.jpg,edf7cb495fe811bba4f19b50b1dd1e129ed336e84a7044b973d5afc69ad58dcf
CLM-000730,train,Invalid Claim,2,data/claim_cards/train/Invalid Claim/CLM-000730_v2.jpg,3e68d2cef8d59ccd5d39bfa51bffa7ee6a85bd88419c2527a0eed54173d635e0
CLM-000731,validation,Invalid Claim,1,data/claim_cards/validation/Invalid Claim/CLM-000731_v1.jpg,92a6ea3c3db70fb58ae6e3b06435489b9490660ea52607fbaa276a5510c9b076
CLM-000732,train,Invalid Claim,1,data/claim_cards/train/Invalid Claim/CLM-000732_v1.jpg,f1d16ef56c2ff6ef666ef58097685d9c5583551f2d7748b2f97e7259986e1424
CLM-000732,train,Invalid Claim,2,data/claim_cards/train/Invalid Claim/CLM-000732_v2.jpg,b90bd7987ef5c2fd6f439fb70f241c8b8fb08ba32461b0f50166f5615836aa71
CLM-000733,train,Invalid Claim,1,data/claim_cards/train/Invalid Claim/CLM-000733_v1.jpg,38f94e75358c7d0da124c6d9cb379dc62d5bbaa46599c5beb6927d4ac3d7981c
CLM-000733,train,Invalid Claim,2,data/claim_cards/train/Invalid Claim/CLM-000733_v2.jpg,579c4ae6395192b65937d38ceefafab5384ee8a4281977b6bdd0478f83031e48
CLM-000734,train,Invalid Claim,1,data/claim_cards/train/Invalid Claim/CLM-000734_v1.jpg,05660e05b162dcb391be163b5d91bef6a041d5cdd9a8f557240ff92f42b2a893
CLM-000734,train,Invalid Claim,2,data/claim_cards/train/Invalid Claim/CLM-000734_v2.jpg,98436ec068404a43ef21fb3885349cbed20f4be54e669f4d8d6a292bfae36541
CLM-000735,train,Invalid Claim,1,data/claim_cards/train/Invalid Claim/CLM-000735_v1.jpg,fae5de9c8b80ac1c8372531dfa22681ed19a5b46dd7c037fd4a974c3f667016f
CLM-000735,train,Invalid Claim,2,data/claim_cards/train/Invalid Claim/CLM-000735_v2.jpg,d2c1c9c38637e07434de8e4598b7240be2f13d587e428b6bc88eb90819df0368
CLM-000736,test,Invalid Claim,1,data/claim_cards/test/Invalid Claim/CLM-000736_v1.jpg,cad757373e7b7428780a4afdb3c2cd41690fd315169323b465e81fe17980df87
CLM-000737,validation,Invalid Claim,1,data/claim_cards/validation/Invalid Claim/CLM-000737_v1.jpg,26baf5ce1760a7cf23def7e3b62afb475feadc9deba45471c945c6fba0db9d9f
CLM-000738,train,Invalid Claim,1,data/claim_cards/train/Invalid Claim/CLM-000738_v1.jpg,ee995c732451301e14b67d3c08964ee6785f5777b8f0d4f4a1faaf7b7cc5a33b
CLM-000738,train,Invalid Claim,2,data/claim_cards/train/Invalid Claim/CLM-000738_v2.jpg,1e494634afb58fa51a2bb44fafa6d17bbb6b2d9003ccb9b5e37f6a6198133a2b
CLM-000739,train,Invalid Claim,1,data/claim_cards/train/Invalid Claim/CLM-000739_v1.jpg,244bf7c1dc11da9656a2ff68befac9fa4a684aa5ee265301678f4839587fe2d1
CLM-000739,train,Invalid Claim,2,data/claim_cards/train/Invalid Claim/CLM-000739_v2.jpg,1fbc7c8afea58b0f6916bc024b9866703c10bd81058fb160cf93f37d5f40a0c2
CLM-000740,train,Invalid Claim,1,data/claim_cards/train/Invalid Claim/CLM-000740_v1.jpg,7ce7ed633b60cd0de0b1f3b476c9252ede00169a5dedf022f074159c311d433b
CLM-000740,train,Invalid Claim,2,data/claim_cards/train/Invalid Claim/CLM-000740_v2.jpg,98b19f4fe36f597228d6b5f6a0f4f3a03b0406fed960975c005f81775518fe35
CLM-000741,train,Invalid Claim,1,data/claim_cards/train/Invalid Claim/CLM-000741_v1.jpg,68cb476adedeade5328588af2794c59a56ac29b8ec6457000dab873bad07f822
CLM-000741,train,Invalid Claim,2,data/claim_cards/train/Invalid Claim/CLM-000741_v2.jpg,69934545f52ea29be47e3b1bfb52b208244c70a24b938bf57c4d6ab564168f3b
CLM-000742,test,Invalid Claim,1,data/claim_cards/test/Invalid Claim/CLM-000742_v1.jpg,bd1747198b947496734d52e474d520273ca76329ca9fda5d6d2edf4a2dde8f8b
CLM-000743,train,Invalid Claim,1,data/claim_cards/train/Invalid Claim/CLM-000743_v1.jpg,c38b869608b99a60c0a46ff3a55b487505c9b3cf5cdf71e820f28c53fd13d231
CLM-000743,train,Invalid Claim,2,data/claim_cards/train/Invalid Claim/CLM-000743_v2.jpg,667ccea43ec54d2fbfeea6f0949e3ce025700476f3acc285b5a64a068af9b639
CLM-000744,test,Invalid Claim,1,data/claim_cards/test/Invalid Claim/CLM-000744_v1.jpg,faa87cef645175445d9036c802682f2fc53c71c34cb69ab9ed29df7780299ecc
CLM-000745,train,Invalid Claim,1,data/claim_cards/train/Invalid Claim/CLM-000745_v1.jpg,2b9d254f3c741eb25473d161f1b9dca3a03c020fa736a30dba3060cb4b130bea
CLM-000745,train,Invalid Claim,2,data/claim_cards/train/Invalid Claim/CLM-000745_v2.jpg,29d04d73e5957abf80f24da0c5e8d2dcb3c50376daf7bb4d8fa406dcfa17abab
CLM-000746,train,Invalid Claim,1,data/claim_cards/train/Invalid Claim/CLM-000746_v1.jpg,c71ae09915bc99b2b3d45906764d60ce0ed711017de9040d82a0a6beb0a30b19
CLM-000746,train,Invalid Claim,2,data/claim_cards/train/Invalid Claim/CLM-000746_v2.jpg,4800a32b99e8abbbc2e510250cec92279e89ead93c42aa2ddbda78b8e9bf790b
CLM-000747,train,Invalid Claim,1,data/claim_cards/train/Invalid Claim/CLM-000747_v1.jpg,223cc0021f019d0ad2fddfcbcc5b54344414a84baad4c3d8cd8aa557376a2709
CLM-000747,train,Invalid Claim,2,data/claim_cards/train/Invalid Claim/CLM-000747_v2.jpg,2df80c3aff656453ea7039697fa4c2e071f8772f74c3cf7627aa7aa5f40c4e5a
CLM-000748,train,Invalid Claim,1,data/claim_cards/train/Invalid Claim/CLM-000748_v1.jpg,592492de864cebe99199054b9c7550fcc0e210e5adad0551b34a1e6274952487
CLM-000748,train,Invalid Claim,2,data/claim_cards/train/Invalid Claim/CLM-000748_v2.jpg,9d8ff0f4fa911664c973eba70ae47c713a65f9b9f2bf0ad5aaeba59f2fc179e8
CLM-000749,train,Invalid Claim,1,data/claim_cards/train/Invalid Claim/CLM-000749_v1.jpg,4847c029e89dbe4f1541132a15db2a8c96ea98af7c77d923dddff1815d3d0a72
CLM-000749,train,Invalid Claim,2,data/claim_cards/train/Invalid Claim/CLM-000749_v2.jpg,b3f1b526b2d4d6b4d41c7b9764762cee9f64821f083680f89d9e2afbf4ca00ad
CLM-000750,train,Invalid Claim,1,data/claim_cards/train/Invalid Claim/CLM-000750_v1.jpg,28996966e38af4468bd32f18cbcfca039e7807ea614a98b785468c4ac5f4a64e
CLM-000750,train,Invalid Claim,2,data/claim_cards/train/Invalid Claim/CLM-000750_v2.jpg,bf70e79a4af97337871b07e979a29548510fca7b7a72ee8f311ce54e6de32447
CLM-000751,train,Invalid Claim,1,data/claim_cards/train/Invalid Claim/CLM-000751_v1.jpg,eb76079456874b4fdf0fdf8e64023bcfed48c3b9d385daafeae4788bac545456
CLM-000751,train,Invalid Claim,2,data/claim_cards/train/Invalid Claim/CLM-000751_v2.jpg,32cfe7c453de1251e666e864132aca414ddde2fd14057963ff43497a1ce09146
CLM-000752,validation,Invalid Claim,1,data/claim_cards/validation/Invalid Claim/CLM-000752_v1.jpg,a4bf904b533fa021e4a44a720f67ad885c181f609ecc5d6d6ba74aad42e9d7bc
CLM-000753,test,Invalid Claim,1,data/claim_cards/test/Invalid Claim/CLM-000753_v1.jpg,f138570e80c6305970ccd382521ea2aa2b66a688664ce000f38c5dada4f1ccee
CLM-000754,train,Invalid Claim,1,data/claim_cards/train/Invalid Claim/CLM-000754_v1.jpg,49581256e21a37866880e90d90ed5552e84941441db6abc29007831aebd29e66
CLM-000754,train,Invalid Claim,2,data/claim_cards/train/Invalid Claim/CLM-000754_v2.jpg,27aca62d5ae4c048c24ab83cfdc2af3c8b4b1e814067d213fcf4abdc78301fde
CLM-000755,validation,Invalid Claim,1,data/claim_cards/validation/Invalid Claim/CLM-000755_v1.jpg,b25adeb9ead88dc851d9874bb98afb1ee25e6a39d2fc224d5ac1cde061e0e406
CLM-000756,train,Invalid Claim,1,data/claim_cards/train/Invalid Claim/CLM-000756_v1.jpg,ffe79399ee247b0aa047da9dad427f6fdac7ea5920bdfb90d627809986b60b8d
CLM-000756,train,Invalid Claim,2,data/claim_cards/train/Invalid Claim/CLM-000756_v2.jpg,d65d65ddfc48adc5fd2799cc174ad68fa6741af19b211fa17d008563c3d2587c
CLM-000757,validation,Invalid Claim,1,data/claim_cards/validation/Invalid Claim/CLM-000757_v1.jpg,09d25b68fd69243fff5d5111d9279535f5bab866e34087bd2ffc08289ead3bc0
CLM-000758,test,Invalid Claim,1,data/claim_cards/test/Invalid Claim/CLM-000758_v1.jpg,67993f1adaed1b9742d60939bc0ec81cbb1ecb2c316a8bc27b81f7cab512b0dd
CLM-000759,train,Invalid Claim,1,data/claim_cards/train/Invalid Claim/CLM-000759_v1.jpg,99b60ca009c8abb01153d8de683b340866b1b05d8a2b86445fe806f94faee843
CLM-000759,train,Invalid Claim,2,data/claim_cards/train/Invalid Claim/CLM-000759_v2.jpg,7caaf30c10825689e1f745b92d41f77bcd17fe0cc2b20f020d61807c93341ed7
CLM-000760,validation,Invalid Claim,1,data/claim_cards/validation/Invalid Claim/CLM-000760_v1.jpg,fed6ba4ab58ef0cceec01abbd9b1121069fe803b2668e71e338b15e5e59f6471
CLM-000761,validation,Invalid Claim,1,data/claim_cards/validation/Invalid Claim/CLM-000761_v1.jpg,9e675cfa3f917f0cabb270449f039b2c63250ae3f9ac257d018f20b1ddbffec4
CLM-000762,train,Invalid Claim,1,data/claim_cards/train/Invalid Claim/CLM-000762_v1.jpg,7b4fad2b5aaaab1c5e384525cab31a147a5d5a83d47ed867c3be61dfebf89892
CLM-000762,train,Invalid Claim,2,data/claim_cards/train/Invalid Claim/CLM-000762_v2.jpg,82b53024008a1c095258fa13dfdd4072ec65ac49f3ae9ef94a0075d89bc0d7da
CLM-000763,train,Invalid Claim,1,data/claim_cards/train/Invalid Claim/CLM-000763_v1.jpg,a03c04332653fab4c708a78d0324448eaf5be3783156b13b4ed14a5be283f020
CLM-000763,train,Invalid Claim,2,data/claim_cards/train/Invalid Claim/CLM-000763_v2.jpg,eae002c1a911154e29d14d1583dc798fc8f93c5897d047b4a1792b7e42e80613
CLM-000764,test,Invalid Claim,1,data/claim_cards/test/Invalid Claim/CLM-000764_v1.jpg,1bb5cca0ec1b431c158cb83231f879943f456dcf25f1358e7506a7d4fb6adfa7
CLM-000765,test,Invalid Claim,1,data/claim_cards/test/Invalid Claim/CLM-000765_v1.jpg,f4328031932481586d13e78d21a00b879b272def0aeb57628bbd5fecc65605cc
CLM-000766,train,Invalid Claim,1,data/claim_cards/train/Invalid Claim/CLM-000766_v1.jpg,09be918454bcdd1ba4191d4a3068c10bd58e1186117ec8d490afc0a55470b1bf
CLM-000766,train,Invalid Claim,2,data/claim_cards/train/Invalid Claim/CLM-000766_v2.jpg,3f4d58c28203625779fbd6adbbba3578cea3013ab4792fd96004d699f65233c4
CLM-000767,train,Invalid Claim,1,data/claim_cards/train/Invalid Claim/CLM-000767_v1.jpg,036315949aa3ed23275128729351e8793236bdead4148c4ad6e9cd154b8a225f
CLM-000767,train,Invalid Claim,2,data/claim_cards/train/Invalid Claim/CLM-000767_v2.jpg,b77304dcb9a54e9824d8f4ece7ecc0e02b358cdd5564d432fe815d746ec321a4
CLM-000768,validation,Invalid Claim,1,data/claim_cards/validation/Invalid Claim/CLM-000768_v1.jpg,c000d5b3efd24b04688b711cd66154c3bbaaadb6b67b54eeaf3b236b3d38d126
CLM-000769,train,Invalid Claim,1,data/claim_cards/train/Invalid Claim/CLM-000769_v1.jpg,4d4ed781517f578c47a5d568152bc90bd8675759ecf80096d233bbd13879c211
CLM-000769,train,Invalid Claim,2,data/claim_cards/train/Invalid Claim/CLM-000769_v2.jpg,cf4a78e3e570b15043855b1930f9e2656e4f7f9381e5c8fc7fc53c19dc1a645b
CLM-000770,validation,Invalid Claim,1,data/claim_cards/validation/Invalid Claim/CLM-000770_v1.jpg,2ceb024f6238a0f7a1d0b4faefce13afc9cb86edbe4bb52291c8f2fc27ad1414
CLM-000771,test,Invalid Claim,1,data/claim_cards/test/Invalid Claim/CLM-000771_v1.jpg,5479e1b7cbe6ded9f587a39864ba539721924abef6c2b5af498a46ddf7fe6aae
CLM-000772,train,Invalid Claim,1,data/claim_cards/train/Invalid Claim/CLM-000772_v1.jpg,9109ae121988c46148be3e951d996e2322d67a1646f43ea9a3029b2e39b35235
CLM-000772,train,Invalid Claim,2,data/claim_cards/train/Invalid Claim/CLM-000772_v2.jpg,f0d2d67862758b81cc9ac95da3a9314bb0d8809fe7715690d73da663c0fcc62d
CLM-000773,train,Invalid Claim,1,data/claim_cards/train/Invalid Claim/CLM-000773_v1.jpg,b654ba7f19b7279245b887bc6467df3b0d78a77ef22f23c4eddda2fb16653c31
CLM-000773,train,Invalid Claim,2,data/claim_cards/train/Invalid Claim/CLM-000773_v2.jpg,92ba6a3442fb35ee8381e2a9015b281ad14fc1d83bbf869b957c8a839686528b
CLM-000774,test,Invalid Claim,1,data/claim_cards/test/Invalid Claim/CLM-000774_v1.jpg,625a35e51a1564a5f5d6fc4b6b810b17bba99a1ead57d674dbbde8bbddbe8463
CLM-000775,train,Invalid Claim,1,data/claim_cards/train/Invalid Claim/CLM-000775_v1.jpg,d6278b7e3e8225ef3c9166fab12e2f4f031a70f2fb3ee60aaae8493e5f29b6f2
CLM-000775,train,Invalid Claim,2,data/claim_cards/train/Invalid Claim/CLM-000775_v2.jpg,41fe0a868fbc6f7d1df91d4dc80e1c543f89c190717ca8d393f97fbf9727572d
CLM-000776,train,Invalid Claim,1,data/claim_cards/train/Invalid Claim/CLM-000776_v1.jpg,35b69f07dd2b40f252e308e205b902c0d6f2f1a77667ba707a10796a415d2b20
CLM-000776,train,Invalid Claim,2,data/claim_cards/train/Invalid Claim/CLM-000776_v2.jpg,a98a138461f8d56487f648d61bb25627f55213b13569721a4d97df43eb37e6a8
CLM-000777,test,Invalid Claim,1,data/claim_cards/test/Invalid Claim/CLM-000777_v1.jpg,ca9828f94d41097cefe8928e2d9d67ce5e59b61ad27ebbf41bf212c86056f3b5
CLM-000778,train,Invalid Claim,1,data/claim_cards/train/Invalid Claim/CLM-000778_v1.jpg,e3ed905ad02f0cae9de470f29f250fcfea8ddae5c16481ed6403571b9676f3b6
CLM-000778,train,Invalid Claim,2,data/claim_cards/train/Invalid Claim/CLM-000778_v2.jpg,b179b283e99128f697b2f1eab840b297a9efc30b3782ed23d961553a0e400ab5
CLM-000779,train,Invalid Claim,1,data/claim_cards/train/Invalid Claim/CLM-000779_v1.jpg,d8c358be47b63f6e6c95e53cd362c8e251fadbfaefa4d7b903ff2e86b8af1219
CLM-000779,train,Invalid Claim,2,data/claim_cards/train/Invalid Claim/CLM-000779_v2.jpg,8a4c92201abb9c841c43410041aefc6abcfc1d5a98bba1027392fb236494322e
CLM-000780,validation,Invalid Claim,1,data/claim_cards/validation/Invalid Claim/CLM-000780_v1.jpg,2562e9abfd8bce763e020dcce0b05f3b262f36ffaa00c5446a0d083154fd23e4
CLM-000781,train,Invalid Claim,1,data/claim_cards/train/Invalid Claim/CLM-000781_v1.jpg,7df74d3b618e8855a588e647d1d458669298a451cd65b82f049f872ea08a03fb
CLM-000781,train,Invalid Claim,2,data/claim_cards/train/Invalid Claim/CLM-000781_v2.jpg,dccfe26bdf0725cb4ab027e300393debad307abb4a1b9aa8f4d73bda2cf1689f
CLM-000782,train,Invalid Claim,1,data/claim_cards/train/Invalid Claim/CLM-000782_v1.jpg,688747554ac0810e1cbc79251a6b4101c73f7d8136f49b532fea8319e0364036
CLM-000782,train,Invalid Claim,2,data/claim_cards/train/Invalid Claim/CLM-000782_v2.jpg,95cf86e81e70cda2de249aace263542f9161e4fa4a461cdd45831d661d42f71a
CLM-000783,train,Invalid Claim,1,data/claim_cards/train/Invalid Claim/CLM-000783_v1.jpg,ed69f881221bcd4500163bdda5d4b6ace1778c479613e10ba86561e5f1cdaff7
CLM-000783,train,Invalid Claim,2,data/claim_cards/train/Invalid Claim/CLM-000783_v2.jpg,06ee789c18bcfe7aae5e9551b2376e929ea8ee68f24478ddefa81eb30eca6cfb
CLM-000784,train,Invalid Claim,1,data/claim_cards/train/Invalid Claim/CLM-000784_v1.jpg,ea828e87619394b6b8a9d42d1c374074d36356c6ef302f1d4681c2aa4b91b1ef
CLM-000784,train,Invalid Claim,2,data/claim_cards/train/Invalid Claim/CLM-000784_v2.jpg,da5e392233480f1b3b58c130a02af010673e9c0c8e8a0e41b6990e51880e2d7c
CLM-000785,train,Invalid Claim,1,data/claim_cards/train/Invalid Claim/CLM-000785_v1.jpg,38d4fb9e88e41cd777114c1ed3bbeab958f7fc43c03c9798d1bc6b2263bb1b93
CLM-000785,train,Invalid Claim,2,data/claim_cards/train/Invalid Claim/CLM-000785_v2.jpg,01215fbf8840dd908d5251ce3b6362f5663cf5224e5d8d039066202901b1933d
CLM-000786,train,Invalid Claim,1,data/claim_cards/train/Invalid Claim/CLM-000786_v1.jpg,131c87c75819d065958f352674f832954608396691de14fe55b493f27cf5d50d
CLM-000786,train,Invalid Claim,2,data/claim_cards/train/Invalid Claim/CLM-000786_v2.jpg,3b1284b2dbf65ccf74a1ca7061c5e8923a46262b39435e08cbada934a2161fba
CLM-000787,train,Invalid Claim,1,data/claim_cards/train/Invalid Claim/CLM-000787_v1.jpg,73ff1ebfab0c3b8644df55458e2deb7f70d1703c0a89428b435ecd5b106c99d8
CLM-000787,train,Invalid Claim,2,data/claim_cards/train/Invalid Claim/CLM-000787_v2.jpg,9d962cf05c35124066fb6708c9639b2691f93e4cca083756e9f6590d64c9df7c
CLM-000788,train,Invalid Claim,1,data/claim_cards/train/Invalid Claim/CLM-000788_v1.jpg,58cb62f26f2040f000b4a0cda3db55aaab678e8b713943d2f74e2af54ab0aecd
CLM-000788,train,Invalid Claim,2,data/claim_cards/train/Invalid Claim/CLM-000788_v2.jpg,fd21f90f602c29169bd0c6791bfbb6d07dab0cf97fb7655161acbdb51ff4ab42
CLM-000789,validation,Invalid Claim,1,data/claim_cards/validation/Invalid Claim/CLM-000789_v1.jpg,dc7bc7dbe57b7a1b7e62b04524f02b7d55860224d503e3d6aa2290ac69cc058b
CLM-000790,train,Invalid Claim,1,data/claim_cards/train/Invalid Claim/CLM-000790_v1.jpg,2a1e862269c3643dfe0037438d6a535b70325ab17408d84afb7064f968196849
CLM-000790,train,Invalid Claim,2,data/claim_cards/train/Invalid Claim/CLM-000790_v2.jpg,85af2650654782fbba9672f146255ba82c996b0e4d08376c0bdcae302ccb408f
CLM-000791,train,Invalid Claim,1,data/claim_cards/train/Invalid Claim/CLM-000791_v1.jpg,e09a8f4fe20be61e393888f13bb99fb1e73fdd3a9846b43715546c4ae9bccff6
CLM-000791,train,Invalid Claim,2,data/claim_cards/train/Invalid Claim/CLM-000791_v2.jpg,b15e9bc142161d0e7ee4aec76217529a76fb878b28535e82fb5950650d1594cf
CLM-000792,train,Invalid Claim,1,data/claim_cards/train/Invalid Claim/CLM-000792_v1.jpg,644981d4a8c52f8afba85d601a6f2c67c532946ba9a02baab7819c9e0c6eaa08
CLM-000792,train,Invalid Claim,2,data/claim_cards/train/Invalid Claim/CLM-000792_v2.jpg,0c91863ca1a8fc7c17901545aac29d7876fa70f9c2ab25a8defe5f8b7c1a42f9
CLM-000793,validation,Invalid Claim,1,data/claim_cards/validation/Invalid Claim/CLM-000793_v1.jpg,e19ddc84fdc4a41374a391c94ff4e0b2d92c7a8f6eb705a21dfca6b622dcc78a
CLM-000794,test,Invalid Claim,1,data/claim_cards/test/Invalid Claim/CLM-000794_v1.jpg,4ba2e7021a821726a4be7a79e9a6a21163f768603897918d0517fe3e618a5295
CLM-000795,train,Invalid Claim,1,data/claim_cards/train/Invalid Claim/CLM-000795_v1.jpg,a55c941b7671f2cd819c7a8ae074036d0e639e1196ccebebe74e997c15608d05
CLM-000795,train,Invalid Claim,2,data/claim_cards/train/Invalid Claim/CLM-000795_v2.jpg,e2396ef0a2513146cf651c9dacc82528f918e258b06abd2ba5d56fbd2581ee93
CLM-000796,validation,Invalid Claim,1,data/claim_cards/validation/Invalid Claim/CLM-000796_v1.jpg,25dbf062b5c9e0a7058786f081706350ac783e6ffbf81ea8dec0b5ce68f1cdc3
CLM-000797,train,Invalid Claim,1,data/claim_cards/train/Invalid Claim/CLM-000797_v1.jpg,893fdb21d7598d455e083faa28e91e21a0c5c22168b3adc2a2439a8116cda2a7
CLM-000797,train,Invalid Claim,2,data/claim_cards/train/Invalid Claim/CLM-000797_v2.jpg,28d27285787ca62ad875fad38417bfe22d573b3dabf6722e589cf38446e67c81
CLM-000798,train,Invalid Claim,1,data/claim_cards/train/Invalid Claim/CLM-000798_v1.jpg,6a476f45a3e5bf7fefc9ecf6a1cdb3165358a12590d158e16786d7e564c7ce38
CLM-000798,train,Invalid Claim,2,data/claim_cards/train/Invalid Claim/CLM-000798_v2.jpg,da81eb0a4c79b3722f8567602416229b49e019e843728027730836e7052d8e36
CLM-000799,train,Invalid Claim,1,data/claim_cards/train/Invalid Claim/CLM-000799_v1.jpg,21e5e6f6085538f5c2ba6ddfd8ba14e4ea33f83fd27f52c10c378bc0c7529356
CLM-000799,train,Invalid Claim,2,data/claim_cards/train/Invalid Claim/CLM-000799_v2.jpg,d7eb7cc4f32663042b8db95189d1a071b39e0d087da5ab9e117cfecff831456c
CLM-000800,train,Invalid Claim,1,data/claim_cards/train/Invalid Claim/CLM-000800_v1.jpg,ccd26b66d1fe3837bd4a27989125e1b1835e4d927af914367f4c2a77aaf6a6ba
CLM-000800,train,Invalid Claim,2,data/claim_cards/train/Invalid Claim/CLM-000800_v2.jpg,b24756d68dfef7ca7fc84e4257453aef1a91876d98e8a4803c33c09310322844
CLM-000801,validation,Invalid Claim,1,data/claim_cards/validation/Invalid Claim/CLM-000801_v1.jpg,f591d630909d2167bf66111904f77fa3e46f0710f16c51cff99798ecc7936e86
CLM-000802,train,Invalid Claim,1,data/claim_cards/train/Invalid Claim/CLM-000802_v1.jpg,68dae5a1aaac8db5f602dba4efeddd7b6837ad9a70104c44644e77a698b1bd0c
CLM-000802,train,Invalid Claim,2,data/claim_cards/train/Invalid Claim/CLM-000802_v2.jpg,b17a3d06e2ad9fc368be5529db2990a526958e57962bdd19e474bd42dd5a6454
CLM-000803,train,Invalid Claim,1,data/claim_cards/train/Invalid Claim/CLM-000803_v1.jpg,be40f48cbac9090a1cb84e03e6c39cb3be371834d9ec269a00f9f67361cb0d76
CLM-000803,train,Invalid Claim,2,data/claim_cards/train/Invalid Claim/CLM-000803_v2.jpg,806b739759779d24459a47ffae90fd6356618020c073f1b16ece94d8e5cef0fd
CLM-000804,validation,Invalid Claim,1,data/claim_cards/validation/Invalid Claim/CLM-000804_v1.jpg,379000a94be835d5a925a09fd67bc64ab95a03046cafabc9d61c41dbab7ec8f2
CLM-000805,train,Invalid Claim,1,data/claim_cards/train/Invalid Claim/CLM-000805_v1.jpg,ae9db4135d132c6d50812b489afb9cd5226b5ad51a00d939308731d63ddc57f4
CLM-000805,train,Invalid Claim,2,data/claim_cards/train/Invalid Claim/CLM-000805_v2.jpg,58628b943d6c517f7aa0289599e1d6546566ac5a3b455fbdba7d68e09c9cdc5f
CLM-000806,train,Invalid Claim,1,data/claim_cards/train/Invalid Claim/CLM-000806_v1.jpg,c3ec54904d15ce652ac7133ee83627815a27f83e6f136f2ff30e53a89d188edc
CLM-000806,train,Invalid Claim,2,data/claim_cards/train/Invalid Claim/CLM-000806_v2.jpg,88447d4f1a7ba5f017932afc2eb07ef2ef39b75c8b13e193855399aa312efe1c
CLM-000807,test,Invalid Claim,1,data/claim_cards/test/Invalid Claim/CLM-000807_v1.jpg,0027c14e0e3ce8e299dba34a5c2183929d83f9552a90ba22dd8cd2743631cd2b
CLM-000808,train,Invalid Claim,1,data/claim_cards/train/Invalid Claim/CLM-000808_v1.jpg,6a33d5cb406a79f34b37b32788df8790d54f53d614e465af0613c1218742c964
CLM-000808,train,Invalid Claim,2,data/claim_cards/train/Invalid Claim/CLM-000808_v2.jpg,f9a60bedb4ab4b05e57014c6f5731ebf7911eece74ec0ff09fdff279efa2c226
CLM-000809,test,Invalid Claim,1,data/claim_cards/test/Invalid Claim/CLM-000809_v1.jpg,1be2bd5b39b8b8acbe92a1d3e6d96f2f2e9e6b93ee810a81f72bf9463adc10a0
CLM-000810,validation,Invalid Claim,1,data/claim_cards/validation/Invalid Claim/CLM-000810_v1.jpg,18e07bb50b6fa34d4cf127615babed40ea392a35f5492e83528e167ab38ac295
CLM-000811,train,Invalid Claim,1,data/claim_cards/train/Invalid Claim/CLM-000811_v1.jpg,fb05612dc4d08bb2588c0550861135373d9051e56d11fd1cc14cf7617628fbea
CLM-000811,train,Invalid Claim,2,data/claim_cards/train/Invalid Claim/CLM-000811_v2.jpg,2365923b541e3a750c40f877cc7059b90ad8a67493a83fcf202a80737a21d13d
CLM-000812,train,Invalid Claim,1,data/claim_cards/train/Invalid Claim/CLM-000812_v1.jpg,6355255ee79268f04ff65299c4755760a908de5dd4b4ad9bd4c2deab0eb880e9
CLM-000812,train,Invalid Claim,2,data/claim_cards/train/Invalid Claim/CLM-000812_v2.jpg,fdb3390f8a707d81c368122387cd5ae9611c44280d9a9723c0a3d30be5274c2c
CLM-000813,train,Invalid Claim,1,data/claim_cards/train/Invalid Claim/CLM-000813_v1.jpg,e860a4cfa3097c4542ae09b80025c1ca7591896edc3c0f201b3fcd429146f7d8
CLM-000813,train,Invalid Claim,2,data/claim_cards/train/Invalid Claim/CLM-000813_v2.jpg,e16eb1abe5a3e741413c757da60f41bd1d0c94f74a956b17f9fd9c641dad30fc
CLM-000814,test,Invalid Claim,1,data/claim_cards/test/Invalid Claim/CLM-000814_v1.jpg,919e1e65ccb3a41146753b96b7e983fbea7d35468df37dfc7c37e62e9338de1d
CLM-000815,train,Invalid Claim,1,data/claim_cards/train/Invalid Claim/CLM-000815_v1.jpg,856fe45d2c3df5daf008e39f58723d62f3cd964a874ed1ed6771a61b2bb4ce3d
CLM-000815,train,Invalid Claim,2,data/claim_cards/train/Invalid Claim/CLM-000815_v2.jpg,2f1b902bb4f18227d738d170e1f95c7e26b18040d68854f4e7c0e95303c8fe9b
CLM-000816,test,Invalid Claim,1,data/claim_cards/test/Invalid Claim/CLM-000816_v1.jpg,f2187485729fc6f006c9319af22121e696ef87ef1778b3d24917b448670a0689
CLM-000817,train,Invalid Claim,1,data/claim_cards/train/Invalid Claim/CLM-000817_v1.jpg,fc056add17b30f77a40d2e84a3ee3a41f840e7e26d3f6ff2c48ed4e777deb6bd
CLM-000817,train,Invalid Claim,2,data/claim_cards/train/Invalid Claim/CLM-000817_v2.jpg,e5bcc83c35512b4fc30040826b850d707e8c3af774d23021093b661bfde40f75
CLM-000818,train,Invalid Claim,1,data/claim_cards/train/Invalid Claim/CLM-000818_v1.jpg,e1212b0817834baed2175d60ee662badc2b4e3c817677e0420ad64dc4a8310f7
CLM-000818,train,Invalid Claim,2,data/claim_cards/train/Invalid Claim/CLM-000818_v2.jpg,a8c409638c1a1729b224fe81a3fb8db1a2c63cfe9abb4af620d03a285d781b48
CLM-000819,train,Invalid Claim,1,data/claim_cards/train/Invalid Claim/CLM-000819_v1.jpg,e5605ff3d84ef4f01f53415a04e521017235ab1124ca15879f16f7af37713047
CLM-000819,train,Invalid Claim,2,data/claim_cards/train/Invalid Claim/CLM-000819_v2.jpg,27fc1494f9d9589bc242cafd4904d7ad9269e653fbb505bba8a493c7a43b34f0
CLM-000820,test,Invalid Claim,1,data/claim_cards/test/Invalid Claim/CLM-000820_v1.jpg,e3a1224d456183c5f002ca5af12f9201e8899abf3a63aad3d93c7d6bf923a57f
CLM-000821,train,Invalid Claim,1,data/claim_cards/train/Invalid Claim/CLM-000821_v1.jpg,165486159edade5768844cf686d1f33024cb8ee85ac1d6d7003412653127f886
CLM-000821,train,Invalid Claim,2,data/claim_cards/train/Invalid Claim/CLM-000821_v2.jpg,4aed505c356f9c34dd405ca3b7ad74c18106937bbc48e214ece8c20f79893ecb
CLM-000822,train,Invalid Claim,1,data/claim_cards/train/Invalid Claim/CLM-000822_v1.jpg,1f6619eb9fe8ca86ddcca9875900966ccfbae777a56b58230bd30f65adf3e558
CLM-000822,train,Invalid Claim,2,data/claim_cards/train/Invalid Claim/CLM-000822_v2.jpg,82da0e13d1861c505bf8742518c03448521e4e67868604ed9b1dca73a12043d3
CLM-000823,train,Invalid Claim,1,data/claim_cards/train/Invalid Claim/CLM-000823_v1.jpg,c3757c4894537624cca5c4cbd65f147cacf21f0c9cd7b4814fc475eb1e5cb646
CLM-000823,train,Invalid Claim,2,data/claim_cards/train/Invalid Claim/CLM-000823_v2.jpg,09a3eb5ba91fcce4b6f68b96882f8b54e819a93b7834e8c1ee30bc50d56585e2
CLM-000824,train,Invalid Claim,1,data/claim_cards/train/Invalid Claim/CLM-000824_v1.jpg,35f90f90c34a6011dc7440c687bd1eff3a0428469a32998bcf5a3613b2809175
CLM-000824,train,Invalid Claim,2,data/claim_cards/train/Invalid Claim/CLM-000824_v2.jpg,22b85022f62452b0d7542f5b9a5c47b1cc4e98e7b0ddb7e645f4ed1a1b70a999
CLM-000825,train,Invalid Claim,1,data/claim_cards/train/Invalid Claim/CLM-000825_v1.jpg,0ecae6ae23893a40a581f3d8e6b9339c162b938f141ff6a6b4522a3519ac1765
CLM-000825,train,Invalid Claim,2,data/claim_cards/train/Invalid Claim/CLM-000825_v2.jpg,3211d012c72ce6627a49cb2bc4d092888f674a87d02467175f237e42420c1402
CLM-000826,train,Invalid Claim,1,data/claim_cards/train/Invalid Claim/CLM-000826_v1.jpg,285bc2e69334d962536f384bc6fe2bf3ba5fe9c02066431a70c69c1b70147ed2
CLM-000826,train,Invalid Claim,2,data/claim_cards/train/Invalid Claim/CLM-000826_v2.jpg,0673413341161455e08db39d137619c12e7b53a7633e587dac84ece5bbe500ee
CLM-000827,validation,Invalid Claim,1,data/claim_cards/validation/Invalid Claim/CLM-000827_v1.jpg,42037fe7a3d5e476334f7210f3c6e6065a7f2dd9fd1f8e9712aee6ca3ca71d52
CLM-000828,validation,Invalid Claim,1,data/claim_cards/validation/Invalid Claim/CLM-000828_v1.jpg,3efa5ac873ad9f5dfb33230e6b12d74ebe6c0f78c9576acb10537c9f435440a7
CLM-000829,test,Invalid Claim,1,data/claim_cards/test/Invalid Claim/CLM-000829_v1.jpg,e1f6fbaed2fe10ac39bdacb7c881636cda8836435d10f3976c860901e555ea81
CLM-000830,train,Invalid Claim,1,data/claim_cards/train/Invalid Claim/CLM-000830_v1.jpg,36a74e5673d1e506dc9311eef5f1b5f873b2378a99aac22b6fa7476a531c15c9
CLM-000830,train,Invalid Claim,2,data/claim_cards/train/Invalid Claim/CLM-000830_v2.jpg,0e2b04757f698b2b9777fb513349cf1853d65a99f92fe63d065d25ab06877d07
CLM-000831,test,Invalid Claim,1,data/claim_cards/test/Invalid Claim/CLM-000831_v1.jpg,6c00893386acf954633a4f86f4ff9d32136864527a4e8f8da74af6f24bbf3220
CLM-000832,train,Invalid Claim,1,data/claim_cards/train/Invalid Claim/CLM-000832_v1.jpg,eca001abc56357f2ecd99d2f00155c2f8a8748d1546b7f004209e3bb4ba23551
CLM-000832,train,Invalid Claim,2,data/claim_cards/train/Invalid Claim/CLM-000832_v2.jpg,5b7be0d72526cacc1d4065e1ebfb17381d2f0a1cabd7c6d41d61f418c9b16f34
CLM-000833,train,Invalid Claim,1,data/claim_cards/train/Invalid Claim/CLM-000833_v1.jpg,09cbc767a57df8c7ca38f6eab813b678c9d3555f74dd7957d3fa763d1a34a66d
CLM-000833,train,Invalid Claim,2,data/claim_cards/train/Invalid Claim/CLM-000833_v2.jpg,8dedad3da62ffe95723a1e399b8d968db14fc6369a94b5b664159090f46fbb56
CLM-000834,train,Invalid Claim,1,data/claim_cards/train/Invalid Claim/CLM-000834_v1.jpg,8377f82c0c6544f05b2923ff2d1fea27d96369065ac61f0cc1f49183c2e38f57
CLM-000834,train,Invalid Claim,2,data/claim_cards/train/Invalid Claim/CLM-000834_v2.jpg,fa5ae46616119e2a9d32beb41581d05d46027ab4952580d09edebb059c1f1a46
CLM-000835,train,Invalid Claim,1,data/claim_cards/train/Invalid Claim/CLM-000835_v1.jpg,fab883d90154215af4ed87f7ad1d2aec3a6759d8a3505b41d92a0881990c94c3
CLM-000835,train,Invalid Claim,2,data/claim_cards/train/Invalid Claim/CLM-000835_v2.jpg,63678439912f496594b6eeecd8d4f289a5f2175a7a5fb2c4fb0e4a293b8618d5
CLM-000836,train,Invalid Claim,1,data/claim_cards/train/Invalid Claim/CLM-000836_v1.jpg,c2fd7533c273744e0e5a9c8554eec6ab798275723c94ec66081f52d3d0d38c12
CLM-000836,train,Invalid Claim,2,data/claim_cards/train/Invalid Claim/CLM-000836_v2.jpg,1209dd559f71f2d97b6c8d0fd3ca88edf6581cd0ad4b85217f2a8c6bcc827712
CLM-000837,train,Invalid Claim,1,data/claim_cards/train/Invalid Claim/CLM-000837_v1.jpg,e39d9c072ece538fd4c42bca937d696744e5f76517f434be3632e05213568722
CLM-000837,train,Invalid Claim,2,data/claim_cards/train/Invalid Claim/CLM-000837_v2.jpg,3df1d186ebd2779dfe7e664c4f8c088a8a5c96d2bda003b19fa21353ffe33646
CLM-000838,validation,Invalid Claim,1,data/claim_cards/validation/Invalid Claim/CLM-000838_v1.jpg,0a7bb08c0f2df4ab033587c7aa5dd89dce89c0c8f0312f55c8c936068fdc62fd
CLM-000839,train,Invalid Claim,1,data/claim_cards/train/Invalid Claim/CLM-000839_v1.jpg,64edd619c03c4e802426f9f7c2648f07ab14bb7c0ccf56e54af4e440eea96035
CLM-000839,train,Invalid Claim,2,data/claim_cards/train/Invalid Claim/CLM-000839_v2.jpg,c987640f1629169b702cf9526a12a07b070122f92b54cbe3fdd0657b460c153c
CLM-000840,test,Invalid Claim,1,data/claim_cards/test/Invalid Claim/CLM-000840_v1.jpg,605a3c8bb8e3ac717e6450af91f126277c84828d40ef8b626dbe78035fac557b
CLM-000841,train,Invalid Claim,1,data/claim_cards/train/Invalid Claim/CLM-000841_v1.jpg,ae0537701f5928ef74517b91238ca4c1c4adc33b137112022f8d2465f2c6f9b9
CLM-000841,train,Invalid Claim,2,data/claim_cards/train/Invalid Claim/CLM-000841_v2.jpg,03a9925d4077329ea6f2ea686126cf8716e4257c7b9e81322b6f8a42cdfa18df
CLM-000842,train,Invalid Claim,1,data/claim_cards/train/Invalid Claim/CLM-000842_v1.jpg,3971ba00cbf9796b17acfebaef6b6c9bea103a76880d05e6653a1cbd4e13ae32
CLM-000842,train,Invalid Claim,2,data/claim_cards/train/Invalid Claim/CLM-000842_v2.jpg,564f6c83aa8164103e622043f49e721113c911486dd92b56e7c0822c44154dd8
CLM-000843,train,Invalid Claim,1,data/claim_cards/train/Invalid Claim/CLM-000843_v1.jpg,62a7e11a2b873e040507fee5eb04d1b1b16f7969a69801cc4e7224c8f6dd700f
CLM-000843,train,Invalid Claim,2,data/claim_cards/train/Invalid Claim/CLM-000843_v2.jpg,4a27b001f7fa736aa48b7bd19a8e3e715ebb96b21192643b0352595cbb0d6ac5
CLM-000844,test,Invalid Claim,1,data/claim_cards/test/Invalid Claim/CLM-000844_v1.jpg,be566ff3f6f0fd05526b3e598a217e878c49787ba336765dc54e032d642c937d
CLM-000845,test,Invalid Claim,1,data/claim_cards/test/Invalid Claim/CLM-000845_v1.jpg,e346b3cc6c5468181a1f368c882891a80fe0f0744818733209dad42d96fc9704
CLM-000846,test,Invalid Claim,1,data/claim_cards/test/Invalid Claim/CLM-000846_v1.jpg,dfc629a60431da9146dba0ba9ca8450afb58c5385d9bc34976bb2b03aaba391c
CLM-000847,train,Invalid Claim,1,data/claim_cards/train/Invalid Claim/CLM-000847_v1.jpg,8cfd461c327ac66ecf6be3963572eb9d9ceb8d9b8160e3d5905a1e37a9f70357
CLM-000847,train,Invalid Claim,2,data/claim_cards/train/Invalid Claim/CLM-000847_v2.jpg,42f9efd1c3b1025d87462ccd458add5d365c8c13bb3ab056b18f275478d2a88b
CLM-000848,train,Invalid Claim,1,data/claim_cards/train/Invalid Claim/CLM-000848_v1.jpg,ba7069ffaad53affbdf1859c5ccc27e9c0ca66f0ef08b8c01efcf40ac305fef0
CLM-000848,train,Invalid Claim,2,data/claim_cards/train/Invalid Claim/CLM-000848_v2.jpg,2b869b1d51ae2d18bbf41312521f507ef2e46dbb789c7182f70a96b723b8318d
CLM-000849,test,Invalid Claim,1,data/claim_cards/test/Invalid Claim/CLM-000849_v1.jpg,3930152067f816459edca7ebf43c811943e07e2b8e2ff2fe11db69c9f3d3944e
CLM-000850,train,Invalid Claim,1,data/claim_cards/train/Invalid Claim/CLM-000850_v1.jpg,022e5e2c1eda48603aebb3a95743925f54608e194d446840c184be0e80344b38
CLM-000850,train,Invalid Claim,2,data/claim_cards/train/Invalid Claim/CLM-000850_v2.jpg,538307dfd39eea23c7a35635504c6a6fd6f0f62c197627b53b883c5688070afa
CLM-000851,validation,Invalid Claim,1,data/claim_cards/validation/Invalid Claim/CLM-000851_v1.jpg,6c89f19173e403406469587ad00e5dd357647c2ea6ce137461221944ae8216fd
CLM-000852,train,Invalid Claim,1,data/claim_cards/train/Invalid Claim/CLM-000852_v1.jpg,cd5999f60514d45fdcd351aa46eba6b4ed8269da4159b0c68392a41dfaf6c278
CLM-000852,train,Invalid Claim,2,data/claim_cards/train/Invalid Claim/CLM-000852_v2.jpg,5c8fb61129f54026ca1a6f968009e27ca0c217ab595efaa1a6f7133da92ee18b
CLM-000853,train,Invalid Claim,1,data/claim_cards/train/Invalid Claim/CLM-000853_v1.jpg,3d226f11826df0d842f04fb6adc42ad881fa2c31a24f45798186d4cd088a453f
CLM-000853,train,Invalid Claim,2,data/claim_cards/train/Invalid Claim/CLM-000853_v2.jpg,0da1840e8a00c8a68f20b41570f46c4ab89b8e7ae190dc539c7136fd1a8d721b
CLM-000854,train,Invalid Claim,1,data/claim_cards/train/Invalid Claim/CLM-000854_v1.jpg,e3b69fe939abca3087ab2e1d8db905dc6c07e747089905e37cf34680c6d601ae
CLM-000854,train,Invalid Claim,2,data/claim_cards/train/Invalid Claim/CLM-000854_v2.jpg,a444c2e19d1dd57ba64ea24ac8f2fa8404c8286b6373259e3c56186709032efb
CLM-000855,train,Invalid Claim,1,data/claim_cards/train/Invalid Claim/CLM-000855_v1.jpg,31530ee69f37d88a826fb505e723f464b9e8f6c14624eeb5a8435434dd56be58
CLM-000855,train,Invalid Claim,2,data/claim_cards/train/Invalid Claim/CLM-000855_v2.jpg,5036f4311da2abcb48f0b19fdb00b671ec805260549129b8e1b9948006d2c44d
CLM-000856,train,Invalid Claim,1,data/claim_cards/train/Invalid Claim/CLM-000856_v1.jpg,df02f543fbef6771f2df45a1d9e9e2c0cf634fbadcdfae36becb006ad1430f45
CLM-000856,train,Invalid Claim,2,data/claim_cards/train/Invalid Claim/CLM-000856_v2.jpg,8d2b0bd7a7c17de6c7d16aca455ffa1d0168805f4a1726524cf855ac8563ed03
CLM-000857,train,Invalid Claim,1,data/claim_cards/train/Invalid Claim/CLM-000857_v1.jpg,b5430c52e6ab6e9517f5e3873ec78b69f8f31fbefb5ea840232f6419a9e2cac9
CLM-000857,train,Invalid Claim,2,data/claim_cards/train/Invalid Claim/CLM-000857_v2.jpg,00f935931dfb4a158a4799d9417dbad592bb5eb4699831aad05446d27207186d
CLM-000858,train,Invalid Claim,1,data/claim_cards/train/Invalid Claim/CLM-000858_v1.jpg,f816cb353d5034f64d439f8c09d9830ca695f22cfbd489ac1326ae8b0f24a786
CLM-000858,train,Invalid Claim,2,data/claim_cards/train/Invalid Claim/CLM-000858_v2.jpg,cd7d9016421c398fa198203384b9b6cd238047c08e68c25452dabd7d2b0c6ce3
CLM-000859,train,Invalid Claim,1,data/claim_cards/train/Invalid Claim/CLM-000859_v1.jpg,1342444685c5c1e642be64bef26bd94e2b1638f155e5bbe512b1f045c78a1eae
CLM-000859,train,Invalid Claim,2,data/claim_cards/train/Invalid Claim/CLM-000859_v2.jpg,610e5cb57b6304b2fe322b91df3de1e2dd3c10eaae8aef0a6853da047c528b5e
CLM-000860,test,Invalid Claim,1,data/claim_cards/test/Invalid Claim/CLM-000860_v1.jpg,cfcd4357f012a2f09f65fee4340b7c8c7f290e4722615242dd406d17201be327
CLM-000861,train,Invalid Claim,1,data/claim_cards/train/Invalid Claim/CLM-000861_v1.jpg,bb092d935375e363039c05e43e3cad8c1b531ae25468867faa1be458bbe70346
CLM-000861,train,Invalid Claim,2,data/claim_cards/train/Invalid Claim/CLM-000861_v2.jpg,6c861205b621fce6e1e52f7471d07aeb83c0cdc19fc4cfb9c61947afc3b1d6d1
CLM-000862,train,Invalid Claim,1,data/claim_cards/train/Invalid Claim/CLM-000862_v1.jpg,ad691d927052d1d2b78aed713f5039f53f6e2549f2903473f41952979b097fbf
CLM-000862,train,Invalid Claim,2,data/claim_cards/train/Invalid Claim/CLM-000862_v2.jpg,bbe77ce354f3f7885cd72614833fc799cbf62dace639c7fe8dbcd98012860fec
CLM-000863,train,Invalid Claim,1,data/claim_cards/train/Invalid Claim/CLM-000863_v1.jpg,5d5a19ecf8dd285767e5497d082cfaeb8a976478453a66e92b9693db169dc0eb
CLM-000863,train,Invalid Claim,2,data/claim_cards/train/Invalid Claim/CLM-000863_v2.jpg,b3e78b43f3045e691dbd41d89ac24e2e5fb7b8f49a9d0b3fc4061aeca9de8355
CLM-000864,test,Invalid Claim,1,data/claim_cards/test/Invalid Claim/CLM-000864_v1.jpg,ccd7f8f5d211cda8e9ca39f484c25665b0d88f85055e5c54b4b6281afe9c12fe
CLM-000865,train,Invalid Claim,1,data/claim_cards/train/Invalid Claim/CLM-000865_v1.jpg,d237beb2be13e2f2e6c9696dc0bcdc8d9ba1926068f761cfb8f3d03f5205b8ce
CLM-000865,train,Invalid Claim,2,data/claim_cards/train/Invalid Claim/CLM-000865_v2.jpg,e9bc8c6578f15af9948fe3b341b7e436ee0910a62a33923023e19bd394caff56
CLM-000866,train,Invalid Claim,1,data/claim_cards/train/Invalid Claim/CLM-000866_v1.jpg,cc31adeb310015fb222a0d88b861f392a20e8d4816677dcbdb1f823427fca93a
CLM-000866,train,Invalid Claim,2,data/claim_cards/train/Invalid Claim/CLM-000866_v2.jpg,37921c71ca72dfe5b5fd99b49e728f1e4e8ce91b8f7573351bbb14bb89babce0
CLM-000867,test,Invalid Claim,1,data/claim_cards/test/Invalid Claim/CLM-000867_v1.jpg,81187318ded94e027e137e96468a2cfe6756e7f9248f373e3e0e64d06f7c4229
CLM-000868,train,Invalid Claim,1,data/claim_cards/train/Invalid Claim/CLM-000868_v1.jpg,867502b9e0691b4224cc4b078ba4c694b4978de9ddc1316861c40deae0331823
CLM-000868,train,Invalid Claim,2,data/claim_cards/train/Invalid Claim/CLM-000868_v2.jpg,541c40c1e4de32d2ac3058f358f08cd1cf8280557f97ac6eae766fc6fca0bcf0
CLM-000869,train,Invalid Claim,1,data/claim_cards/train/Invalid Claim/CLM-000869_v1.jpg,27d66968d67251c86969d7de76a18730c4e87792538a1a51af1a7549a52df4cf
CLM-000869,train,Invalid Claim,2,data/claim_cards/train/Invalid Claim/CLM-000869_v2.jpg,b3658886a01e3883c8810747915f3d5d327788170cae7aa464dcfc2de0ed6d2e
CLM-000870,train,Invalid Claim,1,data/claim_cards/train/Invalid Claim/CLM-000870_v1.jpg,2cac3db1cb7a680dec270434505a8d916010d1742fba07075a078586d138d97e
CLM-000870,train,Invalid Claim,2,data/claim_cards/train/Invalid Claim/CLM-000870_v2.jpg,2db5a1df954364ab62fd00d54ca35a05cf7d5e2bd5109f0564b55389657429df
CLM-000871,train,Invalid Claim,1,data/claim_cards/train/Invalid Claim/CLM-000871_v1.jpg,f1d63b6415929d519ac823c825b0a727f02a0f1b96187d9a1fcfa9639d65c5e0
CLM-000871,train,Invalid Claim,2,data/claim_cards/train/Invalid Claim/CLM-000871_v2.jpg,cec5523e3946a7e9c48c7330c605237b47ed38d8a41c15096fca33660b730313
CLM-000872,train,Invalid Claim,1,data/claim_cards/train/Invalid Claim/CLM-000872_v1.jpg,e396f694df0c7a156eacce6c32f76d0f11aa89146b5fbd75b99d254a5ce7f06c
CLM-000872,train,Invalid Claim,2,data/claim_cards/train/Invalid Claim/CLM-000872_v2.jpg,4b03a5cd5c218b72812732d72ce557efe4eee0208f1734c29a2a9292dd3c1aad
CLM-000873,test,Invalid Claim,1,data/claim_cards/test/Invalid Claim/CLM-000873_v1.jpg,d3a6a1f3a802d79b9bd93f25e4659920a89c5f5d91f56bf71cff190ef7817f02
CLM-000874,train,Invalid Claim,1,data/claim_cards/train/Invalid Claim/CLM-000874_v1.jpg,58743cf113d1308682712cf5749d066db618c86739a3c7d8b984bb9980cc7af7
CLM-000874,train,Invalid Claim,2,data/claim_cards/train/Invalid Claim/CLM-000874_v2.jpg,7a538177589c4ba09777214200f264af8684e2263d3802bd380243ff7904fbe6
CLM-000875,train,Invalid Claim,1,data/claim_cards/train/Invalid Claim/CLM-000875_v1.jpg,518d02131343f1b78c12ab602eca65dece3dd1ab772f9458753d87a9c1cbcad6
CLM-000875,train,Invalid Claim,2,data/claim_cards/train/Invalid Claim/CLM-000875_v2.jpg,74e1430258fc3f32f80fc7949a230edd90ec1c9134d3f8ae88be31e9c6f4cacb
CLM-000876,train,Invalid Claim,1,data/claim_cards/train/Invalid Claim/CLM-000876_v1.jpg,92cefc88f6b9ecc282eb31757e4f11cdff4c28623b3c0dd9655913cf3c5ec9db
CLM-000876,train,Invalid Claim,2,data/claim_cards/train/Invalid Claim/CLM-000876_v2.jpg,4d096632af1cd146c16e2467335e49898b9e9f585cf997b539e941f1c207740d
CLM-000877,train,Invalid Claim,1,data/claim_cards/train/Invalid Claim/CLM-000877_v1.jpg,b45c4724e4373bf50767b6068f84db747f38e4caee7a3c720a1eea7ef0ac9fe9
CLM-000877,train,Invalid Claim,2,data/claim_cards/train/Invalid Claim/CLM-000877_v2.jpg,14588605d670e9155a1000e239dc125cf5392beb7329015419fa4cc53667361a
CLM-000878,train,Invalid Claim,1,data/claim_cards/train/Invalid Claim/CLM-000878_v1.jpg,e982aeb6ddddd522fb24c0fd9f7bc6f2d41fc14d6bfa02e1786bc72d0cb48cf1
CLM-000878,train,Invalid Claim,2,data/claim_cards/train/Invalid Claim/CLM-000878_v2.jpg,a438904eecd9ef8ba39294b7bfaf5e253e64c03b230c11a6090656de2af46f67
CLM-000879,train,Invalid Claim,1,data/claim_cards/train/Invalid Claim/CLM-000879_v1.jpg,c50a12582413f97ccd930bed60daf75deb775022151cf56524fcfdf027fac202
CLM-000879,train,Invalid Claim,2,data/claim_cards/train/Invalid Claim/CLM-000879_v2.jpg,491009e9e8add4a38257cc032899fe5dd35e7da8fb967a53b0fd7449934daf6d
CLM-000880,validation,Invalid Claim,1,data/claim_cards/validation/Invalid Claim/CLM-000880_v1.jpg,c4213e536a1ec02ff2bf26ff76135d7e3574b39a2c56afba0cafbd310680f7fc
CLM-000881,train,Invalid Claim,1,data/claim_cards/train/Invalid Claim/CLM-000881_v1.jpg,9e70c8d3d9e5db8902918f2d1dc7aee5078e885cedb17012a9ac071fc03ba435
CLM-000881,train,Invalid Claim,2,data/claim_cards/train/Invalid Claim/CLM-000881_v2.jpg,dacf3d8655034dbc779000d6a49fbe000ac90dd40375aa11115bab1deba7de34
CLM-000882,train,Invalid Claim,1,data/claim_cards/train/Invalid Claim/CLM-000882_v1.jpg,18736995bd00690a2ce96c705222aa33ea5598ab92bf4a05e612ada71ca1dc10
CLM-000882,train,Invalid Claim,2,data/claim_cards/train/Invalid Claim/CLM-000882_v2.jpg,11fe879cd67690a86384d483262be01f5b30118eec7e3eda550f0fee109da86f
CLM-000883,train,Invalid Claim,1,data/claim_cards/train/Invalid Claim/CLM-000883_v1.jpg,f968d2b13447f53454e0fff2fc077b7b293d7cea25525e9f5a51c91005d507e5
CLM-000883,train,Invalid Claim,2,data/claim_cards/train/Invalid Claim/CLM-000883_v2.jpg,11a952fe32e71b08d0080b28c1b3af0dfc21aa70a35faabc07ed07bd2fb145c7
CLM-000884,train,Invalid Claim,1,data/claim_cards/train/Invalid Claim/CLM-000884_v1.jpg,15027d3bc8dd8a96f9f02de073f00b21d1b9787750fcee6fa6da2ce03d943966
CLM-000884,train,Invalid Claim,2,data/claim_cards/train/Invalid Claim/CLM-000884_v2.jpg,3d8db0a037479f9d5aa7913cd924b5cc9625289733fb68572a82c8e312f61ef8
CLM-000885,train,Invalid Claim,1,data/claim_cards/train/Invalid Claim/CLM-000885_v1.jpg,5ab79d3d045e3196f40c1659e9648d680b5ed4e99dd21d498ec1a13b65ee2491
CLM-000885,train,Invalid Claim,2,data/claim_cards/train/Invalid Claim/CLM-000885_v2.jpg,4fbdf7ae960fbac99abae994ae371b6a6646cbc74b8888cd4aec92a4af8b6de2
CLM-000886,test,Invalid Claim,1,data/claim_cards/test/Invalid Claim/CLM-000886_v1.jpg,e467e44f3c6c308d6c94339377ae57c3abd6ae877679810092ceac49e23aaa0d
CLM-000887,train,Invalid Claim,1,data/claim_cards/train/Invalid Claim/CLM-000887_v1.jpg,80dc30666d96f024893e3c5dd7121c4955ba92c913af2e5d969ebe795d7782d9
CLM-000887,train,Invalid Claim,2,data/claim_cards/train/Invalid Claim/CLM-000887_v2.jpg,2b9416ee7c5c1bacba3089f71007cbc108cc61895d0785a58841a1e1cf241d22
CLM-000888,test,Invalid Claim,1,data/claim_cards/test/Invalid Claim/CLM-000888_v1.jpg,d54fd45064d9250313882b785e7e8417892ed9ed3e8e0f617eb3f03095e540a5
CLM-000889,train,Invalid Claim,1,data/claim_cards/train/Invalid Claim/CLM-000889_v1.jpg,8718d77126b19513d8cfb7bd946f27ab2831ad3ea147aafa999e59129a3e5e93
CLM-000889,train,Invalid Claim,2,data/claim_cards/train/Invalid Claim/CLM-000889_v2.jpg,22338d35352d1b3d4b927bd01db6eca2c51855458c040d001d56fe98ce8448cc
CLM-000890,validation,Invalid Claim,1,data/claim_cards/validation/Invalid Claim/CLM-000890_v1.jpg,c5d9433245b0715103cb9498ecee0a9c0cfebbda5dff7be2cc7d197629af0403
CLM-000891,train,Invalid Claim,1,data/claim_cards/train/Invalid Claim/CLM-000891_v1.jpg,1d8d1ac676b3d19fe14118e1f76e3f205c20c90580bb5763aa48c4aec72cad43
CLM-000891,train,Invalid Claim,2,data/claim_cards/train/Invalid Claim/CLM-000891_v2.jpg,a37fb716de4aede05045647003fe9c8be9e3780631abedddc930b577a6e80117
CLM-000892,train,Invalid Claim,1,data/claim_cards/train/Invalid Claim/CLM-000892_v1.jpg,22a3d62ee5d35bdcecdf6ddf853d2ec7788339bf1e1cd24c5330908792adc77a
CLM-000892,train,Invalid Claim,2,data/claim_cards/train/Invalid Claim/CLM-000892_v2.jpg,1db35fd34da4b08c9a96e5c76d827951f99f1c958348a34a254486fef1474da7
CLM-000893,train,Invalid Claim,1,data/claim_cards/train/Invalid Claim/CLM-000893_v1.jpg,39ecb5c0efc81fbd2899ebc23d67d8454259e81a78411ef63c4bd045f0bac11d
CLM-000893,train,Invalid Claim,2,data/claim_cards/train/Invalid Claim/CLM-000893_v2.jpg,9f59985548aa45998ac2090ffda7a2a66cd0cfe4de10d24e3b370d61642caa2f
CLM-000894,train,Invalid Claim,1,data/claim_cards/train/Invalid Claim/CLM-000894_v1.jpg,35c8225a4d8db5ac7bc85a2c712568b59f746a051019c15b1788363d2a16b214
CLM-000894,train,Invalid Claim,2,data/claim_cards/train/Invalid Claim/CLM-000894_v2.jpg,a8b2d28f235978853b80149bf8935c8ba5594442b38a5894e4374470a72dc0ff
CLM-000895,train,Invalid Claim,1,data/claim_cards/train/Invalid Claim/CLM-000895_v1.jpg,dd0bd7ff5a6c649c87b6e16709ebaeb46bef1047c7c5541738d84b4c4d89c7e5
CLM-000895,train,Invalid Claim,2,data/claim_cards/train/Invalid Claim/CLM-000895_v2.jpg,f0a8f82d25aee38f6d4244e190f8bea86a3fba45d96a95c1021df88cd0bb4471
CLM-000896,train,Invalid Claim,1,data/claim_cards/train/Invalid Claim/CLM-000896_v1.jpg,5532a6fa92328e7eb7b96bb84730455656817282115c5b2fda0452cd38cfc2cc
CLM-000896,train,Invalid Claim,2,data/claim_cards/train/Invalid Claim/CLM-000896_v2.jpg,88033709d7dceb8a0c792a7794fd5c757604d04a69bd135eaa1a1854be9f8d8c
CLM-000897,train,Invalid Claim,1,data/claim_cards/train/Invalid Claim/CLM-000897_v1.jpg,61ad4db5d94aec4211263908b16d6dcc953f7a309b994b70a154065beec0c285
CLM-000897,train,Invalid Claim,2,data/claim_cards/train/Invalid Claim/CLM-000897_v2.jpg,ec0ae821f713ec51a214b2e0ae29d426f3ba3babf780cd95556cdb5c779ca4c7
CLM-000898,train,Invalid Claim,1,data/claim_cards/train/Invalid Claim/CLM-000898_v1.jpg,639e48f64780ba3adae69d061e7e2f2452d6a774b3396fdf4d4a12189b858a7e
CLM-000898,train,Invalid Claim,2,data/claim_cards/train/Invalid Claim/CLM-000898_v2.jpg,cc461ec6109a05a9bc326e07adcac77db5c0f11f1e747b1096a5931352369fd9
CLM-000899,train,Invalid Claim,1,data/claim_cards/train/Invalid Claim/CLM-000899_v1.jpg,e6c15ef3362b1ab8b7d1a88e29c4bd9e36af978175c0bfbf31df162d4a36254e
CLM-000899,train,Invalid Claim,2,data/claim_cards/train/Invalid Claim/CLM-000899_v2.jpg,060bf2a0b9f105a9c5437c71a5ba5d7005a4cca5b6298b9f57a408c8da09981e
CLM-000900,train,Invalid Claim,1,data/claim_cards/train/Invalid Claim/CLM-000900_v1.jpg,a2937f0856d2d8c40d65f99f63aca265fe02a07dd2cbc227b363fb9dd8ee2814
CLM-000900,train,Invalid Claim,2,data/claim_cards/train/Invalid Claim/CLM-000900_v2.jpg,903b659c1bea9cadee0325d0aef72d726d4fcc74fb37cca4f9439bf851370c66
CLM-000901,train,Invalid Claim,1,data/claim_cards/train/Invalid Claim/CLM-000901_v1.jpg,84d854a8ad10954bf238f0cd5ce4bca2897a0b98cadc72139ff034ad1c747f72
CLM-000901,train,Invalid Claim,2,data/claim_cards/train/Invalid Claim/CLM-000901_v2.jpg,3fc4b4130166b2897fbe95d7784b94fbe53f27e7d681d95562789ca7e1682cf8
CLM-000902,validation,Invalid Claim,1,data/claim_cards/validation/Invalid Claim/CLM-000902_v1.jpg,5c607ef662e87b03dd989b5c4c0d20c79e10394cb82938d0742b24f517ac838d
CLM-000903,train,Invalid Claim,1,data/claim_cards/train/Invalid Claim/CLM-000903_v1.jpg,3a57456b1a7e5695f63ce46e7c22da836a1438d34efe69c3320ba3cd7fb82e42
CLM-000903,train,Invalid Claim,2,data/claim_cards/train/Invalid Claim/CLM-000903_v2.jpg,4577b7479582234833e668e062a24a0051b4591988f8a7a906f52ad32f4d46c4
CLM-000904,validation,Invalid Claim,1,data/claim_cards/validation/Invalid Claim/CLM-000904_v1.jpg,2788e90df70c1a61d381e6a3d0fd68a27f5247934beafc528cde25a99814f510
CLM-000905,train,Invalid Claim,1,data/claim_cards/train/Invalid Claim/CLM-000905_v1.jpg,eea97f0c1b00d8e382c50c8f62efd29ba64f662d12c1cd1f57d8f9bb599ab129
CLM-000905,train,Invalid Claim,2,data/claim_cards/train/Invalid Claim/CLM-000905_v2.jpg,d153021d90df4221a44028c7126918ae06974601096251783fa1ebebe82b9e74
CLM-000906,train,Invalid Claim,1,data/claim_cards/train/Invalid Claim/CLM-000906_v1.jpg,10fd7c3904dc0f0b6d44c32b8e444ac55f61c01c969f5253b0270eb6b535db45
CLM-000906,train,Invalid Claim,2,data/claim_cards/train/Invalid Claim/CLM-000906_v2.jpg,27934328bb9280ed4a87b4447f5cae4fc1fcf8529b7f1f9129ee11c8041b4df3
CLM-000907,train,Invalid Claim,1,data/claim_cards/train/Invalid Claim/CLM-000907_v1.jpg,1761285d0d378e3c7a1913d93c6cc3eaef32239934578fa24cb212bd3ca0b845
CLM-000907,train,Invalid Claim,2,data/claim_cards/train/Invalid Claim/CLM-000907_v2.jpg,1815b4d1d639fc7d002edddce93cf794c3712c8df150c6ef8b559899e83d11db
CLM-000908,train,Invalid Claim,1,data/claim_cards/train/Invalid Claim/CLM-000908_v1.jpg,2e365296209d95f38f590be8306d90dd64178037ab3ac4c90ac0cc97370efbcc
CLM-000908,train,Invalid Claim,2,data/claim_cards/train/Invalid Claim/CLM-000908_v2.jpg,839d8bc4c9318a80356ae976d69fa6688e3d336d846d347ddb04daa7f63dadcd
CLM-000909,train,Invalid Claim,1,data/claim_cards/train/Invalid Claim/CLM-000909_v1.jpg,85cf6fe6de85b2d6e904842046cbd8db003f645d88eb9ad97034c96058e560fb
CLM-000909,train,Invalid Claim,2,data/claim_cards/train/Invalid Claim/CLM-000909_v2.jpg,edd4c57bd053db54fc599c096393d69db6485debb16f95d44b6d8fef60297a7e
CLM-000910,train,Invalid Claim,1,data/claim_cards/train/Invalid Claim/CLM-000910_v1.jpg,5c865a15c2d423b17e579bf0a6264d9d6784c5103e88cf0487b508055911ae02
CLM-000910,train,Invalid Claim,2,data/claim_cards/train/Invalid Claim/CLM-000910_v2.jpg,8d80cfece977e996cab6f74fa848ffbcb34491762fd67aedfbe9d603b5fd975e
CLM-000911,train,Invalid Claim,1,data/claim_cards/train/Invalid Claim/CLM-000911_v1.jpg,ec951fbf77ed6f5c6edf00e130395732afa975cc218954e4d263b970cf18170a
CLM-000911,train,Invalid Claim,2,data/claim_cards/train/Invalid Claim/CLM-000911_v2.jpg,262bb03c44971e8637de60b022fdcdbf4f74edacf42e225c5ddb19f0c8e5e0da
CLM-000912,train,Invalid Claim,1,data/claim_cards/train/Invalid Claim/CLM-000912_v1.jpg,d0950a3ec00f86fff1aa9bea8ab0a7a255a7c4cbd0d960e4d791c207bb3b942c
CLM-000912,train,Invalid Claim,2,data/claim_cards/train/Invalid Claim/CLM-000912_v2.jpg,345f735552e6dfeb68fd3a7d269c1fdb9faa2b6f9040ee5726aad4cb041ee4e4
CLM-000913,validation,Invalid Claim,1,data/claim_cards/validation/Invalid Claim/CLM-000913_v1.jpg,4f9709f42b404d030c6040dcfaa00d6aedde6e46309157365d831033c76c25af
CLM-000914,test,Invalid Claim,1,data/claim_cards/test/Invalid Claim/CLM-000914_v1.jpg,dbea2daa6e40586bbc394eeebc47b26196f203e96d873066311bf073e74e382a
CLM-000915,train,Invalid Claim,1,data/claim_cards/train/Invalid Claim/CLM-000915_v1.jpg,729d745963b2c102cb3443999ce3091e79ac2911d6de1958ef31e9ae0d4f84b3
CLM-000915,train,Invalid Claim,2,data/claim_cards/train/Invalid Claim/CLM-000915_v2.jpg,8faec7710a7f0b842e55033a83e36df127331df220d26c32fa395b064f2cdae4
CLM-000916,train,Invalid Claim,1,data/claim_cards/train/Invalid Claim/CLM-000916_v1.jpg,235a3633940fbf20b83099b55aaab48ce55bdd595a2a535c6eb720938ef4b374
CLM-000916,train,Invalid Claim,2,data/claim_cards/train/Invalid Claim/CLM-000916_v2.jpg,271a32faffab449e52268609b4f594751ad902aa03c0cea6c36c0e0edde12a37
CLM-000917,train,Invalid Claim,1,data/claim_cards/train/Invalid Claim/CLM-000917_v1.jpg,0c3cfca5e58ddaebe11f83d76bc505554850310ec6fe6d4cc57dc1a403886670
CLM-000917,train,Invalid Claim,2,data/claim_cards/train/Invalid Claim/CLM-000917_v2.jpg,d4872d8d840e58f5001563de5e123142c83fa005fad653413e3c0dde276b9852
CLM-000918,train,Invalid Claim,1,data/claim_cards/train/Invalid Claim/CLM-000918_v1.jpg,a643d0c67650650fbc87bcdce0ea9cfdc75cfd9f791b48c6eded29d3abbc1976
CLM-000918,train,Invalid Claim,2,data/claim_cards/train/Invalid Claim/CLM-000918_v2.jpg,9ec4162df403fc0891908b30f92f9b711c581390431b3f50dd5ffd03507345c7
CLM-000919,train,Invalid Claim,1,data/claim_cards/train/Invalid Claim/CLM-000919_v1.jpg,fb831ce52d1e20978d2f528d6346278c9fc33c782f6cd5620074401f94902d56
CLM-000919,train,Invalid Claim,2,data/claim_cards/train/Invalid Claim/CLM-000919_v2.jpg,a4a8c7455c9377975a249ad78e50750292ac9771824dd1716e01469aa70e136a
CLM-000920,validation,Invalid Claim,1,data/claim_cards/validation/Invalid Claim/CLM-000920_v1.jpg,562879013685af5a0bc9e12c850705d519459d258dcd496b6505ab3dd62251eb
CLM-000921,train,Invalid Claim,1,data/claim_cards/train/Invalid Claim/CLM-000921_v1.jpg,08e171366c0c4b14c549a0ae6b701a8aba98445f9767bd79402cf3577d7175f9
CLM-000921,train,Invalid Claim,2,data/claim_cards/train/Invalid Claim/CLM-000921_v2.jpg,760566c55e6b5df8a8c7a5874f68358ca61904c9afe4333d97554c64d5ca8052
CLM-000922,train,Invalid Claim,1,data/claim_cards/train/Invalid Claim/CLM-000922_v1.jpg,40153ed88b3fa59bb639985d3414418039c73f7ae995e06004c8f706f367ade2
CLM-000922,train,Invalid Claim,2,data/claim_cards/train/Invalid Claim/CLM-000922_v2.jpg,0f53b2a529dd9d0ec53d5adcfbffdf198ce311fb363f5932ab57291cce96dd23
CLM-000923,train,Invalid Claim,1,data/claim_cards/train/Invalid Claim/CLM-000923_v1.jpg,24ebe2381fcca789f586a2b157bc371f89f367ca7ae1a9f428c1cbc108fff49e
CLM-000923,train,Invalid Claim,2,data/claim_cards/train/Invalid Claim/CLM-000923_v2.jpg,65f97fdabb27beb6bc7a23334e9125b8a4bb78d5e820f6b4b6f1bb69e5eb1391
CLM-000924,train,Invalid Claim,1,data/claim_cards/train/Invalid Claim/CLM-000924_v1.jpg,6d480ccc76097bc17953848ace095d82dea43bf71b2f313fabb8dc5f31127f50
CLM-000924,train,Invalid Claim,2,data/claim_cards/train/Invalid Claim/CLM-000924_v2.jpg,60256201e3982ef6d6e11b485451846fa61026d43da2b997d764ae55b574d097
CLM-000925,validation,Invalid Claim,1,data/claim_cards/validation/Invalid Claim/CLM-000925_v1.jpg,161007d17671623e28432735a0c7dd11834ea282db7fe0d02b5500358b090c8b
CLM-000926,validation,Invalid Claim,1,data/claim_cards/validation/Invalid Claim/CLM-000926_v1.jpg,97f2fa5fb90b831a612fa937aaaa4f31c65fb79ef5046e3051a7ad4bdb8561bd
CLM-000927,train,Invalid Claim,1,data/claim_cards/train/Invalid Claim/CLM-000927_v1.jpg,74df17916861515805c99988d66a70b8548566acc3b0fa4339dddbff1f9a394b
CLM-000927,train,Invalid Claim,2,data/claim_cards/train/Invalid Claim/CLM-000927_v2.jpg,33d25425910517e321c03e8e121acf25e3067882828285bc5775a1c5ef7110a2
CLM-000928,test,Invalid Claim,1,data/claim_cards/test/Invalid Claim/CLM-000928_v1.jpg,da252b2f586797fb6a10f90169db941762e347bf00d32727df42370f355a896c
CLM-000929,train,Invalid Claim,1,data/claim_cards/train/Invalid Claim/CLM-000929_v1.jpg,7c9950f830996ed54b61154e52a43befddd6b25ff5a9bda3405cdd46ad24bfed
CLM-000929,train,Invalid Claim,2,data/claim_cards/train/Invalid Claim/CLM-000929_v2.jpg,05ad1fdeeda15cf3302511fe1a0dbe2ae8c60926c1bde7247fda52b6dfc82d7c
CLM-000930,validation,Invalid Claim,1,data/claim_cards/validation/Invalid Claim/CLM-000930_v1.jpg,5ff1d584fe959b02e6102a3917bfa9f1ab67aeb9541e0eba3a8966fed93f084f
CLM-000931,validation,Invalid Claim,1,data/claim_cards/validation/Invalid Claim/CLM-000931_v1.jpg,6c971b961c7166eed46af70a1d7f1ba44050501a45b2b38ea801c52110bfd01a
CLM-000932,train,Invalid Claim,1,data/claim_cards/train/Invalid Claim/CLM-000932_v1.jpg,d34cac633407cc5caf0d7bb467cfddc28bace8bdf764c762918eda09dba50c8f
CLM-000932,train,Invalid Claim,2,data/claim_cards/train/Invalid Claim/CLM-000932_v2.jpg,123b5714a10a4a6046cbb4efcf866f0c597b013fd32e5ba426d4bc76bffe4440
CLM-000933,train,Invalid Claim,1,data/claim_cards/train/Invalid Claim/CLM-000933_v1.jpg,62393a3ede84edef92a2bb38b27301fd182fe7e1f330af534686b745ffd2a3ad
CLM-000933,train,Invalid Claim,2,data/claim_cards/train/Invalid Claim/CLM-000933_v2.jpg,7a89ed61a579276c021b37610250a8a06a057863d2f62c480f69e78486aefae6
CLM-000934,train,Invalid Claim,1,data/claim_cards/train/Invalid Claim/CLM-000934_v1.jpg,48e8ca2b203ac88862e48fc4efcf02cc2abe0c1593ccf21cc9c483a890d2acd6
CLM-000934,train,Invalid Claim,2,data/claim_cards/train/Invalid Claim/CLM-000934_v2.jpg,e9503288fb639154bde6fc2910eeab4e5e1152633f516b81dd6d835528eacebf
CLM-000935,validation,Invalid Claim,1,data/claim_cards/validation/Invalid Claim/CLM-000935_v1.jpg,e7b292797b816a0c5c0af3deedaf88004befb988793641baf38d64dd13a78796
CLM-000936,test,Invalid Claim,1,data/claim_cards/test/Invalid Claim/CLM-000936_v1.jpg,94e647700bed42dfae76583c97dab087bf6250dca842b2dda66b0f1f5498eba1
CLM-000937,train,Invalid Claim,1,data/claim_cards/train/Invalid Claim/CLM-000937_v1.jpg,0e0d085024ecc53d4d33d10886c1d5acdda4d6407e92ce24a65aa47948afa0dd
CLM-000937,train,Invalid Claim,2,data/claim_cards/train/Invalid Claim/CLM-000937_v2.jpg,3d0847db05eac4fbc6a7bcf8cf95280e4c12644d726910fdceb5f6abe432e776
CLM-000938,train,Invalid Claim,1,data/claim_cards/train/Invalid Claim/CLM-000938_v1.jpg,be0f054c129caebdbf8287e6c896ac36b934811fb786cb2dfa03594221e6c958
CLM-000938,train,Invalid Claim,2,data/claim_cards/train/Invalid Claim/CLM-000938_v2.jpg,85d87f0c16e6b364d49337ff2a1108b49ca9aa1d707c49e78ba69c238dfb3a09
CLM-000939,train,Invalid Claim,1,data/claim_cards/train/Invalid Claim/CLM-000939_v1.jpg,2acc92b3e7ab484ce8debd9c0482bbf6d04c95da7b9f47beae34b18d846fb094
CLM-000939,train,Invalid Claim,2,data/claim_cards/train/Invalid Claim/CLM-000939_v2.jpg,6a658c05b75ca845b9a457c11a14496bd658f1de6bd6c25cdfe49bd8a76b5c1d
CLM-000940,train,Invalid Claim,1,data/claim_cards/train/Invalid Claim/CLM-000940_v1.jpg,a664181a79d87e861321dd87473bb56c3b910698733198501b2c5c57d6af6bd0
CLM-000940,train,Invalid Claim,2,data/claim_cards/train/Invalid Claim/CLM-000940_v2.jpg,3ea2e56c0e57cb91ffc2a99efc2ad0c244027c71d2dc1c372457b4bf3cf2e310
CLM-000941,train,Invalid Claim,1,data/claim_cards/train/Invalid Claim/CLM-000941_v1.jpg,16384b6b804b628832f47d10f63f2dd6cc47a6573f3a0310f42d3f0b89ad36af
CLM-000941,train,Invalid Claim,2,data/claim_cards/train/Invalid Claim/CLM-000941_v2.jpg,89dc705adf3132bb9774a91f0caadf8fd8578352b9866297324a96b50a2b1e84
CLM-000942,validation,Invalid Claim,1,data/claim_cards/validation/Invalid Claim/CLM-000942_v1.jpg,6fcf9baf273f04ed66860a31a0349d44897f5c7a245f46e8377804b6b6713823
CLM-000943,train,Invalid Claim,1,data/claim_cards/train/Invalid Claim/CLM-000943_v1.jpg,4b2fae40c4aec9cf811710b8e20d4c3e183f37f5d5088e383e0d142bcfb4c659
CLM-000943,train,Invalid Claim,2,data/claim_cards/train/Invalid Claim/CLM-000943_v2.jpg,7475b88e9f35c0a39dc34605917f07591477628032a86b08f7bfa6630cff803f
CLM-000944,test,Invalid Claim,1,data/claim_cards/test/Invalid Claim/CLM-000944_v1.jpg,918bdada44b4dd56ff6c4a9555b42cd18bc88050f15177f7e17f1bab5997aa57
CLM-000945,train,Invalid Claim,1,data/claim_cards/train/Invalid Claim/CLM-000945_v1.jpg,79f848a6f890829e15fb09b0b0c0e2540715ed472c5b29004aa9f2f2536dac2d
CLM-000945,train,Invalid Claim,2,data/claim_cards/train/Invalid Claim/CLM-000945_v2.jpg,3211c06723b0a9ca15547d6b20d7f73e9451b819edabd48241d58ba1736eba6e
CLM-000946,test,Invalid Claim,1,data/claim_cards/test/Invalid Claim/CLM-000946_v1.jpg,748161a285af8eaa991e4621296fa089571ca142616e5876cced898e40feb3ce
CLM-000947,validation,Invalid Claim,1,data/claim_cards/validation/Invalid Claim/CLM-000947_v1.jpg,5c0e39eecffb107f5370bc75c4d64cb124f96e0797fe192f7516f28bc48d1845
CLM-000948,train,Invalid Claim,1,data/claim_cards/train/Invalid Claim/CLM-000948_v1.jpg,ccfeb59fd22cb05fa1d17f841f9e6f5b5f82822228b596cedea430ca2ab68bc5
CLM-000948,train,Invalid Claim,2,data/claim_cards/train/Invalid Claim/CLM-000948_v2.jpg,610b8a5d221d9038758181e0805d5734684d32d5e5ec4bd32c22f533d2bd3ccf
CLM-000949,validation,Invalid Claim,1,data/claim_cards/validation/Invalid Claim/CLM-000949_v1.jpg,440cc67d863afca3add42f43aa6b81739ab27995542511ccba712d35e48b0c4c
CLM-000950,train,Invalid Claim,1,data/claim_cards/train/Invalid Claim/CLM-000950_v1.jpg,c63fedb43aaf756408dbcdfc34cc35471bce4d5fa4d9fa1f8b0a70fdc5b9a2a0
CLM-000950,train,Invalid Claim,2,data/claim_cards/train/Invalid Claim/CLM-000950_v2.jpg,74df640dd2ce2c36c8e031d789c54e696e6112c46ff76572c5e6b56cd77779c6
CLM-000951,train,Invalid Claim,1,data/claim_cards/train/Invalid Claim/CLM-000951_v1.jpg,0a7e94e561b8d1417d549aab1cdaf4b410418ffac7f268e8414555df9170c44f
CLM-000951,train,Invalid Claim,2,data/claim_cards/train/Invalid Claim/CLM-000951_v2.jpg,58a4f159521811aad36f3767588cea4825b6b9140c9676198ce580ca764d676d
CLM-000952,train,Invalid Claim,1,data/claim_cards/train/Invalid Claim/CLM-000952_v1.jpg,c9b7817340cbd6c2d14d0415cb1dc64f8b770ccaf4e07725dd0c8eafa44e09eb
CLM-000952,train,Invalid Claim,2,data/claim_cards/train/Invalid Claim/CLM-000952_v2.jpg,ab4cd1844174b87d15324427509f06a937e8a79715dc32caba26784403047521
CLM-000953,train,Invalid Claim,1,data/claim_cards/train/Invalid Claim/CLM-000953_v1.jpg,86793d6dea870ff69ae8a41de548dbf83d3d57a1b776a7bc3e0b5e7993a5812e
CLM-000953,train,Invalid Claim,2,data/claim_cards/train/Invalid Claim/CLM-000953_v2.jpg,fbd79f616ebbca8aeb8710f666a81ea9295c597e86d9209616df9ef04ac02583
CLM-000954,train,Invalid Claim,1,data/claim_cards/train/Invalid Claim/CLM-000954_v1.jpg,1586608b439b8c004d1297bf00fea26576e1f4b2c379b6b88af6585a32f0af21
CLM-000954,train,Invalid Claim,2,data/claim_cards/train/Invalid Claim/CLM-000954_v2.jpg,177af43b47286d8c2ec5ccc97f1942eb7fabcbf4325d3c85317bed11952927df
CLM-000955,train,Invalid Claim,1,data/claim_cards/train/Invalid Claim/CLM-000955_v1.jpg,d25c275b0db595093ff12582127002e643a2d051eadf7c58e40667d03cb5b641
CLM-000955,train,Invalid Claim,2,data/claim_cards/train/Invalid Claim/CLM-000955_v2.jpg,f4f785f0813f3f8f86eb4c683599e75292dd948f46ccec9bd1ba71215d6d3bba
CLM-000956,train,Invalid Claim,1,data/claim_cards/train/Invalid Claim/CLM-000956_v1.jpg,93979735be26b54bbbaa965c224f5541e59658d9fdc249bfbd8736576087d557
CLM-000956,train,Invalid Claim,2,data/claim_cards/train/Invalid Claim/CLM-000956_v2.jpg,5ce7f72adff5ab0519eb875c7ce91fccb4724e847ea3b9054c81041ea53eff72
CLM-000957,test,Invalid Claim,1,data/claim_cards/test/Invalid Claim/CLM-000957_v1.jpg,cec290b53b1fa4f03cbc3cd1eb7ca46c837076eac04d1b86d19eaa8cdf8bbd3e
CLM-000958,validation,Invalid Claim,1,data/claim_cards/validation/Invalid Claim/CLM-000958_v1.jpg,2f403c3b8dc4bf96c6498834910e7f7bc78472e6f03727bcfae164d90b3e80c6
CLM-000959,test,Invalid Claim,1,data/claim_cards/test/Invalid Claim/CLM-000959_v1.jpg,adf1e126882b2e7967c11d9a58d39d778922a146c8367203c7fb72a868351f44
CLM-000960,test,Invalid Claim,1,data/claim_cards/test/Invalid Claim/CLM-000960_v1.jpg,96eeba496b310ab6f4ea390d66747b6c7a2a4735f977c7145f7474fe8f873d77
CLM-000961,train,Invalid Claim,1,data/claim_cards/train/Invalid Claim/CLM-000961_v1.jpg,f46d7bc7647f9c8899c3ed126feaadc90fe463646d4a34e6d2ecbe684f6c71b4
CLM-000961,train,Invalid Claim,2,data/claim_cards/train/Invalid Claim/CLM-000961_v2.jpg,726693398baf78bd897142a80c5b7edc3fa5bd211ccce39bd9e3e09e69d03fb6
CLM-000962,train,Invalid Claim,1,data/claim_cards/train/Invalid Claim/CLM-000962_v1.jpg,0860f4af8952c30b301f0305aa772e123a87ba29999ea65bee6a528197d4a0f5
CLM-000962,train,Invalid Claim,2,data/claim_cards/train/Invalid Claim/CLM-000962_v2.jpg,e152cd0bc19305927cbb08aad9494ac8157308c72132030cb44da59ebf046866
CLM-000963,train,Invalid Claim,1,data/claim_cards/train/Invalid Claim/CLM-000963_v1.jpg,aa1bf1cbc98396b042eee70c69084a301d6eb2c30f0cf9162b2347a545b85c28
CLM-000963,train,Invalid Claim,2,data/claim_cards/train/Invalid Claim/CLM-000963_v2.jpg,e0d7b712fe88a366aeddcbb3f15a4dab82ab730670d2a72fba60f2f1e9159464
CLM-000964,validation,Invalid Claim,1,data/claim_cards/validation/Invalid Claim/CLM-000964_v1.jpg,3d43407e531e6a2562d0e0e6a94dfbcf49137aeefea03a650efaada25cef41b1
CLM-000965,train,Invalid Claim,1,data/claim_cards/train/Invalid Claim/CLM-000965_v1.jpg,86772cad2a57cf59b39d4d24582e5eec3c9e225ddd4f0128e0c5f7e1024e894f
CLM-000965,train,Invalid Claim,2,data/claim_cards/train/Invalid Claim/CLM-000965_v2.jpg,05ecae8352363af0a273a9d984ea5ce753b5532800f9adb085d5a19a59807405
CLM-000966,train,Invalid Claim,1,data/claim_cards/train/Invalid Claim/CLM-000966_v1.jpg,2d4dedddaa20723d8a7a9906dd64d9192af008b5511383d8deff303576c97a45
CLM-000966,train,Invalid Claim,2,data/claim_cards/train/Invalid Claim/CLM-000966_v2.jpg,a60e63107328ff991700c909bb150db5b27cb0605f50a6599329c6eabe1d8b74
CLM-000967,test,Invalid Claim,1,data/claim_cards/test/Invalid Claim/CLM-000967_v1.jpg,13fd1f9b146492241c1a104344aeec907f8427b3d67065275386dfa2d9df3b57
CLM-000968,train,Invalid Claim,1,data/claim_cards/train/Invalid Claim/CLM-000968_v1.jpg,b4a8ec25d60d3c37556be0354fd3e3ef1127601aa1f8a19f6f5c0fcf2921b9d7
CLM-000968,train,Invalid Claim,2,data/claim_cards/train/Invalid Claim/CLM-000968_v2.jpg,999ec87e5c07a503ad925c8ed5800eae9a526cac0e3225b8ebc44bf8c5993ebe
CLM-000969,validation,Invalid Claim,1,data/claim_cards/validation/Invalid Claim/CLM-000969_v1.jpg,5bf4af06e6463aa4d7b63f5b64371e0395b05e88302862f229e00869b3f8f69d
CLM-000970,train,Invalid Claim,1,data/claim_cards/train/Invalid Claim/CLM-000970_v1.jpg,a63f7875dacc655f48e943c3680489eb6e3092f3885e42fdb068b26921a50bf3
CLM-000970,train,Invalid Claim,2,data/claim_cards/train/Invalid Claim/CLM-000970_v2.jpg,bcd9b23193bdf8f60d8f3bebf58fdfcc6e3e6d6db44fff8ed741f3706e3e92b0
CLM-000971,train,Invalid Claim,1,data/claim_cards/train/Invalid Claim/CLM-000971_v1.jpg,5d0d8d0327d70533c4c88c35aa722a7b5ff087e1624fda199319e18880af4ca6
CLM-000971,train,Invalid Claim,2,data/claim_cards/train/Invalid Claim/CLM-000971_v2.jpg,04b2bb66375d18dd3d2427b327c889f1bac3820cf338292f1721d974de549c2e
CLM-000972,train,Invalid Claim,1,data/claim_cards/train/Invalid Claim/CLM-000972_v1.jpg,72d7c7881066d7df0266fa466338d6ba8878676daa7f2f103597031c9054c83f
CLM-000972,train,Invalid Claim,2,data/claim_cards/train/Invalid Claim/CLM-000972_v2.jpg,d94bd282b0a79610022f08f90601800c2a5e5816ccea459bd2203b36821ef5d8
CLM-000973,train,Invalid Claim,1,data/claim_cards/train/Invalid Claim/CLM-000973_v1.jpg,867b2d78c031dc33190149b517cb454518ebc754b4df02454c78990722bcc3f0
CLM-000973,train,Invalid Claim,2,data/claim_cards/train/Invalid Claim/CLM-000973_v2.jpg,033b44ae6129fd6739dd35b392259a3436a412ad207fa315e19a24f0732a8b5e
CLM-000974,test,Invalid Claim,1,data/claim_cards/test/Invalid Claim/CLM-000974_v1.jpg,ef82c72113c5f5d6ae0248573408408b91cb1f7cbb26eb9b87bf414baa556ff7
CLM-000975,train,Invalid Claim,1,data/claim_cards/train/Invalid Claim/CLM-000975_v1.jpg,5c15370b7e3670848b7302367ac95d09f65155c761d4fddc0a40c44f3d72cb38
CLM-000975,train,Invalid Claim,2,data/claim_cards/train/Invalid Claim/CLM-000975_v2.jpg,df3cae76c0e32bd88edfa64a62446aa3989ee1bf54e304c4d22090abbb44dd5b
CLM-000976,train,Invalid Claim,1,data/claim_cards/train/Invalid Claim/CLM-000976_v1.jpg,7c9745a5e678076071fe9e45a9e828a8f20e27ab7bccece5555066997c5d3cf3
CLM-000976,train,Invalid Claim,2,data/claim_cards/train/Invalid Claim/CLM-000976_v2.jpg,f4bd0ade8ed0744c0d148a6306399a1d09762dc24dfcbf34d09c593f24b7c949
CLM-000977,validation,Invalid Claim,1,data/claim_cards/validation/Invalid Claim/CLM-000977_v1.jpg,477fd29aa905417436d181d279c585171ad1828ee4194c22a47f9bc280d97f50
CLM-000978,train,Invalid Claim,1,data/claim_cards/train/Invalid Claim/CLM-000978_v1.jpg,636898138525da9200f37b09613a19d3c09aafa2609ff94c93ed282a22855138
CLM-000978,train,Invalid Claim,2,data/claim_cards/train/Invalid Claim/CLM-000978_v2.jpg,e693540f9899258866d2065c3bcc1420b5fd75ce7dfac4c505a1eaaf3d522d1b
CLM-000979,train,Invalid Claim,1,data/claim_cards/train/Invalid Claim/CLM-000979_v1.jpg,d41246d73fe835da30ecded9e68c0a579cd5ede0ab9764370d5f84fa827ca6da
CLM-000979,train,Invalid Claim,2,data/claim_cards/train/Invalid Claim/CLM-000979_v2.jpg,0d60920f882c0122217f0b3beda930171cdb59a7efaef00d1db06cefd7bb2148
CLM-000980,train,Invalid Claim,1,data/claim_cards/train/Invalid Claim/CLM-000980_v1.jpg,7e0e176b6408955170e1a3e88bb7da72a1b31e7a1e30042c7d2e67c48817add9
CLM-000980,train,Invalid Claim,2,data/claim_cards/train/Invalid Claim/CLM-000980_v2.jpg,fed70c27b28f45f283353a1a150e6e0eecf46b3445e0823f561c9020dfef0fee
CLM-000981,test,Invalid Claim,1,data/claim_cards/test/Invalid Claim/CLM-000981_v1.jpg,3d19fe1521352b97da3127208a6b72b8a48aac9caab993bbe6cb25892dd7d76d
CLM-000982,train,Invalid Claim,1,data/claim_cards/train/Invalid Claim/CLM-000982_v1.jpg,3d25d3dc1f4e672992605eff5f39888e4749b7264205ff4a5f8dfe78f8e72eb2
CLM-000982,train,Invalid Claim,2,data/claim_cards/train/Invalid Claim/CLM-000982_v2.jpg,f12aa189afb5569b20b2450a2903b1db4de8556cc068af86a64824e5b508b09b
CLM-000983,validation,Invalid Claim,1,data/claim_cards/validation/Invalid Claim/CLM-000983_v1.jpg,c6df79a93669828a72d995afed76bf0245ffc0387ff830a411c6a64bc691fc6e
CLM-000984,train,Invalid Claim,1,data/claim_cards/train/Invalid Claim/CLM-000984_v1.jpg,f61d6006e968085b58ee79eeee56bbbbf2af99b1582ed74fad71a5a90b9c13c9
CLM-000984,train,Invalid Claim,2,data/claim_cards/train/Invalid Claim/CLM-000984_v2.jpg,bdfde00051c3f922bee922974ef358f763b2fd240d9cf1f166986f03ea5de52e
CLM-000985,train,Invalid Claim,1,data/claim_cards/train/Invalid Claim/CLM-000985_v1.jpg,fd1254fe4c9af8ef18c23db007ace5181d7ca5fb564f0d8d1c95cb42c67b92e0
CLM-000985,train,Invalid Claim,2,data/claim_cards/train/Invalid Claim/CLM-000985_v2.jpg,64036c3a112cd8625f6799691dac32359cb8509b0a187c8c01f8b7d1a40eec5f
CLM-000986,train,Invalid Claim,1,data/claim_cards/train/Invalid Claim/CLM-000986_v1.jpg,349a8140d8e7af4d35f0a0c3cb40a40a705178a0fc14982140653a2e5cbf060c
CLM-000986,train,Invalid Claim,2,data/claim_cards/train/Invalid Claim/CLM-000986_v2.jpg,a9582dd5f6b15ec4790ff7fc55ff730422083be34f03a4ec9a663cfe005c13cc
CLM-000987,validation,Invalid Claim,1,data/claim_cards/validation/Invalid Claim/CLM-000987_v1.jpg,b740043965265e8268571417bb66bdf63130af20c2ead87f36eeb98e7d182697
CLM-000988,train,Invalid Claim,1,data/claim_cards/train/Invalid Claim/CLM-000988_v1.jpg,2b814081adaaf8fb4fa7e919c66f2c93121e7978eddb2315bebca4a137a9af3f
CLM-000988,train,Invalid Claim,2,data/claim_cards/train/Invalid Claim/CLM-000988_v2.jpg,6db21131a5461e3341eacee7aebb95e1e640334694a080655c4818e396124c89
CLM-000989,validation,Invalid Claim,1,data/claim_cards/validation/Invalid Claim/CLM-000989_v1.jpg,ad780cd11579b1da07e8329bfc2491a120565f81c2042a34590ba6784e3e54e4
CLM-000990,train,Invalid Claim,1,data/claim_cards/train/Invalid Claim/CLM-000990_v1.jpg,e182e0f66d6c6afcb0a094b0d55fbbb344df9683d29a2f90418b01d0c3e5f304
CLM-000990,train,Invalid Claim,2,data/claim_cards/train/Invalid Claim/CLM-000990_v2.jpg,fcb605c2aff17f18a903f9a3de84ef63529be7594f44f5615fc6c22260306a4a
CLM-000991,train,Invalid Claim,1,data/claim_cards/train/Invalid Claim/CLM-000991_v1.jpg,f3043c1c05f46f44a5f4d6d3247c573abc2ae474416f3acb3f89e4f4e934c2fd
CLM-000991,train,Invalid Claim,2,data/claim_cards/train/Invalid Claim/CLM-000991_v2.jpg,a895161d478f9314bfbf947b252f9e22ca27f0f1ec4f681d8b341351d191665a
CLM-000992,train,Invalid Claim,1,data/claim_cards/train/Invalid Claim/CLM-000992_v1.jpg,8c5bb6df07cf7486fd5d42140751d45433fdfbfb21b4b4fda96eed3ca205d3b8
CLM-000992,train,Invalid Claim,2,data/claim_cards/train/Invalid Claim/CLM-000992_v2.jpg,0e6b3ead9ac1468db5126ef8a9e3af0215678533c7e89d0728a8dfc042144d9d
CLM-000993,test,Invalid Claim,1,data/claim_cards/test/Invalid Claim/CLM-000993_v1.jpg,76476c5c4262eb4fae6430e2ed5af3051f08a6af6eb25a075deeb69c425d9789
CLM-000994,train,Invalid Claim,1,data/claim_cards/train/Invalid Claim/CLM-000994_v1.jpg,ad452b626a25cea9c5a6da061661c99044d7be3b142995912dabaa779ab5e057
CLM-000994,train,Invalid Claim,2,data/claim_cards/train/Invalid Claim/CLM-000994_v2.jpg,7f191938a810ab65b06087436caa8daebcac356ef401eef66778807d1dd8486f
CLM-000995,train,Invalid Claim,1,data/claim_cards/train/Invalid Claim/CLM-000995_v1.jpg,8a7d097ab81c8301bf90c427aa2137997c2ee51c30e56f8704a2c5d347bde24c
CLM-000995,train,Invalid Claim,2,data/claim_cards/train/Invalid Claim/CLM-000995_v2.jpg,0d321d8bf4650781eab98c4ed82c8c252a0c97641eb1e3383e804243c130288c
CLM-000996,train,Invalid Claim,1,data/claim_cards/train/Invalid Claim/CLM-000996_v1.jpg,7967a91d536dbf2a661658d19a4fc26f92b529804bc08b24f53415137e7e934b
CLM-000996,train,Invalid Claim,2,data/claim_cards/train/Invalid Claim/CLM-000996_v2.jpg,3e42c57a5aea7266a4d93ae095c01bf1fff129b6b47a099b5eb26e862a83b683
CLM-000997,test,Invalid Claim,1,data/claim_cards/test/Invalid Claim/CLM-000997_v1.jpg,6dd0a31ede5e1b1be832cc898ca6b1bc9b84bea4f27f2f124b4a959835f24fa0
CLM-000998,train,Invalid Claim,1,data/claim_cards/train/Invalid Claim/CLM-000998_v1.jpg,0313dc01db0d316f28e20a2681ef8588d5f2f0bc6f0899d4b8a8a3f2f84d291c
CLM-000998,train,Invalid Claim,2,data/claim_cards/train/Invalid Claim/CLM-000998_v2.jpg,65dc0aa7ff2f2acb2487a916f85ce2d8b23f6f8e613e41b409b0a4bfcf193564
CLM-000999,train,Invalid Claim,1,data/claim_cards/train/Invalid Claim/CLM-000999_v1.jpg,cc4d760ad0a31b4b33835adaefdfa551da5dbf68698e6501245e812ef07bcc90
CLM-000999,train,Invalid Claim,2,data/claim_cards/train/Invalid Claim/CLM-000999_v2.jpg,29c3aad28709351a0d5134e1463b4bdea041a46d708a28e382cf5e30608d10f3
CLM-001000,test,Invalid Claim,1,data/claim_cards/test/Invalid Claim/CLM-001000_v1.jpg,984fd04ded472e9a1383e6d7ab9ed9dda3583baabf191994f115f810266a64dc
CLM-001001,train,Manual Review,1,data/claim_cards/train/Manual Review/CLM-001001_v1.jpg,9a4581942ff3ce7595f60177e597c0e0af2a7dd5505b3db5f05705b77d251559
CLM-001001,train,Manual Review,2,data/claim_cards/train/Manual Review/CLM-001001_v2.jpg,3628030089fef123f930d60264d29ff599f255b966365ae6ff770872d8684950
CLM-001002,validation,Manual Review,1,data/claim_cards/validation/Manual Review/CLM-001002_v1.jpg,a17178e6c7864dd7de7c493576a3c69789bb36a6353c2f6efbc197500934f307
CLM-001003,train,Manual Review,1,data/claim_cards/train/Manual Review/CLM-001003_v1.jpg,0f74c84c967cd61788df0981689f9b4897f084283955b3ea25587f2929a1b592
CLM-001003,train,Manual Review,2,data/claim_cards/train/Manual Review/CLM-001003_v2.jpg,c3573d8ad3d2b983a6fd27181cd5f11c08e878394942b6f46b018857e4af7efb
CLM-001004,train,Manual Review,1,data/claim_cards/train/Manual Review/CLM-001004_v1.jpg,c98b8bfa73d8be50afcbfe349e119f210c45254754cb2526cbaeef7324277748
CLM-001004,train,Manual Review,2,data/claim_cards/train/Manual Review/CLM-001004_v2.jpg,a92ea3a8fc36b27ec8a4d15e6583e820b2ecfb50e68adaeaa316dbf412687561
CLM-001005,validation,Manual Review,1,data/claim_cards/validation/Manual Review/CLM-001005_v1.jpg,7f868969ab95d6f9452129d09a52305cd5710d8d879ee4dafb373f061affc91b
CLM-001006,train,Manual Review,1,data/claim_cards/train/Manual Review/CLM-001006_v1.jpg,248ffafe59caa44fee7f83faf74bdcdf0cf6c527f06fd48d6b3cef8cdb588ba8
CLM-001006,train,Manual Review,2,data/claim_cards/train/Manual Review/CLM-001006_v2.jpg,4181d37a90e3b3611f8ae8e38f9226e960a6435419f812a88bf0659cc95e72b2
CLM-001007,train,Manual Review,1,data/claim_cards/train/Manual Review/CLM-001007_v1.jpg,bbd3c1644a6189e501cb8b4f48d5fdff7e549828865a207cde6317da5fbcf9f4
CLM-001007,train,Manual Review,2,data/claim_cards/train/Manual Review/CLM-001007_v2.jpg,4f965451a283170ccf73ce805b21083f0796de723e10619ff4b9f4796f73a0a7
CLM-001008,train,Manual Review,1,data/claim_cards/train/Manual Review/CLM-001008_v1.jpg,318d9391cd78f7a82189bb826c97871c97cdf46aa9433ea37b0fdb79019384c6
CLM-001008,train,Manual Review,2,data/claim_cards/train/Manual Review/CLM-001008_v2.jpg,25e35e0844192695021a714f08fdc911986378539a7c77bbbcc81179574898ca
CLM-001009,validation,Manual Review,1,data/claim_cards/validation/Manual Review/CLM-001009_v1.jpg,a095e6c3dca8927b874eb74d926eb9552647e92a43a555d4b65c81fb5b8a344e
CLM-001010,train,Manual Review,1,data/claim_cards/train/Manual Review/CLM-001010_v1.jpg,50e8096107ea3fab15878c616ecb53e5e75e2a9a456f6671a12ab5f9a6044d7b
CLM-001010,train,Manual Review,2,data/claim_cards/train/Manual Review/CLM-001010_v2.jpg,c947fecbd838c770bf4a598a6bf2ca069053f46d7820fbe013826b9f765935ec
CLM-001011,train,Manual Review,1,data/claim_cards/train/Manual Review/CLM-001011_v1.jpg,59862598821e8fc702b062ab3fd62fa41d9111223cad86341ecfb8a0fc7a4583
CLM-001011,train,Manual Review,2,data/claim_cards/train/Manual Review/CLM-001011_v2.jpg,c505537ec45dbcf63a1384c8c8f72a59466aa6236e5fe28e0875b5328f8cd918
CLM-001012,train,Manual Review,1,data/claim_cards/train/Manual Review/CLM-001012_v1.jpg,427567ff0d47cecc7dc63cea9a045ea59c6f0dface47588a4a3b16d1f2226a0f
CLM-001012,train,Manual Review,2,data/claim_cards/train/Manual Review/CLM-001012_v2.jpg,8669ebfa486d9c2e4a110ea520c2ba72e4f540c18885c3ad6c30b5b56ac35651
CLM-001013,train,Manual Review,1,data/claim_cards/train/Manual Review/CLM-001013_v1.jpg,14ae22a86a5bb8a6cea11e3f24d3e735498dc1ad4fee20ff05f7892ac055b965
CLM-001013,train,Manual Review,2,data/claim_cards/train/Manual Review/CLM-001013_v2.jpg,28d79810e459d266f8ac1fbb5ddb6d4056c1becaa92f8c7e9752e4b771f650a7
CLM-001014,test,Manual Review,1,data/claim_cards/test/Manual Review/CLM-001014_v1.jpg,1fc747257a38e2876743167d8f44943d7b7c33c8bd54a18056245ca2322a82df
CLM-001015,validation,Manual Review,1,data/claim_cards/validation/Manual Review/CLM-001015_v1.jpg,da858bbc5483a85c106c1227056c3c86967d57314ec4d3d6d66e70e72292433a
CLM-001016,train,Manual Review,1,data/claim_cards/train/Manual Review/CLM-001016_v1.jpg,42f360bbf9a12815dafcaf7e6bbfd4de7500cf1d772f09d34057cee06ae28991
CLM-001016,train,Manual Review,2,data/claim_cards/train/Manual Review/CLM-001016_v2.jpg,cf77b4670115afd0ef350a2d59f104167a693e6f659cce7bc4ae39fca9b49ae7
CLM-001017,train,Manual Review,1,data/claim_cards/train/Manual Review/CLM-001017_v1.jpg,b7bea9f0a9df250a9b8ce2eb3fb30782e00489405d9485717ba6d4af47a4424d
CLM-001017,train,Manual Review,2,data/claim_cards/train/Manual Review/CLM-001017_v2.jpg,930abe675a74cb1200921cd4e5a5b678ca42a7e6f9b4a45b918049f3a1546f35
CLM-001018,train,Manual Review,1,data/claim_cards/train/Manual Review/CLM-001018_v1.jpg,2f965037718eb5ce6f486a255fd7f2e72e47c79db1cc6cbc5edd592ccdf40b36
CLM-001018,train,Manual Review,2,data/claim_cards/train/Manual Review/CLM-001018_v2.jpg,da5bc61a97fdfe75af75516cbd56df9ae1b8cb483684279d5164f5c9f05e795f
CLM-001019,train,Manual Review,1,data/claim_cards/train/Manual Review/CLM-001019_v1.jpg,c7443d96ac5cd9cfaeaff89d411528e831a740e8ebc18533377d82fc6fa28fa5
CLM-001019,train,Manual Review,2,data/claim_cards/train/Manual Review/CLM-001019_v2.jpg,a5a3d5d6f4b068a197eb9eb6de0488d11758834af447cb80e6a9d8e9d43bee3c
CLM-001020,train,Manual Review,1,data/claim_cards/train/Manual Review/CLM-001020_v1.jpg,f4ac3f1a870e1bb654040807321bf1deeae47484e011aa07fa637ba79546a664
CLM-001020,train,Manual Review,2,data/claim_cards/train/Manual Review/CLM-001020_v2.jpg,1f6e1e3908a46d339603886c75b5cd85531a8c4a66a850747c79a95c9e58a7c5
CLM-001021,test,Manual Review,1,data/claim_cards/test/Manual Review/CLM-001021_v1.jpg,69aaced42258093942b47bd94c47c0a1c1da188e8c8a3f899d8ae2a5014627eb
CLM-001022,test,Manual Review,1,data/claim_cards/test/Manual Review/CLM-001022_v1.jpg,787e08efad76dd2745daa818b2102763507025368e19ed327fd448c8bcc053ef
CLM-001023,train,Manual Review,1,data/claim_cards/train/Manual Review/CLM-001023_v1.jpg,35e084d658f2ec4c1519a416993e1a09ae46abefbaeb0050e486f53da9e6fc0f
CLM-001023,train,Manual Review,2,data/claim_cards/train/Manual Review/CLM-001023_v2.jpg,a42356f554280ced6cb65dc951a34cf2d6b4e66324fa40e113238dd2708a9211
CLM-001024,train,Manual Review,1,data/claim_cards/train/Manual Review/CLM-001024_v1.jpg,1354cb7411939ad96c0da0d804f2e79e456384e0b15305e28d94c400cb6113ac
CLM-001024,train,Manual Review,2,data/claim_cards/train/Manual Review/CLM-001024_v2.jpg,469a260f6cb36c506bfca4d8faf955786e802278ae67c8c7ac1cf6c5a9823573
CLM-001025,train,Manual Review,1,data/claim_cards/train/Manual Review/CLM-001025_v1.jpg,aee27ab391a1f7774c06ad0a102e68974387ec76345263b6ba8666d9b663ad64
CLM-001025,train,Manual Review,2,data/claim_cards/train/Manual Review/CLM-001025_v2.jpg,3049589680a668962a856998a2bb37d727e209e222f3da7d8edc72ba10ef5f53
CLM-001026,train,Manual Review,1,data/claim_cards/train/Manual Review/CLM-001026_v1.jpg,d02aa4eafadaabdc9db53d0be39649b0d734569f7ee37ca8973aced2aad78899
CLM-001026,train,Manual Review,2,data/claim_cards/train/Manual Review/CLM-001026_v2.jpg,f31c186d5861fdf3e14d75c3c9d97e2ad84233c98da364a9d487b49fc89f424a
CLM-001027,train,Manual Review,1,data/claim_cards/train/Manual Review/CLM-001027_v1.jpg,fd0eb6098e2b6e5eb31d245222eba0ab3e97cae351dcf7da46abc671c2b4f1e1
CLM-001027,train,Manual Review,2,data/claim_cards/train/Manual Review/CLM-001027_v2.jpg,3402de57a0173e41cf1f41d59e2811efc211e098f5785fd8047fa105fbeb7d3c
CLM-001028,validation,Manual Review,1,data/claim_cards/validation/Manual Review/CLM-001028_v1.jpg,e63f794069f0a57022bce9bb657a1d06f80242adef336e7cbb7ea2279cece279
CLM-001029,train,Manual Review,1,data/claim_cards/train/Manual Review/CLM-001029_v1.jpg,0a637090a766af0d1e9d00658f1e2655f816e5168eb89349e0e43801f1e25138
CLM-001029,train,Manual Review,2,data/claim_cards/train/Manual Review/CLM-001029_v2.jpg,1578cb27058fa91152dbec5cbc9f61596e225856aa20c58266ec04f2c6c40e3c
CLM-001030,train,Manual Review,1,data/claim_cards/train/Manual Review/CLM-001030_v1.jpg,33d714d80dfdc7dd49b36d09637dac9fbb75a19bf2ba3156ea7c29304f33f148
CLM-001030,train,Manual Review,2,data/claim_cards/train/Manual Review/CLM-001030_v2.jpg,c5ae242949c4ed96c0ea1ee393f2925921cbea63e43a7e18976caa8f183da4e1
CLM-001031,train,Manual Review,1,data/claim_cards/train/Manual Review/CLM-001031_v1.jpg,d98cfa2520996e48520910067f5df7108509da3016d4754d442dada65f737d04
CLM-001031,train,Manual Review,2,data/claim_cards/train/Manual Review/CLM-001031_v2.jpg,0153ca9b001ef79b22e6fe731d434a75f79f1e3c8d5e34c807d327fb97de6949
CLM-001032,train,Manual Review,1,data/claim_cards/train/Manual Review/CLM-001032_v1.jpg,6ecf13ac850aa356f6a2f2875aaba4cd13ec7ed310d3d0d3844d4e4e822babf1
CLM-001032,train,Manual Review,2,data/claim_cards/train/Manual Review/CLM-001032_v2.jpg,6e5e3dea2af4460193d398e25b188fc7e6a62c52a54f5bc6174c0c84140bfe72
CLM-001033,validation,Manual Review,1,data/claim_cards/validation/Manual Review/CLM-001033_v1.jpg,5be6bfcc8cb5b56ffea681f4b161b01ac77896822687aabe3f00fa070a5db745
CLM-001034,train,Manual Review,1,data/claim_cards/train/Manual Review/CLM-001034_v1.jpg,652c7724a8781ffecc1a7af04b22358a1d9a0205aaf97b7bf62ec6dacc9565bd
CLM-001034,train,Manual Review,2,data/claim_cards/train/Manual Review/CLM-001034_v2.jpg,7db72db391bb1f424b56c57acdc93e6e59765f54b754e4ff4d8f214b5963ba79
CLM-001035,test,Manual Review,1,data/claim_cards/test/Manual Review/CLM-001035_v1.jpg,100cb84c1055c927ea6ade09bafea8cd0a8da5f24ca3b01de6ccdf6b2f832c8d
CLM-001036,train,Manual Review,1,data/claim_cards/train/Manual Review/CLM-001036_v1.jpg,fb9a1a59727e0a5e5b2d36e6490174c35a36f2c2ac84ee6f383f813d0345a76c
CLM-001036,train,Manual Review,2,data/claim_cards/train/Manual Review/CLM-001036_v2.jpg,76e5b44cfa15b31d5f63d999f447237df869b0433996e907e48087e542cdf984
CLM-001037,train,Manual Review,1,data/claim_cards/train/Manual Review/CLM-001037_v1.jpg,afbfcaf0fae3ee3e1c392d2900419ae7c2b4f237f18f38a521a7d4115c0cdaa8
CLM-001037,train,Manual Review,2,data/claim_cards/train/Manual Review/CLM-001037_v2.jpg,f427ea30a0146b43ed63fcd89cf2423a9421887af37a680f9938a3b120a8f52b
CLM-001038,train,Manual Review,1,data/claim_cards/train/Manual Review/CLM-001038_v1.jpg,08fbcde14a229bbffa298089b48a9d699cef47a712fd87c3dfc632879163bf6e
CLM-001038,train,Manual Review,2,data/claim_cards/train/Manual Review/CLM-001038_v2.jpg,385d76d93d3a596485216435c648a32874cc909e48973bb5b5218a46e5ff3dc5
CLM-001039,train,Manual Review,1,data/claim_cards/train/Manual Review/CLM-001039_v1.jpg,e03681355c5feb17837969c988ea818e40ceffae632e210dbb275673e27b714c
CLM-001039,train,Manual Review,2,data/claim_cards/train/Manual Review/CLM-001039_v2.jpg,26be6f451c2dede80ac48d5bf036719d005967bccfbf6df31c4f749456c68722
CLM-001040,train,Manual Review,1,data/claim_cards/train/Manual Review/CLM-001040_v1.jpg,e0ca32838418313ecb129c346163eb297c729eb417c1a9e5994acdbd13bb2d84
CLM-001040,train,Manual Review,2,data/claim_cards/train/Manual Review/CLM-001040_v2.jpg,2535169fbb052fc7319b0b130eb83efb5203699e1c4d49cb14ec163cd8ef89d7
CLM-001041,validation,Manual Review,1,data/claim_cards/validation/Manual Review/CLM-001041_v1.jpg,07a7f7001395ac374e7d68fd1ec8e5e3b637849479d9767c8df7ad1b82c0e2a1
CLM-001042,train,Manual Review,1,data/claim_cards/train/Manual Review/CLM-001042_v1.jpg,0fd777f38e901e99d1614c3354f2e53b4f6be3f498c6e67cb7a34b062c1a7981
CLM-001042,train,Manual Review,2,data/claim_cards/train/Manual Review/CLM-001042_v2.jpg,3c4f4f27e5425442bef159e18f49020f11342c648fe44a8c4951fb26a0b9dcc2
CLM-001043,train,Manual Review,1,data/claim_cards/train/Manual Review/CLM-001043_v1.jpg,22fc3ff5a899401b32eb2d9de34747689a6cd5ab84b506d8d1c06ea5868345f8
CLM-001043,train,Manual Review,2,data/claim_cards/train/Manual Review/CLM-001043_v2.jpg,592e30c3bb4789f65c9afa9977763414c1861abd4e75c01225a7e7ebcad0c52a
CLM-001044,validation,Manual Review,1,data/claim_cards/validation/Manual Review/CLM-001044_v1.jpg,b7be90015369da061474b23110a1f03c1ef490456f3c1ae4d1f5fec468e48f3a
CLM-001045,train,Manual Review,1,data/claim_cards/train/Manual Review/CLM-001045_v1.jpg,3762ddf59097d7c527a68374f64efebc3f3722ffe13b1723e114cf5cfb4afbe6
CLM-001045,train,Manual Review,2,data/claim_cards/train/Manual Review/CLM-001045_v2.jpg,1202856e4bbd703d994669076abce99f7004bc16a356d96ebf1bec2b67d0ba3c
CLM-001046,train,Manual Review,1,data/claim_cards/train/Manual Review/CLM-001046_v1.jpg,3c73a783be8983fee540b34b232680a1d74428fa0815ab5bb0ccca81f72b19ce
CLM-001046,train,Manual Review,2,data/claim_cards/train/Manual Review/CLM-001046_v2.jpg,9750456155020e3127c4cd454c29a536087007c4b1dd4761b203d27481d992cc
CLM-001047,train,Manual Review,1,data/claim_cards/train/Manual Review/CLM-001047_v1.jpg,9a7bbbdc7974de727f62b4914059d944c5d388c65df99dc369ed4411d7ed2f94
CLM-001047,train,Manual Review,2,data/claim_cards/train/Manual Review/CLM-001047_v2.jpg,b33f65e6016c67e59f2a62679fc2e9faba03af5dcd5d8c5e00ae9f739c455113
CLM-001048,validation,Manual Review,1,data/claim_cards/validation/Manual Review/CLM-001048_v1.jpg,ffd28f3d1652af565e3d533e82787bc07b82ec75e0c68f843596bb0753b74447
CLM-001049,test,Manual Review,1,data/claim_cards/test/Manual Review/CLM-001049_v1.jpg,94732e314979b8ca9c5fdae0db68a4bf5da93f3c26e52b22c2cfac970b5e00cb
CLM-001050,validation,Manual Review,1,data/claim_cards/validation/Manual Review/CLM-001050_v1.jpg,b324645df2e19f81cc87b90be585e750c85722404e7967a5b5811f8b6088eedd
CLM-001051,test,Manual Review,1,data/claim_cards/test/Manual Review/CLM-001051_v1.jpg,916193f0be33086824f8808c21d39fbcd9b4c0bedd54653f563ae1859f31d23d
CLM-001052,train,Manual Review,1,data/claim_cards/train/Manual Review/CLM-001052_v1.jpg,fe80221b1a6b733c6002c22046921466d97072f951a9116ca98bb9de5ef0a9dd
CLM-001052,train,Manual Review,2,data/claim_cards/train/Manual Review/CLM-001052_v2.jpg,22aea91d606aa851d6431518da2235ac1c3362a4a36f0be4204e2c16f756686c
CLM-001053,test,Manual Review,1,data/claim_cards/test/Manual Review/CLM-001053_v1.jpg,9ab13fbd752957ee42608c74bdb6694b55a21090a25afdfc79926be985b65d52
CLM-001054,validation,Manual Review,1,data/claim_cards/validation/Manual Review/CLM-001054_v1.jpg,39bdde4965bb5e078d007850d0d3eda6076341e94b75f1ca5f95e8d8ac9dbeb9
CLM-001055,test,Manual Review,1,data/claim_cards/test/Manual Review/CLM-001055_v1.jpg,59b8393302b137405df68725485b6ca2ad806498391cd94d82f8ad488f0ec063
CLM-001056,train,Manual Review,1,data/claim_cards/train/Manual Review/CLM-001056_v1.jpg,3f40bd97d6b77763b3a9be79bb3700c05cf9e921bb474ed3fa3b56c29f0d587e
CLM-001056,train,Manual Review,2,data/claim_cards/train/Manual Review/CLM-001056_v2.jpg,a7ad28813edce2a710749b2e2800653c5860b05e0495cb43da2e8c792379b67a
CLM-001057,train,Manual Review,1,data/claim_cards/train/Manual Review/CLM-001057_v1.jpg,25c8d6675c295bd528e93e8ddc80b49b1eb3a8dbcd56f4d8c044f9898b19d13a
CLM-001057,train,Manual Review,2,data/claim_cards/train/Manual Review/CLM-001057_v2.jpg,b071b476adc05133183e5d8598ad8c0b2322a97ef04d66c0e1f33d38aff8f1b3
CLM-001058,train,Manual Review,1,data/claim_cards/train/Manual Review/CLM-001058_v1.jpg,e66677a04074308bab3fd785168ea1c32b79307224f725e78f370f55ac4e0fc2
CLM-001058,train,Manual Review,2,data/claim_cards/train/Manual Review/CLM-001058_v2.jpg,67afcce4dc67d9f24f143fb625bca1bc53afa776d45a71f585c96ff676e87e43
CLM-001059,test,Manual Review,1,data/claim_cards/test/Manual Review/CLM-001059_v1.jpg,ed6f35da8243616d20605f750059af5f73d77e076fd96f98297b098b6b7a9109
CLM-001060,train,Manual Review,1,data/claim_cards/train/Manual Review/CLM-001060_v1.jpg,2966ca893b099fa520447c0850f0e35d2e2443b559a4f790cd35f52378dd1ea0
CLM-001060,train,Manual Review,2,data/claim_cards/train/Manual Review/CLM-001060_v2.jpg,85d6e7ead8506c0979c6f1f5c548fe1d0be3d35929d59a558082ab2d5cbd0f6c
CLM-001061,train,Manual Review,1,data/claim_cards/train/Manual Review/CLM-001061_v1.jpg,51ec1d48c6209d31dd0dcba729127e68f5af8f5b77439eae878ee3b8f10ff10f
CLM-001061,train,Manual Review,2,data/claim_cards/train/Manual Review/CLM-001061_v2.jpg,ef2e2f473fca75584295066328b148ebef0775b7e3592d50f8f449e5bc26503d
CLM-001062,validation,Manual Review,1,data/claim_cards/validation/Manual Review/CLM-001062_v1.jpg,96b0cf7f652f192154910071cd1ed5c55e69967ca66396b3786e544246726c87
CLM-001063,validation,Manual Review,1,data/claim_cards/validation/Manual Review/CLM-001063_v1.jpg,b3102762e7da68cd025291cd475e81e6b317833768f341b36440ff4e18e76a11
CLM-001064,train,Manual Review,1,data/claim_cards/train/Manual Review/CLM-001064_v1.jpg,ffbf310063741b835ee17683b3e0fcf9c3fd9aa12b3c0a98da9d2a69101d9c2f
CLM-001064,train,Manual Review,2,data/claim_cards/train/Manual Review/CLM-001064_v2.jpg,0fba2aa28a9b3fd550277a17e319ac30dca687902841a585d4c1f1ec126ae9c6
CLM-001065,validation,Manual Review,1,data/claim_cards/validation/Manual Review/CLM-001065_v1.jpg,073a2b4fc54da4ca9197271411d3c7d2aeff05923513951557e3dff3e52fc9ec
CLM-001066,train,Manual Review,1,data/claim_cards/train/Manual Review/CLM-001066_v1.jpg,cd53c704519143d4d1d4b01cb144099ccab86b5af59c83c12b7748d247360be0
CLM-001066,train,Manual Review,2,data/claim_cards/train/Manual Review/CLM-001066_v2.jpg,d86ff4318eb77f4f6bff5dc86a454167a7af8b8c35091511ee6840bae5910e00
CLM-001067,train,Manual Review,1,data/claim_cards/train/Manual Review/CLM-001067_v1.jpg,042de73d50badacf707daf69e4a5fba8055dc27685c4be6d9ae412d7a371d0e6
CLM-001067,train,Manual Review,2,data/claim_cards/train/Manual Review/CLM-001067_v2.jpg,1c5aaa91247c4ae4ab3713c04f474e8c6ebbae9eddf544cf90ced4892ee884e2
CLM-001068,train,Manual Review,1,data/claim_cards/train/Manual Review/CLM-001068_v1.jpg,458593189758ff2f6dd6f18652d9229236ea308e1c23f85002cfdd89202f4400
CLM-001068,train,Manual Review,2,data/claim_cards/train/Manual Review/CLM-001068_v2.jpg,fdfb62f8838a6e23187bcce331411bb7c9653e932069cea15e9b40a1585dda2a
CLM-001069,train,Manual Review,1,data/claim_cards/train/Manual Review/CLM-001069_v1.jpg,e7e101061187c1fc64326341335001f71e1bb5def369a6b09e8d347ca847abec
CLM-001069,train,Manual Review,2,data/claim_cards/train/Manual Review/CLM-001069_v2.jpg,e5f7382631e7783d8032a20443aaff3f34452b629d75bb750d5415de39b9d15c
CLM-001070,train,Manual Review,1,data/claim_cards/train/Manual Review/CLM-001070_v1.jpg,2e93c1fcf8eda86df668e7bed4b3005a41371edd606d2c63b97e96a3ac3ff15c
CLM-001070,train,Manual Review,2,data/claim_cards/train/Manual Review/CLM-001070_v2.jpg,e207650f6374eb984a6e9c9d826da87b0b33c66970ff8f67ed5d27bd6230d346
CLM-001071,train,Manual Review,1,data/claim_cards/train/Manual Review/CLM-001071_v1.jpg,7271d29d5a7343bf938a38eebe2602fe3c3bde74fa19c97d27f7d2701a75311d
CLM-001071,train,Manual Review,2,data/claim_cards/train/Manual Review/CLM-001071_v2.jpg,eb392bcb47073996b0d0eb4a99cae426208bb3213d07a92bb1a6800a650574b6
CLM-001072,test,Manual Review,1,data/claim_cards/test/Manual Review/CLM-001072_v1.jpg,f5e73af6a4163b537ed9ca11dcf221556157dda45275fe32bc63bda1ce9f9da9
CLM-001073,train,Manual Review,1,data/claim_cards/train/Manual Review/CLM-001073_v1.jpg,69593fe5d007132bbb3fde3fa6a88579f9d0365cf0681e6497ecc83cc8ec80c2
CLM-001073,train,Manual Review,2,data/claim_cards/train/Manual Review/CLM-001073_v2.jpg,028d40937f756d42abe61db2151502bb3cfcfefcf96b60b3a2fb75afcd3ef716
CLM-001074,train,Manual Review,1,data/claim_cards/train/Manual Review/CLM-001074_v1.jpg,04c4a8936d0950612b5cf6ac2976f3b69ef34b6c317b4d0eb5eb97bacb6db26c
CLM-001074,train,Manual Review,2,data/claim_cards/train/Manual Review/CLM-001074_v2.jpg,4abaa615226864f7dde948bce6cb4189570c4f465a1131aa7565862a0d058742
CLM-001075,train,Manual Review,1,data/claim_cards/train/Manual Review/CLM-001075_v1.jpg,aa55c444f025542612950ba858db9cb47671b916c0e610dadd9a0e1f271d50da
CLM-001075,train,Manual Review,2,data/claim_cards/train/Manual Review/CLM-001075_v2.jpg,fff7b0a35e27eb5039089efca81088907f935a7b83f46e04a2313f6ea771d3bf
CLM-001076,train,Manual Review,1,data/claim_cards/train/Manual Review/CLM-001076_v1.jpg,9c0006def697cf95961d446fac2d2864960432f914e5ff7850d3e5e6c0675373
CLM-001076,train,Manual Review,2,data/claim_cards/train/Manual Review/CLM-001076_v2.jpg,32501131a2dca38a566e32b676a1757b5e0f104fb1670f6f0fc261de24b0ed62
CLM-001077,train,Manual Review,1,data/claim_cards/train/Manual Review/CLM-001077_v1.jpg,cad8e50846899ffeeef112d0508f55193a04c1257ef9b9f414bdb5abb44623f3
CLM-001077,train,Manual Review,2,data/claim_cards/train/Manual Review/CLM-001077_v2.jpg,5ac50dd06b1055be5ff9a9387b20592220d560cb6626ac428eef780076a48cc6
CLM-001078,train,Manual Review,1,data/claim_cards/train/Manual Review/CLM-001078_v1.jpg,9eedadd5c9a1838eb7b5003fa46a56466f8f4604527fa1d59e8ee0ec81fad846
CLM-001078,train,Manual Review,2,data/claim_cards/train/Manual Review/CLM-001078_v2.jpg,4a90fcfe738bcd7925817f57f67dd969d9164dd6cb0291b8ff92f4cabb442f80
CLM-001079,train,Manual Review,1,data/claim_cards/train/Manual Review/CLM-001079_v1.jpg,b8e31ad90720459a7d5aa1e36a2673b562d61b96363709b00f49996e6ba654ee
CLM-001079,train,Manual Review,2,data/claim_cards/train/Manual Review/CLM-001079_v2.jpg,6d648f155299555b1dcdbd30c0e44a553c5b80587410452261eadd457a5e6d3e
CLM-001080,train,Manual Review,1,data/claim_cards/train/Manual Review/CLM-001080_v1.jpg,30961d4eefc025f2868e9e5c4a4b5797a66dff59807998b610bd9254e2ca6bed
CLM-001080,train,Manual Review,2,data/claim_cards/train/Manual Review/CLM-001080_v2.jpg,e63e148410ac8bcb5bdd96ee9326314bfad2102490eb6bf9b35d6268b48d9ff2
CLM-001081,test,Manual Review,1,data/claim_cards/test/Manual Review/CLM-001081_v1.jpg,dcab5cbc6eadd7ed110fd4191ab3884b0feba8bf22610b76d6c61a5d6032d921
CLM-001082,train,Manual Review,1,data/claim_cards/train/Manual Review/CLM-001082_v1.jpg,fae210c74ba0cbf130b170a87b3b60115b1d4c8cdc4e92efafea8b7307f1c713
CLM-001082,train,Manual Review,2,data/claim_cards/train/Manual Review/CLM-001082_v2.jpg,33f178ed09b39ce856d89caf045a9b992f2b0886869cba7cd5e1211a56ea5e0b
CLM-001083,train,Manual Review,1,data/claim_cards/train/Manual Review/CLM-001083_v1.jpg,fda261bf34db590f377a1ef55b1c6fcf2b22af07f5beb4c3211a539cac21e6d6
CLM-001083,train,Manual Review,2,data/claim_cards/train/Manual Review/CLM-001083_v2.jpg,8395e8e5500e0b4aee4d9500bdd270d49d65f156b1ce0c8580c0f991012103a0
CLM-001084,train,Manual Review,1,data/claim_cards/train/Manual Review/CLM-001084_v1.jpg,4af4e95f5eb5933c2970cb62e70d8bba97d830cfa217312061768172d25ea2c0
CLM-001084,train,Manual Review,2,data/claim_cards/train/Manual Review/CLM-001084_v2.jpg,33ba29fec3c1168afeaec35b119bb8c5f768b7460e2ef5ad40596edfa1da365d
CLM-001085,train,Manual Review,1,data/claim_cards/train/Manual Review/CLM-001085_v1.jpg,5b20f102b43f5c418c847da99c58d9986adaf068be21701ca9fb68912865b533
CLM-001085,train,Manual Review,2,data/claim_cards/train/Manual Review/CLM-001085_v2.jpg,24cde952485c1b457dab11a506ff513e18f1eb411f9f77418e3038db6092e98c
CLM-001086,train,Manual Review,1,data/claim_cards/train/Manual Review/CLM-001086_v1.jpg,7adc4de00c51b22d1e2f5c3a32648b4ceb2b31d9b29ef95bff6c0fd81546ab1b
CLM-001086,train,Manual Review,2,data/claim_cards/train/Manual Review/CLM-001086_v2.jpg,ca491455cad7db7dddf1a7cb524408827c1e428363862548d54b5c78d33908a0
CLM-001087,train,Manual Review,1,data/claim_cards/train/Manual Review/CLM-001087_v1.jpg,47ee3bf95886bc12931d0ff8cfb4ba9da5d593a1da6c269a959eb1670fc89f15
CLM-001087,train,Manual Review,2,data/claim_cards/train/Manual Review/CLM-001087_v2.jpg,e8457e51d1979ea4f8650bd4c53ec2f5b37fd4ef78d17ddf46dd898fdfc3407e
CLM-001088,test,Manual Review,1,data/claim_cards/test/Manual Review/CLM-001088_v1.jpg,d3a69833e8a05d255d0114a9d0b5efcb5d7c5f9a592d7576fa23bb35dc126f88
CLM-001089,test,Manual Review,1,data/claim_cards/test/Manual Review/CLM-001089_v1.jpg,8a79c7560d64c82d315df51e668d63fd79560e63487392cfb6feeab96e8453d6
CLM-001090,train,Manual Review,1,data/claim_cards/train/Manual Review/CLM-001090_v1.jpg,f11b30cf65fc99fde2eaeff1be8ad0c01d9ac73096a0d751bc269ca46b01a5d9
CLM-001090,train,Manual Review,2,data/claim_cards/train/Manual Review/CLM-001090_v2.jpg,faa362fb9ef5ed011fe7bb79fcd87fe931a6c2ac593bc4a04f6fc292aa5fe75b
CLM-001091,train,Manual Review,1,data/claim_cards/train/Manual Review/CLM-001091_v1.jpg,7931f6986a47b4c1abe76b23f2a2326a8deac60b8f76568ebed20c92a7badd60
CLM-001091,train,Manual Review,2,data/claim_cards/train/Manual Review/CLM-001091_v2.jpg,5c56f62a6e326bccee6ea5934e85b1f80e74c10a294ee7f6d15e6afe235ea9cf
CLM-001092,test,Manual Review,1,data/claim_cards/test/Manual Review/CLM-001092_v1.jpg,5e2eb43e05fedef701657678df38e1cf1e297942e46cad377c0c3434874e3047
CLM-001093,train,Manual Review,1,data/claim_cards/train/Manual Review/CLM-001093_v1.jpg,8904d9f35343523a03ba0e19e55b387228560df2acdb12bea15b80f8338466a1
CLM-001093,train,Manual Review,2,data/claim_cards/train/Manual Review/CLM-001093_v2.jpg,aada12689dea2fb37192201c59204a9f4c41bd303db5f430b8df166c05e7d230
CLM-001094,train,Manual Review,1,data/claim_cards/train/Manual Review/CLM-001094_v1.jpg,3c8e3113c8fd80e316de18c9e660fc6d29a777bd48b81430c1b02dc55e81f76c
CLM-001094,train,Manual Review,2,data/claim_cards/train/Manual Review/CLM-001094_v2.jpg,8a0fb62ea75cc8957bedef1156cfdc8af24139376098e892ca326b3d26618dd6
CLM-001095,train,Manual Review,1,data/claim_cards/train/Manual Review/CLM-001095_v1.jpg,2fd6dbc95db080d914036702899fd74e0d8575e40856888c4e3a7612d97c0135
CLM-001095,train,Manual Review,2,data/claim_cards/train/Manual Review/CLM-001095_v2.jpg,164b5a8ee363b96abe9cc7d722c4d3155b71ef1d7699e990c0ddc9edc473bbe7
CLM-001096,train,Manual Review,1,data/claim_cards/train/Manual Review/CLM-001096_v1.jpg,3415f7c0aeced8be9687f7f119459a0690e128608336cd3cf375361b60453fe6
CLM-001096,train,Manual Review,2,data/claim_cards/train/Manual Review/CLM-001096_v2.jpg,7f2d9454d622c622de0c75045df7b7fcde8274424fb666b61330e235f26d473a
CLM-001097,train,Manual Review,1,data/claim_cards/train/Manual Review/CLM-001097_v1.jpg,6422b56cf36537870a7df9e632a8540430089dad7ad2b250e2796a09515c0256
CLM-001097,train,Manual Review,2,data/claim_cards/train/Manual Review/CLM-001097_v2.jpg,6bfc28ddf8e3a5ff9b458417da6f9d724b425fe538aa108bc1f9d16248948d02
CLM-001098,train,Manual Review,1,data/claim_cards/train/Manual Review/CLM-001098_v1.jpg,905dff34e080e325fe27f4f7658524b62bf3a1c600a62b0d743a13f41973079b
CLM-001098,train,Manual Review,2,data/claim_cards/train/Manual Review/CLM-001098_v2.jpg,f84102e182304f66ea8a56f9775740b2a1a10dd4bd0ed982794dc48f5381f0c5
CLM-001099,validation,Manual Review,1,data/claim_cards/validation/Manual Review/CLM-001099_v1.jpg,2b99ef4b51fbad851b8fa42f228e5a5228075adfb6e305b0200fd1bffbb8b071
CLM-001100,test,Manual Review,1,data/claim_cards/test/Manual Review/CLM-001100_v1.jpg,d9162597723e8b25fdefe06671ddeaf6e349dd0f66becd29f93a4f7b149444e0
CLM-001101,validation,Manual Review,1,data/claim_cards/validation/Manual Review/CLM-001101_v1.jpg,edc736ac2c2c6dabf9cd75a7a68d0c8e235754f8af6420fae32e337694855655
CLM-001102,train,Manual Review,1,data/claim_cards/train/Manual Review/CLM-001102_v1.jpg,351d9f70e2ac72537deedd13341af4c8bf6badc20dd2ade01ee4dd47ba62678f
CLM-001102,train,Manual Review,2,data/claim_cards/train/Manual Review/CLM-001102_v2.jpg,6d450fb4e70d6ea9078e0bad4a18e9480e1b9294d07315ded7cded4f9c4903c7
CLM-001103,test,Manual Review,1,data/claim_cards/test/Manual Review/CLM-001103_v1.jpg,d76a4df242a09f7053f9dd2af5469a34f1b26ab13d73fc0559acf161c99851e8
CLM-001104,train,Manual Review,1,data/claim_cards/train/Manual Review/CLM-001104_v1.jpg,7ed35bb110dea4b968c72c3c6ca34b976d9a062d8735c65b7e75024d29476370
CLM-001104,train,Manual Review,2,data/claim_cards/train/Manual Review/CLM-001104_v2.jpg,5f2c646cde0f76dd31e2fe3cfb620720994abda1c875fca48bbe7faf00141b43
CLM-001105,train,Manual Review,1,data/claim_cards/train/Manual Review/CLM-001105_v1.jpg,312b006684262f0fde874819107aba1859538acab069def87e86537332e536ec
CLM-001105,train,Manual Review,2,data/claim_cards/train/Manual Review/CLM-001105_v2.jpg,961c3f89212615cf61049542185cd0e3479e3bd1f21fb1af16d65ad0b5a24eda
CLM-001106,validation,Manual Review,1,data/claim_cards/validation/Manual Review/CLM-001106_v1.jpg,1154fceb03aa46982ee181ff3177397d89a73b2f8c4a401f3324acbdd1877b11
CLM-001107,test,Manual Review,1,data/claim_cards/test/Manual Review/CLM-001107_v1.jpg,2fcd98982e950f775665c5229c2c29e00fe557986b4469cd8d0484a7f7eaacfc
CLM-001108,train,Manual Review,1,data/claim_cards/train/Manual Review/CLM-001108_v1.jpg,bc4dfa72f4b538e4a3be79ffc343e1f475bd4d8a9c4b1f0709912f1f2927bf70
CLM-001108,train,Manual Review,2,data/claim_cards/train/Manual Review/CLM-001108_v2.jpg,ed9ce4bf01a5d959b19e6d66b2a3a6f660d7ecd69cdac629b512d15d6b056b89
CLM-001109,train,Manual Review,1,data/claim_cards/train/Manual Review/CLM-001109_v1.jpg,2a0ca8f7709afcbe9b45200dc186a8c6589daf85982624a98c06a993a0b46149
CLM-001109,train,Manual Review,2,data/claim_cards/train/Manual Review/CLM-001109_v2.jpg,0f496926ea7ba3c36505044c72f291258fc88fe6adfdc089fd8c0fe16fbb041b
CLM-001110,train,Manual Review,1,data/claim_cards/train/Manual Review/CLM-001110_v1.jpg,0ca58b5a0ad3c796a80877f763f2ce23141d0ab0db0b3e9eb8352b69fc1f02cc
CLM-001110,train,Manual Review,2,data/claim_cards/train/Manual Review/CLM-001110_v2.jpg,a1d1b826d2b94300eb7ec68d7a082a88dcd9a37e7896198507ac8959165f7cbf
CLM-001111,train,Manual Review,1,data/claim_cards/train/Manual Review/CLM-001111_v1.jpg,d53d730c0c60e49b2318b4ef79d21b2c9c9af7906f62d7b1cb97ccbdc68e9d80
CLM-001111,train,Manual Review,2,data/claim_cards/train/Manual Review/CLM-001111_v2.jpg,809716c2684bf3be7a1d25ebc348c92b5b05eb8aae542a3946eaea72d62af167
CLM-001112,train,Manual Review,1,data/claim_cards/train/Manual Review/CLM-001112_v1.jpg,bffa01c824f7ecb94d7aa408ec04f3f2a1ae959dc62fda3e1a8fb983b7e04253
CLM-001112,train,Manual Review,2,data/claim_cards/train/Manual Review/CLM-001112_v2.jpg,a4969685c356317d530caaf1116fba936bbf5f5064315b0d27efb98ce453f131
CLM-001113,train,Manual Review,1,data/claim_cards/train/Manual Review/CLM-001113_v1.jpg,47f7411f055b35e0fccd059c5c1ed39f5d938e851b81f79d8a76b77a2e0abd0f
CLM-001113,train,Manual Review,2,data/claim_cards/train/Manual Review/CLM-001113_v2.jpg,8bc2b00d1a143f3f9f2740ce5d35aef107dfac75e08e3fa2d454651a530cd0bb
CLM-001114,train,Manual Review,1,data/claim_cards/train/Manual Review/CLM-001114_v1.jpg,8ee972e687459ecb3217db84617e2d8928d78f4f355ad679791b2e2226c3c770
CLM-001114,train,Manual Review,2,data/claim_cards/train/Manual Review/CLM-001114_v2.jpg,301c8615f2f7d0b2e30ea96dba0fc30792039759f11f2f7083f67fdb80cc03d9
CLM-001115,train,Manual Review,1,data/claim_cards/train/Manual Review/CLM-001115_v1.jpg,9c83cfeaffd8edd3ffe4b35f8ee460e4f2acd1e69c7884e6ed860223970a390f
CLM-001115,train,Manual Review,2,data/claim_cards/train/Manual Review/CLM-001115_v2.jpg,30272e49c6d3c24b17e0d9f2ef29d7368192e930dcebf4c9b0e1526abc913beb
CLM-001116,train,Manual Review,1,data/claim_cards/train/Manual Review/CLM-001116_v1.jpg,1a6a6ad3508a9c243b0f19c8cbe256e25dbd318214e1e17e43e73976df64b62c
CLM-001116,train,Manual Review,2,data/claim_cards/train/Manual Review/CLM-001116_v2.jpg,a7900f88ab6d268ca3301bb10447529f52f14fd4f14efd0882079d04a1e44ff0
CLM-001117,train,Manual Review,1,data/claim_cards/train/Manual Review/CLM-001117_v1.jpg,618a095dc271a441de23e3d0d02950d9621093ce6f34731fbe4c38f1df5054b5
CLM-001117,train,Manual Review,2,data/claim_cards/train/Manual Review/CLM-001117_v2.jpg,a0dd4c35a986813f67026f250176565d5705be54e07bb5e72093dc608030c9a7
CLM-001118,train,Manual Review,1,data/claim_cards/train/Manual Review/CLM-001118_v1.jpg,f75c4839d5b0b8cc9c0433c8b721d6fa9f3f60dfc6e88235859b5e10fcd2d333
CLM-001118,train,Manual Review,2,data/claim_cards/train/Manual Review/CLM-001118_v2.jpg,c647ec8c1f07f9b3c7bb374906333d9a223252fe479f3dd3d8c3b15819dde70f
CLM-001119,train,Manual Review,1,data/claim_cards/train/Manual Review/CLM-001119_v1.jpg,409d6ae70a2b692327be16e572573862fd11c3265b4da8cf1bbf9a1afbf3fceb
CLM-001119,train,Manual Review,2,data/claim_cards/train/Manual Review/CLM-001119_v2.jpg,81fbbfb364854f01db1cc6a9436488f651e142a0454cf827ba1cfa6fc14277db
CLM-001120,train,Manual Review,1,data/claim_cards/train/Manual Review/CLM-001120_v1.jpg,7ef0270ad2db5c5513794be8a6c7bf39ac1daea6555e16e1f1a2dd68f006b470
CLM-001120,train,Manual Review,2,data/claim_cards/train/Manual Review/CLM-001120_v2.jpg,e503a4eec0c1b9227cc1799f342a1504541e9f45e493a22c67cb6616175890fa
CLM-001121,train,Manual Review,1,data/claim_cards/train/Manual Review/CLM-001121_v1.jpg,ab29efda74940ee442f1a075b9d1c105c1971c0417e57f6030dc10641336bb48
CLM-001121,train,Manual Review,2,data/claim_cards/train/Manual Review/CLM-001121_v2.jpg,52f2977a5970fa85c7e615e6b0acff2039000a6c8878ce28a3a1b481a1bc815a
CLM-001122,test,Manual Review,1,data/claim_cards/test/Manual Review/CLM-001122_v1.jpg,a450ca0aad4153954ec91bf6446b021a4cfb7c75d87352050c1f96710deb727a
CLM-001123,train,Manual Review,1,data/claim_cards/train/Manual Review/CLM-001123_v1.jpg,e038796722a5fa8bf332ac505145b9f30921f9100ea69c3bc979de84dd423e1f
CLM-001123,train,Manual Review,2,data/claim_cards/train/Manual Review/CLM-001123_v2.jpg,2fcfe09b3ca6f7e1dada14c9bfa9915e76b1c7f8df9c6c19a3d672d0ba98e4ea
CLM-001124,train,Manual Review,1,data/claim_cards/train/Manual Review/CLM-001124_v1.jpg,9d7ec847779e2a533424dd78baae4047f079f092bfe5ba0ab7af0d7cec88b0b7
CLM-001124,train,Manual Review,2,data/claim_cards/train/Manual Review/CLM-001124_v2.jpg,e3afe70d58d53590a60da0d9eb7c56d6bdae8476aa0a1ca6d49c81d40ba707d1
CLM-001125,train,Manual Review,1,data/claim_cards/train/Manual Review/CLM-001125_v1.jpg,faae5d95f0c3720dd1d4dae98dbc07209bca3c3b3f4ed4d2aff64603f5560033
CLM-001125,train,Manual Review,2,data/claim_cards/train/Manual Review/CLM-001125_v2.jpg,09cd97dc21b84e05199cb5c69a813e9dcdf6062a0e019448156bce846a586c60
CLM-001126,train,Manual Review,1,data/claim_cards/train/Manual Review/CLM-001126_v1.jpg,17885636272212a2a1746ff144302a8002fc8f50870856c0e9cff98755020c9c
CLM-001126,train,Manual Review,2,data/claim_cards/train/Manual Review/CLM-001126_v2.jpg,ddfa3f03d2b7bc2248ec9009c748934e852661c8b20904c67d88e82741674ba0
CLM-001127,train,Manual Review,1,data/claim_cards/train/Manual Review/CLM-001127_v1.jpg,1f923ee59c61cc0c37d636a775ab01192943181510119ce92406118ea62fd857
CLM-001127,train,Manual Review,2,data/claim_cards/train/Manual Review/CLM-001127_v2.jpg,e35133ff5698f33320c9a6ff9c10bde879dd17defa73345bd5e3d3010672b6e3
CLM-001128,train,Manual Review,1,data/claim_cards/train/Manual Review/CLM-001128_v1.jpg,72147bd1c140674a808d6f854227eac4cb7318d5e914edee65d018571d2c2f9a
CLM-001128,train,Manual Review,2,data/claim_cards/train/Manual Review/CLM-001128_v2.jpg,0bf63c48352a10af9e4f43d602bb112c752ba8b3a53bb7b78dcff30770f15fef
CLM-001129,validation,Manual Review,1,data/claim_cards/validation/Manual Review/CLM-001129_v1.jpg,c862297ae9ee5aa28b406752407aa8b4fbb9cb7b001abf1e2df6201c39a06603
CLM-001130,train,Manual Review,1,data/claim_cards/train/Manual Review/CLM-001130_v1.jpg,cc89026f46ed82c342dbbefd4d592d099381b117a7984f689e273253b7fbd456
CLM-001130,train,Manual Review,2,data/claim_cards/train/Manual Review/CLM-001130_v2.jpg,3ab281eef504784ff0e5aba35076034641a3048e37691451ce9715dcd800936d
CLM-001131,test,Manual Review,1,data/claim_cards/test/Manual Review/CLM-001131_v1.jpg,f0a0ae78a5b1d91a3a551bae398f281aa8b267eeeaf9f2074cc8f67a15454594
CLM-001132,train,Manual Review,1,data/claim_cards/train/Manual Review/CLM-001132_v1.jpg,df2b58c8ccc68a502d48f864c7eca71caba4856ad6e06da87de68fb868db43a2
CLM-001132,train,Manual Review,2,data/claim_cards/train/Manual Review/CLM-001132_v2.jpg,78ec2457b4407388ba2ac55ecfb660b06d12e1fd3b14d602d13403582d03a37d
CLM-001133,train,Manual Review,1,data/claim_cards/train/Manual Review/CLM-001133_v1.jpg,5ddf2f24c6818cdca2674f0bb254f574e5997cd4b7b182cd14452bb7d6833504
CLM-001133,train,Manual Review,2,data/claim_cards/train/Manual Review/CLM-001133_v2.jpg,2e3b9a10bbf8a3f84ebfc3881a243a8eed260803fb396d52a6d4e59569e0a985
CLM-001134,train,Manual Review,1,data/claim_cards/train/Manual Review/CLM-001134_v1.jpg,d9d337ab6ad7fc92e063e4056104818f4ead41fd0ec01f4f20bae961d7def2a4
CLM-001134,train,Manual Review,2,data/claim_cards/train/Manual Review/CLM-001134_v2.jpg,d68e97e7fb68ceefbf2629df7de34107b0ec1148744fe25ae65c3d8cf0084d79
CLM-001135,test,Manual Review,1,data/claim_cards/test/Manual Review/CLM-001135_v1.jpg,f179014268f1cd29b6379fdffd1a5a85bdf3d0f51a640ec621992ccdbf1cbf2d
CLM-001136,validation,Manual Review,1,data/claim_cards/validation/Manual Review/CLM-001136_v1.jpg,c00a4a9456966ffcd873801944fbda01947d4d4f50138bc4628b5bd09d796d81
CLM-001137,train,Manual Review,1,data/claim_cards/train/Manual Review/CLM-001137_v1.jpg,244a3b83595d71abb6f4857412e6223c2b5df3dfd2130f6efa3a9fa24062de86
CLM-001137,train,Manual Review,2,data/claim_cards/train/Manual Review/CLM-001137_v2.jpg,5f169b57cef2fa20eca99597fab4874950774c7230db8d2effc83c4723230bef
CLM-001138,train,Manual Review,1,data/claim_cards/train/Manual Review/CLM-001138_v1.jpg,db524046ae2edc856b7f0b60ae3c7b6e529671f0957e3f66b135b420f8498c1c
CLM-001138,train,Manual Review,2,data/claim_cards/train/Manual Review/CLM-001138_v2.jpg,8705c4179dafdc30a11d78bb0043bf3956cacae562b9d0d826f3496cd8ca2b16
CLM-001139,validation,Manual Review,1,data/claim_cards/validation/Manual Review/CLM-001139_v1.jpg,4ba7b2a6050e802bd0d6e25422215f58da6a671d7f27789c17a3b387d38fa097
CLM-001140,train,Manual Review,1,data/claim_cards/train/Manual Review/CLM-001140_v1.jpg,2cd142a64ec6cc49b57495c7f8fb6aa150b0aa65cad4e2696e9f334b561722b8
CLM-001140,train,Manual Review,2,data/claim_cards/train/Manual Review/CLM-001140_v2.jpg,5d356b1fcf84491aedb3d86237b11be5e4859dab98304b25870ef6859f595213
CLM-001141,train,Manual Review,1,data/claim_cards/train/Manual Review/CLM-001141_v1.jpg,234629d315a60be0f7861d1a1cf4d063d84cabeb1570fda252da3f710158d2b1
CLM-001141,train,Manual Review,2,data/claim_cards/train/Manual Review/CLM-001141_v2.jpg,6f7bbe3019479a7e5bf4ab8ac4259a264ca5d2265cc96e1f470158e0de1bb5ab
CLM-001142,train,Manual Review,1,data/claim_cards/train/Manual Review/CLM-001142_v1.jpg,9e58e14027176296968f8b66a36842e75caa7e25a4489d8eda91d0cb56a50266
CLM-001142,train,Manual Review,2,data/claim_cards/train/Manual Review/CLM-001142_v2.jpg,a8fdb818cb6c9c34df4d5da33f51b6b66d89c64c9a663d2eea48a523aa51ae4f
CLM-001143,train,Manual Review,1,data/claim_cards/train/Manual Review/CLM-001143_v1.jpg,925f313d277262b6219996af04c72bcc54e2fa53a139ebfe12686d505721552c
CLM-001143,train,Manual Review,2,data/claim_cards/train/Manual Review/CLM-001143_v2.jpg,290b59393e8eacf2286289f0609e1a9ac26a310bb88c74f7a6602f2cd9e068b6
CLM-001144,train,Manual Review,1,data/claim_cards/train/Manual Review/CLM-001144_v1.jpg,e076c053763db00e8b48b652af90c5713d2f8c057d45ff24b2abf59947890aac
CLM-001144,train,Manual Review,2,data/claim_cards/train/Manual Review/CLM-001144_v2.jpg,ab936021a955a75f56ec40151958de1242cb46570d76267cc17c9d71d044b251
CLM-001145,train,Manual Review,1,data/claim_cards/train/Manual Review/CLM-001145_v1.jpg,1815e4586fe5ecb2644b988444f92a86de425bd244f81be1bfa9d9a8b858116d
CLM-001145,train,Manual Review,2,data/claim_cards/train/Manual Review/CLM-001145_v2.jpg,ce4d6cc0993f291bdbebba07cc63587d8ce66077d7d15b7fd5346bb0edbc39e7
CLM-001146,train,Manual Review,1,data/claim_cards/train/Manual Review/CLM-001146_v1.jpg,5ccc7ca6ef37041de5e038f41c5c95d04a2e61cab8cb2ae38ed919cb39f3ee72
CLM-001146,train,Manual Review,2,data/claim_cards/train/Manual Review/CLM-001146_v2.jpg,6a78b81cea8801a5019d3901698c753e826bc02f6ba3eed7bf2c4216e8cad24d
CLM-001147,train,Manual Review,1,data/claim_cards/train/Manual Review/CLM-001147_v1.jpg,70a3e2ee95decf035558ab06bad1e31b51aa40b4b5bc9b93ef5d850fa780be3f
CLM-001147,train,Manual Review,2,data/claim_cards/train/Manual Review/CLM-001147_v2.jpg,36fc09eb4a208405f247df379c11a6574de7648888c9857bbfda87ab34acffeb
CLM-001148,train,Manual Review,1,data/claim_cards/train/Manual Review/CLM-001148_v1.jpg,188b90f78da89486d745568c7f7bd1afdd335dcf516cec4e56eedf39f9f04270
CLM-001148,train,Manual Review,2,data/claim_cards/train/Manual Review/CLM-001148_v2.jpg,55130a62e6a6c151e689a33cefa85666be2e541aa9617ea48e95fa90bcb27531
CLM-001149,train,Manual Review,1,data/claim_cards/train/Manual Review/CLM-001149_v1.jpg,f535a0edccbc35da00c6120cff237e4cd4cefaa1450ed2e8a9f7fc74f1318cd9
CLM-001149,train,Manual Review,2,data/claim_cards/train/Manual Review/CLM-001149_v2.jpg,92fac8dfef4c5712eb85ecd70c66f5d3498e72c45da7b8ade720235d5d435a1d
CLM-001150,test,Manual Review,1,data/claim_cards/test/Manual Review/CLM-001150_v1.jpg,126139016e9ab0b8e3978053989988f03b826b0b77497b5724d9aac2adbabd55
CLM-001151,train,Manual Review,1,data/claim_cards/train/Manual Review/CLM-001151_v1.jpg,90fc2deb733c91ac6b5dad7f7d46558b6e73e18edeeb9e780014ce7ab73f5e10
CLM-001151,train,Manual Review,2,data/claim_cards/train/Manual Review/CLM-001151_v2.jpg,f82e35a918165c3a467aa7c33cf106476dfd66787fc921573318deee758fa697
CLM-001152,test,Manual Review,1,data/claim_cards/test/Manual Review/CLM-001152_v1.jpg,fc5150fc784f4992fed801dc3b2f9b61324287634c49a338f1413635495b9f1d
CLM-001153,train,Manual Review,1,data/claim_cards/train/Manual Review/CLM-001153_v1.jpg,6025b6160b812c78485f88b0ded48a78e8ee109afb8c17af6f8f60d7df08cc1e
CLM-001153,train,Manual Review,2,data/claim_cards/train/Manual Review/CLM-001153_v2.jpg,2779c86a5a67df707677e3b5c0ad48c91867a821ee83295bbeda50d7395b8c1c
CLM-001154,train,Manual Review,1,data/claim_cards/train/Manual Review/CLM-001154_v1.jpg,bfa147c0bf38b9bb927fa951afe305840ea95ad522537be3aa1a7fb92497a316
CLM-001154,train,Manual Review,2,data/claim_cards/train/Manual Review/CLM-001154_v2.jpg,69669f9022709862399fcaefde51e1b542ed0a29e7b156de61e522e894514dcd
CLM-001155,train,Manual Review,1,data/claim_cards/train/Manual Review/CLM-001155_v1.jpg,bc6b3eb829afb27d3de76c17670e1a7b0492d21ef34700050855f99fb2380804
CLM-001155,train,Manual Review,2,data/claim_cards/train/Manual Review/CLM-001155_v2.jpg,e75a26ad855195f1943d4193203b90da2aa60eebb1aa33b1f014719ccfcb2dd5
CLM-001156,train,Manual Review,1,data/claim_cards/train/Manual Review/CLM-001156_v1.jpg,bde01b7bb04794362364bb0c9ba92bd6a53c09c07caafa84bf4b0bdf8f528d12
CLM-001156,train,Manual Review,2,data/claim_cards/train/Manual Review/CLM-001156_v2.jpg,45c597f4594e495f38e1c5eee48fc5666c2142791790279b7bed87ef6be6d734
CLM-001157,validation,Manual Review,1,data/claim_cards/validation/Manual Review/CLM-001157_v1.jpg,ad3a6fceb8f06358fb7e49947010180b4a4a55b02d23a91da8d68e6fd373b0ec
CLM-001158,train,Manual Review,1,data/claim_cards/train/Manual Review/CLM-001158_v1.jpg,6b9a7a4a9eb4440132f88d4328d1cf183a0da466aa8d94e8db766207695f8dfd
CLM-001158,train,Manual Review,2,data/claim_cards/train/Manual Review/CLM-001158_v2.jpg,b61a03e37b714bf18222ed24d5a246fa5ad84082bd0cdef8aea142d3b05ba7a8
CLM-001159,train,Manual Review,1,data/claim_cards/train/Manual Review/CLM-001159_v1.jpg,0a2c3d5fcfee15af65526e8df56b9f7672d1c1058a6d1f4ffefe200ff3bfe94e
CLM-001159,train,Manual Review,2,data/claim_cards/train/Manual Review/CLM-001159_v2.jpg,3e0b1655c4b380643f56da00a32f96de023209f477127d03753050cbf932203a
CLM-001160,train,Manual Review,1,data/claim_cards/train/Manual Review/CLM-001160_v1.jpg,da2e33be9d52ffba1dc916e5a24d3f9e6f35e763c54c875af56f2c614e2f1ce2
CLM-001160,train,Manual Review,2,data/claim_cards/train/Manual Review/CLM-001160_v2.jpg,f421226ae9d4db8cd2ba055e28a0320274a775789c50f9173c7b0ff8c0202e0b
CLM-001161,test,Manual Review,1,data/claim_cards/test/Manual Review/CLM-001161_v1.jpg,26f0e4aeff95fac6106114980b91de8829dc496271ed010d31ab3b72b456f0bf
CLM-001162,validation,Manual Review,1,data/claim_cards/validation/Manual Review/CLM-001162_v1.jpg,b7c971c61aece14ecfb8b357894836b4ffb06580a792b311996c982dcbdc5adb
CLM-001163,validation,Manual Review,1,data/claim_cards/validation/Manual Review/CLM-001163_v1.jpg,a3cf5d7d7da7f0ddee47f85c1f1d850e0a0cac8565faa55aab93fe2e5418d65c
CLM-001164,train,Manual Review,1,data/claim_cards/train/Manual Review/CLM-001164_v1.jpg,88f16996087c55885daf34a9b3cd292255841e5008bb5e5dd564f7f72b881299
CLM-001164,train,Manual Review,2,data/claim_cards/train/Manual Review/CLM-001164_v2.jpg,03083d089498b479f3fc84fdcf26284b4a21be7dc4465a524fbb8e2d42b57667
CLM-001165,train,Manual Review,1,data/claim_cards/train/Manual Review/CLM-001165_v1.jpg,e339628db8b01396735a393e75ad3752cebd4339c7dca24ae6e24382c4db8694
CLM-001165,train,Manual Review,2,data/claim_cards/train/Manual Review/CLM-001165_v2.jpg,69d5ba1a080356c38d3490d582268a6024c624a8fa1f35f196522062c5cad711
CLM-001166,train,Manual Review,1,data/claim_cards/train/Manual Review/CLM-001166_v1.jpg,a6b358193204aab507c0666fc16b75383138adc658d170b49b3d8e52260b63c0
CLM-001166,train,Manual Review,2,data/claim_cards/train/Manual Review/CLM-001166_v2.jpg,91c2146cf3bbe16d525cedb5cb2e167d20b5eb2ae49094cbde70e3769b55489b
CLM-001167,test,Manual Review,1,data/claim_cards/test/Manual Review/CLM-001167_v1.jpg,55c4ff2a03f6ec6a0463b4c3b5890703716616f245cec817bfc722c3657e6529
CLM-001168,train,Manual Review,1,data/claim_cards/train/Manual Review/CLM-001168_v1.jpg,e163b5e3e34b36e7d00c1eaa91eea1fc5324def9496467f6154161b7ea360a32
CLM-001168,train,Manual Review,2,data/claim_cards/train/Manual Review/CLM-001168_v2.jpg,33858e220389f07b8433cb0d96dfd430f23f6fa5bb4be4beac55be066d64996b
CLM-001169,train,Manual Review,1,data/claim_cards/train/Manual Review/CLM-001169_v1.jpg,d6b9dd4c7d6e840440b5cf5df3bcbdc3f169f666112e44f02b957e01886d22ae
CLM-001169,train,Manual Review,2,data/claim_cards/train/Manual Review/CLM-001169_v2.jpg,3ba3fc6a53ff065f087ff1fda8ec197eceb26b1752139d8f7d14e69a2e5e8d1e
CLM-001170,test,Manual Review,1,data/claim_cards/test/Manual Review/CLM-001170_v1.jpg,19fd5f40bf995623269b93619510b01ca454aca69b69d0712aae310c4469ed36
CLM-001171,train,Manual Review,1,data/claim_cards/train/Manual Review/CLM-001171_v1.jpg,72050b871131ac3c3b81e87130aa01864f45054a53b96f3c0bb46a3f6e9b4712
CLM-001171,train,Manual Review,2,data/claim_cards/train/Manual Review/CLM-001171_v2.jpg,f923701f9966f95cd0de543948f6ae5606d21827354af45185eb1a6e2f3d5761
CLM-001172,validation,Manual Review,1,data/claim_cards/validation/Manual Review/CLM-001172_v1.jpg,f27a5038fae7d2af5e8509b7d1f981d20d6d3d7f4df361e20794391fecf6de24
CLM-001173,train,Manual Review,1,data/claim_cards/train/Manual Review/CLM-001173_v1.jpg,d63c37384a652b94731b134d7dd549301cf4feb726751de290fd68592df0b855
CLM-001173,train,Manual Review,2,data/claim_cards/train/Manual Review/CLM-001173_v2.jpg,971212d2526a1db8252b6106dc659059bb30a9e043e39be16a3459bf8ba54801
CLM-001174,train,Manual Review,1,data/claim_cards/train/Manual Review/CLM-001174_v1.jpg,ef0cb697c3deeb6978c142b972f4354d2afec26871e5d10094be0fff509bc57c
CLM-001174,train,Manual Review,2,data/claim_cards/train/Manual Review/CLM-001174_v2.jpg,0c8fd966812c456ab12b1056b88e472f281850d1100fca0123c1f6b72a2d242f
CLM-001175,test,Manual Review,1,data/claim_cards/test/Manual Review/CLM-001175_v1.jpg,c5e0cb0e93bbea0427bb16c362668c6fd1804b387897b32d5b56eef86f23e73b
CLM-001176,train,Manual Review,1,data/claim_cards/train/Manual Review/CLM-001176_v1.jpg,223d0e12cc125800a4098bb16eae90b36b6346d98879ed218be6e8795e208e9e
CLM-001176,train,Manual Review,2,data/claim_cards/train/Manual Review/CLM-001176_v2.jpg,7fd13663ab9810d7532fa346d12230fb10416e771ef1abf2ae6d077dcb81336d
CLM-001177,train,Manual Review,1,data/claim_cards/train/Manual Review/CLM-001177_v1.jpg,97c6fdcc622682181ef67f2389cdd2b787f8da31aee5bc9dae1450feb10f060c
CLM-001177,train,Manual Review,2,data/claim_cards/train/Manual Review/CLM-001177_v2.jpg,43b0e1b801dc1bc26a2c48760c00b7c56d3c6295d429a295e42f88337b8880c9
CLM-001178,train,Manual Review,1,data/claim_cards/train/Manual Review/CLM-001178_v1.jpg,b4bea76509388e8a3bb90c0f92262c0b9875e6475a6e2fca268911a28a830391
CLM-001178,train,Manual Review,2,data/claim_cards/train/Manual Review/CLM-001178_v2.jpg,a5ae1fb4b684fa5f6ea38d35f6bc919c3af8985864d2f77f1dd5054174ccaed6
CLM-001179,train,Manual Review,1,data/claim_cards/train/Manual Review/CLM-001179_v1.jpg,a2bd299a6b45eb3ce11d853b5b83a3b613d80987bd4229c23b9117f77596e7f0
CLM-001179,train,Manual Review,2,data/claim_cards/train/Manual Review/CLM-001179_v2.jpg,d1744ca6ed99d821959bbaf0bca6c2d39be2af96c2566829805b9895566f1114
CLM-001180,train,Manual Review,1,data/claim_cards/train/Manual Review/CLM-001180_v1.jpg,cbdd11661a7163b3d289050da69c5758b989fd3be18d43db45097bdd81904ac9
CLM-001180,train,Manual Review,2,data/claim_cards/train/Manual Review/CLM-001180_v2.jpg,f12ba2e96a762a01d7c5630f080d04011290f6b7e9dca1cc63148ccda407cf37
CLM-001181,train,Manual Review,1,data/claim_cards/train/Manual Review/CLM-001181_v1.jpg,5ed4f5475f538e3997474ea20d2aa653ca73833f6c969f90f9c1e1fdc22b29c6
CLM-001181,train,Manual Review,2,data/claim_cards/train/Manual Review/CLM-001181_v2.jpg,fac836d5545e6a914a9f80ea9b5549d1733b38da67c45a3a60d9fd143b85c2f8
CLM-001182,train,Manual Review,1,data/claim_cards/train/Manual Review/CLM-001182_v1.jpg,a19bcd944ba06d1511e8b7f6ebf6c6f274bf49efba48994f58f8e7aafadb643b
CLM-001182,train,Manual Review,2,data/claim_cards/train/Manual Review/CLM-001182_v2.jpg,ef0b226b930a4da64cdda939cbd675ea8c59afe764cace3a747784e026a788a7
CLM-001183,train,Manual Review,1,data/claim_cards/train/Manual Review/CLM-001183_v1.jpg,a890c35fadfbcf453b3e9e638fa209f86a5682a1600da5773b50ededdcf5d6fb
CLM-001183,train,Manual Review,2,data/claim_cards/train/Manual Review/CLM-001183_v2.jpg,76a72aa6a39daa543a27dc7529fbe8154fe666ccb2539c71c6ffa9fd584238ed
CLM-001184,train,Manual Review,1,data/claim_cards/train/Manual Review/CLM-001184_v1.jpg,0492364014a82e0e2b55374c5b3a11d41eba3a2b32b9419f44d72279bdced977
CLM-001184,train,Manual Review,2,data/claim_cards/train/Manual Review/CLM-001184_v2.jpg,c96024254677ddfa1907b8a7a3c30fbdee0312c00de5fd50d802745e4e2333c5
CLM-001185,train,Manual Review,1,data/claim_cards/train/Manual Review/CLM-001185_v1.jpg,ff54d2d7af2be12574b3f7c627d28b1bc93f06423d23fef0883abac5de253598
CLM-001185,train,Manual Review,2,data/claim_cards/train/Manual Review/CLM-001185_v2.jpg,2b87ff17cae31258da5e5bcd08e7ae8003d99dd6dfef5008001ecc091e313f17
CLM-001186,train,Manual Review,1,data/claim_cards/train/Manual Review/CLM-001186_v1.jpg,3346ac320743908575a940be40b29a2e339ecc0180aff783d70728ad477f7593
CLM-001186,train,Manual Review,2,data/claim_cards/train/Manual Review/CLM-001186_v2.jpg,c42bca12807c8916f6b3052c1d8de4cf169c3110b6595b76a38f4610825258ff
CLM-001187,train,Manual Review,1,data/claim_cards/train/Manual Review/CLM-001187_v1.jpg,46bdd83f03a66fc646b91c3fd5223745f1d6d1a0b4e9a5d665b5225ee2a29ccd
CLM-001187,train,Manual Review,2,data/claim_cards/train/Manual Review/CLM-001187_v2.jpg,3b80ae04ee257d20dd04c78a052046ba4f52d073dfb8196478877c3b227ef0fb
CLM-001188,test,Manual Review,1,data/claim_cards/test/Manual Review/CLM-001188_v1.jpg,8b4ef63aaa202f022ab0f719b98af869ba5f573d9cb1f45b75ec294a61a3e4f3
CLM-001189,test,Manual Review,1,data/claim_cards/test/Manual Review/CLM-001189_v1.jpg,ee3d515ddc93f6be9f24ac75836961cc17edb7de9812ef6a80e07982e829616d
CLM-001190,test,Manual Review,1,data/claim_cards/test/Manual Review/CLM-001190_v1.jpg,f6c5ac22d9755f47f02fc58c127d93da91d5fa3cd53e67100bc512558da9e129
CLM-001191,validation,Manual Review,1,data/claim_cards/validation/Manual Review/CLM-001191_v1.jpg,4ec79d256c3f0321763fce41680800bca784aadfe8648a0a91760c6886880790
CLM-001192,test,Manual Review,1,data/claim_cards/test/Manual Review/CLM-001192_v1.jpg,da0ff60ef031266931aca3959b12261be300a1daccd0c1877ff3475faadfe9df
CLM-001193,train,Manual Review,1,data/claim_cards/train/Manual Review/CLM-001193_v1.jpg,6ab452c704d06eb33a37b802df264228e294c2691889dc6d269bd3d0894eb6c8
CLM-001193,train,Manual Review,2,data/claim_cards/train/Manual Review/CLM-001193_v2.jpg,8db39bc506ea7f97b281fc42b9b06568993b8c09fe1307946144325b5e10a040
CLM-001194,train,Manual Review,1,data/claim_cards/train/Manual Review/CLM-001194_v1.jpg,4547b20f842a0a32aa0fafa579f3a3083f6c92c15bd1159555d0a25f0435c31c
CLM-001194,train,Manual Review,2,data/claim_cards/train/Manual Review/CLM-001194_v2.jpg,3e72aa89ceb1de0725e2968e108e34bef53ec4a674aff754d10ee30c485d3507
CLM-001195,train,Manual Review,1,data/claim_cards/train/Manual Review/CLM-001195_v1.jpg,545b7ef5068b9594687eeda5a9de2a6246337b3cbdc0d846a3ed363e42ddaa76
CLM-001195,train,Manual Review,2,data/claim_cards/train/Manual Review/CLM-001195_v2.jpg,a46e1dc8534584aa626ab528998a90b5412346d1332d2a39c41bbb1efd6e13b5
CLM-001196,train,Manual Review,1,data/claim_cards/train/Manual Review/CLM-001196_v1.jpg,bb8b3b9d0bbd4248c757a19e27e07d7abe81905e08582f7681f0ab694dea9948
CLM-001196,train,Manual Review,2,data/claim_cards/train/Manual Review/CLM-001196_v2.jpg,4ccc70a6daeb7a4397bf8780052874224f107d034cc9713e23f144c2522b2237
CLM-001197,train,Manual Review,1,data/claim_cards/train/Manual Review/CLM-001197_v1.jpg,e62bf153f13608ce2a604dc01cedda70a0529925010a3ab299abe862ddf173d6
CLM-001197,train,Manual Review,2,data/claim_cards/train/Manual Review/CLM-001197_v2.jpg,d5604398606333d0370e9e2786d98ec130861319aaa85112f0522f9f228435ea
CLM-001198,train,Manual Review,1,data/claim_cards/train/Manual Review/CLM-001198_v1.jpg,d26ec2127a65ac6047718b9eefbf7be472f982638f02958052a287a37215ac42
CLM-001198,train,Manual Review,2,data/claim_cards/train/Manual Review/CLM-001198_v2.jpg,928c4bccea32ec81d548b6ee61f002002388fce955655ebeb13c74e062219cef
CLM-001199,train,Manual Review,1,data/claim_cards/train/Manual Review/CLM-001199_v1.jpg,71a29d221a2a351801b2a984f76ea2f44beba7d9ec2df9e6a98c7c40bb537387
CLM-001199,train,Manual Review,2,data/claim_cards/train/Manual Review/CLM-001199_v2.jpg,118f384cc7fb222a32668166bfd3e7b227171306bd78343132538bb45362970d
CLM-001200,train,Manual Review,1,data/claim_cards/train/Manual Review/CLM-001200_v1.jpg,1cc097f19fa5a910b0024d1b834cc845804738dd48709e851ec53ff35ed64167
CLM-001200,train,Manual Review,2,data/claim_cards/train/Manual Review/CLM-001200_v2.jpg,ead068e7ec90dfdc7d38a339e49556565c1c405a40bc7055bf7b609d517742d7
CLM-001201,validation,Manual Review,1,data/claim_cards/validation/Manual Review/CLM-001201_v1.jpg,74d28a1bf6c30c94765390be2060c903b718ea3a1218d422fccc7695e3095cc4
CLM-001202,validation,Manual Review,1,data/claim_cards/validation/Manual Review/CLM-001202_v1.jpg,6eea52e70649a7d8b29be09de6687c5e62932e811230c291bbcbf2fb318d8b9e
CLM-001203,train,Manual Review,1,data/claim_cards/train/Manual Review/CLM-001203_v1.jpg,89e2b1a72e76f75b872c1da7af76561e6c2db991c08f7248b3cbf5eeab6334c9
CLM-001203,train,Manual Review,2,data/claim_cards/train/Manual Review/CLM-001203_v2.jpg,2ee292be44f57bdc244f5a91959f7ad7205abcbbc42cf5dbf7e135372f943721
CLM-001204,train,Manual Review,1,data/claim_cards/train/Manual Review/CLM-001204_v1.jpg,14d609255feb22a725de97f0cac3e383c45d5dded3da1fe617378edd5dd43aa5
CLM-001204,train,Manual Review,2,data/claim_cards/train/Manual Review/CLM-001204_v2.jpg,82b9f29982e62d208f900852b1d933515c2c1870bab3f2cca8bc89edc6a1bc52
CLM-001205,train,Manual Review,1,data/claim_cards/train/Manual Review/CLM-001205_v1.jpg,8b3f91cc8a9dd550ad76110c064d2f0fb481ef8d493ca700a677e0bf094169d5
CLM-001205,train,Manual Review,2,data/claim_cards/train/Manual Review/CLM-001205_v2.jpg,53cdc6c2e62f41a481effe3040f402d69750032b8c7749ec21a32247689c07d3
CLM-001206,test,Manual Review,1,data/claim_cards/test/Manual Review/CLM-001206_v1.jpg,5cfbad1b318f7c080ca9c6474e2caddccec3d0e5aac8961a14254e704c8aaaed
CLM-001207,train,Manual Review,1,data/claim_cards/train/Manual Review/CLM-001207_v1.jpg,6409613aaa6b8c836bafbf8bf87b3da2b20d401eb2eb8b55e0a6a84b09720177
CLM-001207,train,Manual Review,2,data/claim_cards/train/Manual Review/CLM-001207_v2.jpg,3c8f5c94cb7621ce940f8b6e7b4a7cd514de0612d99c7227f4d167f69ec85ef8
CLM-001208,validation,Manual Review,1,data/claim_cards/validation/Manual Review/CLM-001208_v1.jpg,a21e717acc8f6965a91367dd211829bafddcd4d393dd580274e8f5db40f0026d
CLM-001209,train,Manual Review,1,data/claim_cards/train/Manual Review/CLM-001209_v1.jpg,02972857a1f4b49a413e54a9742afa00ce7c5899a82f69b26329e41411f9abc0
CLM-001209,train,Manual Review,2,data/claim_cards/train/Manual Review/CLM-001209_v2.jpg,7929b8bd80e49e513be931c6ddf0385ab82750565da9c03eb3a0e8125e6cf845
CLM-001210,train,Manual Review,1,data/claim_cards/train/Manual Review/CLM-001210_v1.jpg,f9a772e9d799609c31e60a6045017393dcb73ebcf67351bd726dbf1fa4acaf6c
CLM-001210,train,Manual Review,2,data/claim_cards/train/Manual Review/CLM-001210_v2.jpg,44e8938a6f12a1f9da4e56fed11cd07123387c79a06294c83e92269228415b95
CLM-001211,train,Manual Review,1,data/claim_cards/train/Manual Review/CLM-001211_v1.jpg,9912a4b115716f8181d97b9dcc90f725506eabc97895b929d1e508e964cc9992
CLM-001211,train,Manual Review,2,data/claim_cards/train/Manual Review/CLM-001211_v2.jpg,2443cddadf208ba46b819ed3b58cf03a612fab000807a98b52fda5a8175632fc
CLM-001212,train,Manual Review,1,data/claim_cards/train/Manual Review/CLM-001212_v1.jpg,183c7da0701657db978e4edf8c8e0d2326cca50ce91d18b890ec0e9a8b7d2cbd
CLM-001212,train,Manual Review,2,data/claim_cards/train/Manual Review/CLM-001212_v2.jpg,0aae68b3b9dc6c936505f2499afbe6c086a55dafa6a06dc59671f6f398f2e711
CLM-001213,validation,Manual Review,1,data/claim_cards/validation/Manual Review/CLM-001213_v1.jpg,7f7b8e988752824bbe7537dc5309ecb26f9ee803e8d16e5c079647848d656f35
CLM-001214,validation,Manual Review,1,data/claim_cards/validation/Manual Review/CLM-001214_v1.jpg,cf6d9a2df1f22135f1be044ba13ea766fe8fa3cce78fe8a19ffd7cee1b5cc7f0
CLM-001215,test,Manual Review,1,data/claim_cards/test/Manual Review/CLM-001215_v1.jpg,6680b6086a8091220b486c106f9bf31b4a4ce16d426f3aad9e7ed0feaef98d03
CLM-001216,validation,Manual Review,1,data/claim_cards/validation/Manual Review/CLM-001216_v1.jpg,47a7c95f0f5656b4af873479d42b5f4c52c582f0b84fef8ea2ef4468c6820cd5
CLM-001217,validation,Manual Review,1,data/claim_cards/validation/Manual Review/CLM-001217_v1.jpg,76f52a5267b449d4715fc0bf16ad8347cde436d19d6c1d3c13ef30eb309642af
CLM-001218,validation,Manual Review,1,data/claim_cards/validation/Manual Review/CLM-001218_v1.jpg,1bb361b0853a6d4c45917b8002b309fb76fda8025b2f3f3631a7200297ecd4e9
CLM-001219,train,Manual Review,1,data/claim_cards/train/Manual Review/CLM-001219_v1.jpg,c3147ac5735964a0c5206e8087fdbaf9a0dc2382f3cd2270cc6ad47726fc2f1d
CLM-001219,train,Manual Review,2,data/claim_cards/train/Manual Review/CLM-001219_v2.jpg,0c0778277c75143fe6f6b43b1338dd74c348bea2d7be1e781815e3f8ba1a3fad
CLM-001220,train,Manual Review,1,data/claim_cards/train/Manual Review/CLM-001220_v1.jpg,8652a29d91d2bbc697ac0a094c7b60e31bc9394de70860ea7bec1e54b9a8b0b6
CLM-001220,train,Manual Review,2,data/claim_cards/train/Manual Review/CLM-001220_v2.jpg,47df069cd6478aa6ee45ba34ba46364a7670bbfa0cbb1a524d979e1c9cc8ff91
CLM-001221,train,Manual Review,1,data/claim_cards/train/Manual Review/CLM-001221_v1.jpg,62ffa06aeeb66cb42da8868a439d55d030d7aac2a5bdae40d1fcdf0c59f2017c
CLM-001221,train,Manual Review,2,data/claim_cards/train/Manual Review/CLM-001221_v2.jpg,0b053021ec5cbd61a21b3892a1803d2b4941de9dae67d38feadf8ca1673a99bf
CLM-001222,train,Manual Review,1,data/claim_cards/train/Manual Review/CLM-001222_v1.jpg,8533b3f3c6e51972bb0d3ab6847ba3e1f1b30ae2d9fd03d60f9a22940c5e0200
CLM-001222,train,Manual Review,2,data/claim_cards/train/Manual Review/CLM-001222_v2.jpg,0a54270aca67961a1bfce80a3c58f3eb817218a9f0082288be28b27faa755729
CLM-001223,train,Manual Review,1,data/claim_cards/train/Manual Review/CLM-001223_v1.jpg,2eb136bb8bd931033b14c8f052fb6392d335d644f4d7ad6e0a7e647adf18f8a0
CLM-001223,train,Manual Review,2,data/claim_cards/train/Manual Review/CLM-001223_v2.jpg,c38e38473c07abc4e56959be85229c9239e6a807f2b4f1bb78bc3357392bf084
CLM-001224,train,Manual Review,1,data/claim_cards/train/Manual Review/CLM-001224_v1.jpg,c067359bc59011b97c7bbceff0b07e1161dc6d9929cdfd9077fd8d48cf9b00f2
CLM-001224,train,Manual Review,2,data/claim_cards/train/Manual Review/CLM-001224_v2.jpg,a38f4da9488d5e9f6161e0fc8797f6af8c8bbd65b9ec8bb0bb9182f55415da13
CLM-001225,train,Manual Review,1,data/claim_cards/train/Manual Review/CLM-001225_v1.jpg,d98c8713b967b017178e569f3a3db4059557e23c5a80483c5ea68acc49cef442
CLM-001225,train,Manual Review,2,data/claim_cards/train/Manual Review/CLM-001225_v2.jpg,9cf3ea195f5b6b4a7737e68311ba6b1dd7d725e661363a03e9e96a172ef861aa
CLM-001226,train,Manual Review,1,data/claim_cards/train/Manual Review/CLM-001226_v1.jpg,e2b2d14ffbde769af77799ed6affbaf21937d12e84ced35525f1d152adea5745
CLM-001226,train,Manual Review,2,data/claim_cards/train/Manual Review/CLM-001226_v2.jpg,cd7bd92ce4d21bea548a7b71d6d85c7d2b5d10428254c6fa0de1ef8f35d74a9c
CLM-001227,validation,Manual Review,1,data/claim_cards/validation/Manual Review/CLM-001227_v1.jpg,e898b30062386b3ecbba7da56dbdd552002f7b68d5954a846f13593aeff38183
CLM-001228,train,Manual Review,1,data/claim_cards/train/Manual Review/CLM-001228_v1.jpg,8c5a786f8d841f73e26a310e93db3f1521c960da87c9eac66125e1d78873488f
CLM-001228,train,Manual Review,2,data/claim_cards/train/Manual Review/CLM-001228_v2.jpg,93163222d630b0fc2693649e7a38cfb11885bfbc0159f8578988541eb1e18818
CLM-001229,train,Manual Review,1,data/claim_cards/train/Manual Review/CLM-001229_v1.jpg,be630a3ee64529d1e588fd142f812a03ab8bd3ab8abd461357c5bcbb9802a28a
CLM-001229,train,Manual Review,2,data/claim_cards/train/Manual Review/CLM-001229_v2.jpg,85f60712e0afc1efd30f954a818f7d74eb18eb8993d020ca305fad346788b100
CLM-001230,train,Manual Review,1,data/claim_cards/train/Manual Review/CLM-001230_v1.jpg,e8e7cd0cae184a6892e72b82a869514ed681e3b68c9b0660324270dc8b29ec1e
CLM-001230,train,Manual Review,2,data/claim_cards/train/Manual Review/CLM-001230_v2.jpg,7f6764a55b873069ee639488eb7d3686cd79b4e34a905c045211c33368136a13
CLM-001231,validation,Manual Review,1,data/claim_cards/validation/Manual Review/CLM-001231_v1.jpg,695ecd7ef0bfb396348716772c960f6eb4a12033b4730570a8c687e9ff8f2278
CLM-001232,train,Manual Review,1,data/claim_cards/train/Manual Review/CLM-001232_v1.jpg,4313e06ab081698266d1cc450518ec1bf4ac0a24651f597c7132103efcdada27
CLM-001232,train,Manual Review,2,data/claim_cards/train/Manual Review/CLM-001232_v2.jpg,fa159036ece257f2db6490fe2c0f50df06baaab3f58159ec336935d718cfbe0c
CLM-001233,train,Manual Review,1,data/claim_cards/train/Manual Review/CLM-001233_v1.jpg,5d9bd65520e79cd4d6b3bb85582fc9c5f9ddf135cc88b4ac8e217f3da8364258
CLM-001233,train,Manual Review,2,data/claim_cards/train/Manual Review/CLM-001233_v2.jpg,3fb7ba8ba5e90de9f3e4432c9b887caf505048253c294d6672e00977855b5be1
CLM-001234,train,Manual Review,1,data/claim_cards/train/Manual Review/CLM-001234_v1.jpg,dd32c26085d9eb1eb78e62390125114730860c440e02befccd1b5cabc566e10b
CLM-001234,train,Manual Review,2,data/claim_cards/train/Manual Review/CLM-001234_v2.jpg,27d9b41a2876961c7025f58123cd0d0dadd6a6a40aee1ffbf36f43ec31c5f531
CLM-001235,train,Manual Review,1,data/claim_cards/train/Manual Review/CLM-001235_v1.jpg,fbe3c2d755028f7e7afeec92a8a92d7f38828d9ae47451276465c797a43cd04f
CLM-001235,train,Manual Review,2,data/claim_cards/train/Manual Review/CLM-001235_v2.jpg,31d581b51ea9a48ba030b772af78e7959c5a7ccbf817c01ee4a0971aed2e84c7
CLM-001236,test,Manual Review,1,data/claim_cards/test/Manual Review/CLM-001236_v1.jpg,5f079ce898dc19ab1f108a95744fbbeeee17c85e2c6c1c8e543592c9e5401092
CLM-001237,validation,Manual Review,1,data/claim_cards/validation/Manual Review/CLM-001237_v1.jpg,44bda5b3ceeeaf3c692c06463dc1d4f02ddb0d55a27264875213447c05852c14
CLM-001238,train,Manual Review,1,data/claim_cards/train/Manual Review/CLM-001238_v1.jpg,4dd09f31a0781b253cd4801dcec588e10d5e10c15a76b235624e0e4edcd7a789
CLM-001238,train,Manual Review,2,data/claim_cards/train/Manual Review/CLM-001238_v2.jpg,f943be86b92839569383756561ee1957605d9d8e8efc4f412f6163fcef607757
CLM-001239,train,Manual Review,1,data/claim_cards/train/Manual Review/CLM-001239_v1.jpg,5c2fe223af7f93d56afb8145c5c394ff8f6e09900ff7f46fbeca4394837d4b0a
CLM-001239,train,Manual Review,2,data/claim_cards/train/Manual Review/CLM-001239_v2.jpg,2c6b7ecc927dca378dc8fc8c401fc69673bb055e31e7c9599faa2385e8b88d0e
CLM-001240,train,Manual Review,1,data/claim_cards/train/Manual Review/CLM-001240_v1.jpg,05ad96fd647e5df8d9f911f2dfcbc56fc65b0e20b3f268228c4b95552f01c5da
CLM-001240,train,Manual Review,2,data/claim_cards/train/Manual Review/CLM-001240_v2.jpg,8f3c49d65ea922f2f003172fc35c9b5d32ed60b43b46cf3e85e6fc82957e57af
CLM-001241,train,Manual Review,1,data/claim_cards/train/Manual Review/CLM-001241_v1.jpg,fb147d8ed97679f7e1fe89a544cf60ecf20a84cae4e32b1c8f9a2f21531de02f
CLM-001241,train,Manual Review,2,data/claim_cards/train/Manual Review/CLM-001241_v2.jpg,ac2d743d4cc951b8933ea55b3e21feea2ccd0e8707d672b2bb5ce2be7e2ce93e
CLM-001242,test,Manual Review,1,data/claim_cards/test/Manual Review/CLM-001242_v1.jpg,5885f08e0d15e5a5a40776d5e3d70bc562ec9a1ed3070e80588ab57cae0fe517
CLM-001243,train,Manual Review,1,data/claim_cards/train/Manual Review/CLM-001243_v1.jpg,2a1fbcda514b9fbbba4722e5b468a795da5b0387085317e95ee7235546fe4eca
CLM-001243,train,Manual Review,2,data/claim_cards/train/Manual Review/CLM-001243_v2.jpg,fbc283a4be734e4b2f3b82c7c65c6deb1669b496323158e87e0238a81d722709
CLM-001244,test,Manual Review,1,data/claim_cards/test/Manual Review/CLM-001244_v1.jpg,d38963929f58085e9a8c4ddc4bb90aab56200eff7cee33b43178e05229b457b6
CLM-001245,train,Manual Review,1,data/claim_cards/train/Manual Review/CLM-001245_v1.jpg,38297e55a70597e07967a34404939238c85545e40da6d65f00766cb6210efd6e
CLM-001245,train,Manual Review,2,data/claim_cards/train/Manual Review/CLM-001245_v2.jpg,cdad76f19b330fb80ee78e97de1dcb44f83820cf235248eafc280e409958837b
CLM-001246,train,Manual Review,1,data/claim_cards/train/Manual Review/CLM-001246_v1.jpg,83ce9338a00f69cce300d59387da7e7d8762bd274c8d1c1da4230e72ea626e3e
CLM-001246,train,Manual Review,2,data/claim_cards/train/Manual Review/CLM-001246_v2.jpg,a772d44503ef37e22a6f67a20d9f4c76d94322d77077d7fb2542aeaff86447f7
CLM-001247,train,Manual Review,1,data/claim_cards/train/Manual Review/CLM-001247_v1.jpg,5ace07ccf219f9d24d02004ce16f52fffaa6ffef53dd5b6d3fdfe982d7674c02
CLM-001247,train,Manual Review,2,data/claim_cards/train/Manual Review/CLM-001247_v2.jpg,d93974e1602a25f81f92b42ea338751b969833c754fb8cbc1c1dfd341414a9f7
CLM-001248,train,Manual Review,1,data/claim_cards/train/Manual Review/CLM-001248_v1.jpg,16b6ff0c7618256e5e8d3378cf9de6abdde761c4c6ceb1ed4f5ccb7194923d24
CLM-001248,train,Manual Review,2,data/claim_cards/train/Manual Review/CLM-001248_v2.jpg,2215b3ddfebcd23aa8d0a3c8b79d3e3de301f49d4c18194c2dc778855de726a5
CLM-001249,train,Manual Review,1,data/claim_cards/train/Manual Review/CLM-001249_v1.jpg,a0a4030f2ea62c5ddc83d76c389ff659c92f81a8d17a04d06ccf6fc8507daabe
CLM-001249,train,Manual Review,2,data/claim_cards/train/Manual Review/CLM-001249_v2.jpg,f34624f7f2299688fe4d25f3c05f2c8b7d71dff867b47806dfa849048d0761b1
CLM-001250,train,Manual Review,1,data/claim_cards/train/Manual Review/CLM-001250_v1.jpg,395a2254b6ae9217c91b18b8eed6727c33f0f0c808753aafc0d753ef720ef8dc
CLM-001250,train,Manual Review,2,data/claim_cards/train/Manual Review/CLM-001250_v2.jpg,4ece398cae53e684914e09c16cc8b85df548348f185a3874e6697e857762cd01
CLM-001251,train,Manual Review,1,data/claim_cards/train/Manual Review/CLM-001251_v1.jpg,223211695a35118fbf09d8954e05264069c5fd4388fb326ca7e1b2782fc7f299
CLM-001251,train,Manual Review,2,data/claim_cards/train/Manual Review/CLM-001251_v2.jpg,7d75e17d3e2da1ae64d180c029fdcac9677a290a7521821f831e66c89044f8da
CLM-001252,validation,Manual Review,1,data/claim_cards/validation/Manual Review/CLM-001252_v1.jpg,a05658adb73fd8c8e852aa25c4b90d5878a1df2d28acb4424613e619f8e97c17
CLM-001253,test,Manual Review,1,data/claim_cards/test/Manual Review/CLM-001253_v1.jpg,0ce799280ab341c1ead86c1f01fedf0c6dfd33753578c52dfedd98e9b9f30b93
CLM-001254,train,Manual Review,1,data/claim_cards/train/Manual Review/CLM-001254_v1.jpg,319c0ac0cc58359694957184057027b86c5773bebbf9f07769164ae35594fd36
CLM-001254,train,Manual Review,2,data/claim_cards/train/Manual Review/CLM-001254_v2.jpg,84f9e3bfb5fe5496321530ec44a508b8734a6902ce550fdad0c5b6963610de9b
CLM-001255,validation,Manual Review,1,data/claim_cards/validation/Manual Review/CLM-001255_v1.jpg,1192af50edf9ca900c38b71c641998b7924a9a429c5c245017bf9bd8885749fa
CLM-001256,train,Manual Review,1,data/claim_cards/train/Manual Review/CLM-001256_v1.jpg,e33e2d3e43720e62cebd69e21f00e21133b203c4e4eccfa95861891f7c141f8e
CLM-001256,train,Manual Review,2,data/claim_cards/train/Manual Review/CLM-001256_v2.jpg,161ab736f968700520b33dde189d091604436345fd95b81e81aff0707635dcc0
CLM-001257,validation,Manual Review,1,data/claim_cards/validation/Manual Review/CLM-001257_v1.jpg,6a9943ca8fb03dc4e47a065069de0fe874f9c57f82768039a2ddd9d4c717b0e1
CLM-001258,test,Manual Review,1,data/claim_cards/test/Manual Review/CLM-001258_v1.jpg,3e1d7a226a34644f9ce117623f51b67a8c02ed57c39540f49fae96e6cebb532f
CLM-001259,train,Manual Review,1,data/claim_cards/train/Manual Review/CLM-001259_v1.jpg,82899c0a1113a28dc33e0c31b01f7c0b4bc9fc8a0288f978e9fee819fff31257
CLM-001259,train,Manual Review,2,data/claim_cards/train/Manual Review/CLM-001259_v2.jpg,dab8194aa226081f5191a61695bb3886bc7199e144d5e9166dc4384bc0bc1f70
CLM-001260,validation,Manual Review,1,data/claim_cards/validation/Manual Review/CLM-001260_v1.jpg,276efb105c1c313ace0db3e273eefb74af79545a7db9492bda709b65336c489b
CLM-001261,validation,Manual Review,1,data/claim_cards/validation/Manual Review/CLM-001261_v1.jpg,641a1f8dbaa9ac3ff4402d9cb281add0b1c46b34221be2d37c19fbcef7bdadc7
CLM-001262,train,Manual Review,1,data/claim_cards/train/Manual Review/CLM-001262_v1.jpg,4f5c2d3433fca09ef4bcfcf23783a4563b76d0259eac12cff14b8dc51bbee784
CLM-001262,train,Manual Review,2,data/claim_cards/train/Manual Review/CLM-001262_v2.jpg,3c2634801a73af532fbfd9de2dc9031d52d8c3e021961740604474bded6d578b
CLM-001263,train,Manual Review,1,data/claim_cards/train/Manual Review/CLM-001263_v1.jpg,e3818c3918ea5a6742e376ee29d5e80bd36e317869ddfd98fd14f06c06912c0c
CLM-001263,train,Manual Review,2,data/claim_cards/train/Manual Review/CLM-001263_v2.jpg,b08e7ce70dd665784a96f0f4eb688ceecf9659b76334a6878ea06531c4bf6913
CLM-001264,test,Manual Review,1,data/claim_cards/test/Manual Review/CLM-001264_v1.jpg,c96b8fec44d196ec47e57ee351f84de925393282c150a013e953f4ea0025cc64
CLM-001265,test,Manual Review,1,data/claim_cards/test/Manual Review/CLM-001265_v1.jpg,e1dd920772da3203ebd1dbad55e2603abe61ba7a7d7a9c7b773dc8d47c2bdedc
CLM-001266,train,Manual Review,1,data/claim_cards/train/Manual Review/CLM-001266_v1.jpg,4b37ece80b4f44c57d9e77f88911240142dec63a31395bd894ce6a5cf6b1a508
CLM-001266,train,Manual Review,2,data/claim_cards/train/Manual Review/CLM-001266_v2.jpg,f4f9fc83cfacc1c100fc43b521dd150531a20f1115b038610341494bca3ae8a0
CLM-001267,train,Manual Review,1,data/claim_cards/train/Manual Review/CLM-001267_v1.jpg,5983436b7caf369bca218cb5cd26df739224c51a5e71ff2346d19a784f9450be
CLM-001267,train,Manual Review,2,data/claim_cards/train/Manual Review/CLM-001267_v2.jpg,dc30c9e5e8eb1d2332effce82965f300bc1e9464ca9dd5bf9836104876f5554a
CLM-001268,validation,Manual Review,1,data/claim_cards/validation/Manual Review/CLM-001268_v1.jpg,afad1a7a7a0567f4845204f2c912ff27518d0406920315a4644875e0e991da6d
CLM-001269,train,Manual Review,1,data/claim_cards/train/Manual Review/CLM-001269_v1.jpg,7c3f7a52902a5861ea19630346fb12a509f97ed71870cb749b5fd411531517b6
CLM-001269,train,Manual Review,2,data/claim_cards/train/Manual Review/CLM-001269_v2.jpg,58d39b3a1af68e37c379c65f1d339a1d0d2f8631863719f575fe22dcdba25c77
CLM-001270,validation,Manual Review,1,data/claim_cards/validation/Manual Review/CLM-001270_v1.jpg,5f78bbc0633152b78b0a0005b94447e4476e569ced084baef6ccf249641f4074
CLM-001271,test,Manual Review,1,data/claim_cards/test/Manual Review/CLM-001271_v1.jpg,19f2bef441b3478bde482eaf20727e067cdcc03a5023b63f263bf9bac6c1d413
CLM-001272,train,Manual Review,1,data/claim_cards/train/Manual Review/CLM-001272_v1.jpg,dcb6fe34bf27d5543e8cc50c5a56e49d31b6f562432616a5df9f3238dda6df54
CLM-001272,train,Manual Review,2,data/claim_cards/train/Manual Review/CLM-001272_v2.jpg,6aa3e14429cec476cd5e691548bdd9c7ee1e4e13ea4c8bd92217728062712962
CLM-001273,train,Manual Review,1,data/claim_cards/train/Manual Review/CLM-001273_v1.jpg,3b7126bee3fc753f88f85368865dccf9d32010423394fbca3874ef24d19a116f
CLM-001273,train,Manual Review,2,data/claim_cards/train/Manual Review/CLM-001273_v2.jpg,28078be89f5ccd7c0f9b79fee8ba716453890b0d0678d8bbcee67b80841094f0
CLM-001274,test,Manual Review,1,data/claim_cards/test/Manual Review/CLM-001274_v1.jpg,e9b11e47eae5c27a326077725f772662eb60d58029293c3e12a5bf0a1efe467f
CLM-001275,train,Manual Review,1,data/claim_cards/train/Manual Review/CLM-001275_v1.jpg,fbb2c81683a1aaf617f5bce07be670ee8d233369911460e306b4197e6eb090ad
CLM-001275,train,Manual Review,2,data/claim_cards/train/Manual Review/CLM-001275_v2.jpg,3e5bbf4c3709b7ca98066cba5aaef1ab3e6fc4d4cf2b8689ee7b3170e5d6c088
CLM-001276,train,Manual Review,1,data/claim_cards/train/Manual Review/CLM-001276_v1.jpg,0acbb9e8743d66b26d838d04fd8c6c843a7dfcf14aebd05ec8348a98548e8ba0
CLM-001276,train,Manual Review,2,data/claim_cards/train/Manual Review/CLM-001276_v2.jpg,ec36a9f40d94253abb5b1ed605d36090f81cedb93b8b34c44694381075ee3e21
CLM-001277,test,Manual Review,1,data/claim_cards/test/Manual Review/CLM-001277_v1.jpg,ce6a90b591742b0c2e0f5af33bd947712ecbd62014073878f4a7a4b38bfc5ef3
CLM-001278,train,Manual Review,1,data/claim_cards/train/Manual Review/CLM-001278_v1.jpg,e8434dced58322f0b296d8f79268e785c2620d433b6ee0f7b874f3efae77a0e6
CLM-001278,train,Manual Review,2,data/claim_cards/train/Manual Review/CLM-001278_v2.jpg,e99ee61b63b4d917bb4de64e1d8b24a93768ffd6fd6beb6d7c0be2ee0c90ef33
CLM-001279,train,Manual Review,1,data/claim_cards/train/Manual Review/CLM-001279_v1.jpg,2689d35cffdedb9853ede424ab7133377bc993d2e80778f6a05303e258e9ccb0
CLM-001279,train,Manual Review,2,data/claim_cards/train/Manual Review/CLM-001279_v2.jpg,66fd6176ed29a5670e236488201ea29784ba6cbc7534c1e18d11c306cba76d1e
CLM-001280,validation,Manual Review,1,data/claim_cards/validation/Manual Review/CLM-001280_v1.jpg,088aac8047f3e0a55cde4259072d802f29987e45300956419020e92a19760813
CLM-001281,train,Manual Review,1,data/claim_cards/train/Manual Review/CLM-001281_v1.jpg,af495f0742b78bfdc6739e27b82566d6720bf7400c03bb569d78c509c0fda04c
CLM-001281,train,Manual Review,2,data/claim_cards/train/Manual Review/CLM-001281_v2.jpg,071253660d198fc9d03381a73d555e9420263a7104914fe1c860e14a1a524ccc
CLM-001282,train,Manual Review,1,data/claim_cards/train/Manual Review/CLM-001282_v1.jpg,0f2daf8c3e57cb5df9457571226a2ad35420102bdc39745d32d797b5d7b9257f
CLM-001282,train,Manual Review,2,data/claim_cards/train/Manual Review/CLM-001282_v2.jpg,9f72fa74c1936165eb7ce394962cdb42fb57af78f553e2e89267149f428b43cf
CLM-001283,train,Manual Review,1,data/claim_cards/train/Manual Review/CLM-001283_v1.jpg,2aae0f1d4a34b8267ca5b78fc98f5a2a6dc4a48226ac4466333ee11530f527d1
CLM-001283,train,Manual Review,2,data/claim_cards/train/Manual Review/CLM-001283_v2.jpg,e5221dfe0cd7e4564cdd55ae37c01e2df9ec572131e82186c7bad12474c87758
CLM-001284,train,Manual Review,1,data/claim_cards/train/Manual Review/CLM-001284_v1.jpg,90a50c57a7c9760d54619163b3894cad1c9ef18bfd0216680dea29809a65f9b3
CLM-001284,train,Manual Review,2,data/claim_cards/train/Manual Review/CLM-001284_v2.jpg,1190e94b0256ed4dda472eabab598a68b9a42f1631feba43f89046e1ffb20280
CLM-001285,train,Manual Review,1,data/claim_cards/train/Manual Review/CLM-001285_v1.jpg,e34740a7013c5aa2cda56a39a8e96ee17e12e5b8f9bee28a2bb41d794fab48f5
CLM-001285,train,Manual Review,2,data/claim_cards/train/Manual Review/CLM-001285_v2.jpg,4c290e717967397a7f61218a1cde2b51361b9ee7b1183e0d910af02fa3a71431
CLM-001286,train,Manual Review,1,data/claim_cards/train/Manual Review/CLM-001286_v1.jpg,fb92076838e56297bba6e80e895a397d3c427874c451dddc3b21eb5c36c4751c
CLM-001286,train,Manual Review,2,data/claim_cards/train/Manual Review/CLM-001286_v2.jpg,97f0ff4eeb29207688ee62e67036957878f084a1a4a9eccc8a48f033c422a30d
CLM-001287,train,Manual Review,1,data/claim_cards/train/Manual Review/CLM-001287_v1.jpg,349ef90c67def319d8687ec40b4bed529e1bcf09d267528eabf88af8a45a932a
CLM-001287,train,Manual Review,2,data/claim_cards/train/Manual Review/CLM-001287_v2.jpg,1c6f1d925331cbb9a652bb51c375a2bd845b85f739b61b529071fee7dbebe056
CLM-001288,train,Manual Review,1,data/claim_cards/train/Manual Review/CLM-001288_v1.jpg,a281b86d65755938be0888e5f291e0cf48ea98c6c4fa46ebc135a723aff0d5a8
CLM-001288,train,Manual Review,2,data/claim_cards/train/Manual Review/CLM-001288_v2.jpg,21f543cc23497fb58bf4884bd8e3696d427c2824034b7101c80ab35f4ab42816
CLM-001289,validation,Manual Review,1,data/claim_cards/validation/Manual Review/CLM-001289_v1.jpg,71cf3819e4314bac52eaa113c87fc0c8659a0bb91ff56d7a014231ac22b3dc01
CLM-001290,train,Manual Review,1,data/claim_cards/train/Manual Review/CLM-001290_v1.jpg,6f304e73c3ffaafedb61bd0dea18d83bb1c42e474bd6edeb8c92a197bfeb1dbd
CLM-001290,train,Manual Review,2,data/claim_cards/train/Manual Review/CLM-001290_v2.jpg,71ed48ee5516a34f72dac92a839d40850b036981d8aa86fd4b97e60921a3f1e2
CLM-001291,train,Manual Review,1,data/claim_cards/train/Manual Review/CLM-001291_v1.jpg,026708f30fe6e48888a364eb02172ab9eaf9d26279b03a68447927929db82574
CLM-001291,train,Manual Review,2,data/claim_cards/train/Manual Review/CLM-001291_v2.jpg,dd91a95c2fd83399708730ecc2e958402ffefa5361b267d2b6127ebc8308a157
CLM-001292,train,Manual Review,1,data/claim_cards/train/Manual Review/CLM-001292_v1.jpg,91097ca219b0d1a354dc7276c17336f3c24fa4c2eca5a1117c625569dc2ce269
CLM-001292,train,Manual Review,2,data/claim_cards/train/Manual Review/CLM-001292_v2.jpg,e37b8587be25fb3024d2e5a69b4f63a0a067276a7790eab190a949c4891aa015
CLM-001293,validation,Manual Review,1,data/claim_cards/validation/Manual Review/CLM-001293_v1.jpg,fd7a4d40b71bee6ae84d27f3aa9f79abd5f3e0297689ef0164faef406a01518a
CLM-001294,test,Manual Review,1,data/claim_cards/test/Manual Review/CLM-001294_v1.jpg,40b226016f45be360c08a524fb25853f82bea9e0d9df48d320a48db87141f1ba
CLM-001295,train,Manual Review,1,data/claim_cards/train/Manual Review/CLM-001295_v1.jpg,4d997fbebbdffe143ab974572f11d29dd7e51c4552d15822397ac58f9744f1fd
CLM-001295,train,Manual Review,2,data/claim_cards/train/Manual Review/CLM-001295_v2.jpg,4d857e98cb0c08455393e28b584de9c7c8948704aac9987a916c0ed200ecc933
CLM-001296,validation,Manual Review,1,data/claim_cards/validation/Manual Review/CLM-001296_v1.jpg,48b028db9779afd8a858c821f55d254a0423701dda9b6de64f887965a2f83576
CLM-001297,train,Manual Review,1,data/claim_cards/train/Manual Review/CLM-001297_v1.jpg,546c6b87c620b1b5b11ae0df71df788bdf0e4235fb62f6c18692b15d0404bdbf
CLM-001297,train,Manual Review,2,data/claim_cards/train/Manual Review/CLM-001297_v2.jpg,4baf7750ca47a84b6294ec65c059f1c6c16db80c58ca0028af6c7655efbb2daa
CLM-001298,train,Manual Review,1,data/claim_cards/train/Manual Review/CLM-001298_v1.jpg,5a1250d0cc2e3ea45ebe7ed20c1d525e694076f2bbb4b923cbfa87bfcafee1d0
CLM-001298,train,Manual Review,2,data/claim_cards/train/Manual Review/CLM-001298_v2.jpg,3f0ace301b7587beaa02c9d15e8ca9e87177ac5a011545736bf6a915d49f28c6
CLM-001299,train,Manual Review,1,data/claim_cards/train/Manual Review/CLM-001299_v1.jpg,a62c204d678e8a01c0a27c2ac4881a8d89bf7b4df06ec3ca7a747e644d68cbac
CLM-001299,train,Manual Review,2,data/claim_cards/train/Manual Review/CLM-001299_v2.jpg,bb4b54ec149d0f4f09e351b13161ff16dc68416e12d5c578371faa9af63e6dd4
CLM-001300,train,Manual Review,1,data/claim_cards/train/Manual Review/CLM-001300_v1.jpg,cd380dc5bf4cdbed669043ef48e961148558e39fecbfee219e2b6549ed9db0ac
CLM-001300,train,Manual Review,2,data/claim_cards/train/Manual Review/CLM-001300_v2.jpg,d07aa9ae933e91ea988a06a8445cd7ec1225cb1aef3db77aef655c01f4f8f47f
CLM-001301,validation,Manual Review,1,data/claim_cards/validation/Manual Review/CLM-001301_v1.jpg,878ce8e4311004f9886bd724520d8c781d1965608255a412b5b59d7ab4316d24
CLM-001302,train,Manual Review,1,data/claim_cards/train/Manual Review/CLM-001302_v1.jpg,5c909ec2801523edd003ffe335eca9d60a0627daca343d9ad6b87bf636a783dc
CLM-001302,train,Manual Review,2,data/claim_cards/train/Manual Review/CLM-001302_v2.jpg,7873b066c0cc1aec02e50e1ae457f3cf118afa3b1b634586a46d94b3a6526623
CLM-001303,train,Manual Review,1,data/claim_cards/train/Manual Review/CLM-001303_v1.jpg,100a1f4e01668b80a8cb13b400377ec5913b087f0273e282598e4bdf872d1427
CLM-001303,train,Manual Review,2,data/claim_cards/train/Manual Review/CLM-001303_v2.jpg,fe865fceb9eaf1cb38bba534d4dc24e97053b1ce2f0fff1f272b5844ccdfb223
CLM-001304,validation,Manual Review,1,data/claim_cards/validation/Manual Review/CLM-001304_v1.jpg,cf3b91b2e1a8d17c8d38293613608772f0ab5ddf4c86ae444f2d003b66c2f384
CLM-001305,train,Manual Review,1,data/claim_cards/train/Manual Review/CLM-001305_v1.jpg,d6052f93be8fe0defa705eaa2a2412c06ed15f91ccd9a735eaf5eeacf7c225a1
CLM-001305,train,Manual Review,2,data/claim_cards/train/Manual Review/CLM-001305_v2.jpg,0a46dc069f9ad152be36f5c5efec992dc61647619b3edb4f9c848ea8e5417bbf
CLM-001306,train,Manual Review,1,data/claim_cards/train/Manual Review/CLM-001306_v1.jpg,1d53330d64d74d14c63862635dd611198d41fe6a8cedaeebcc7ccab817e10520
CLM-001306,train,Manual Review,2,data/claim_cards/train/Manual Review/CLM-001306_v2.jpg,c7909f5b22cf4e1805351bb88c459d1c6b2b85760b94475fde8cc9b165e5ab49
CLM-001307,test,Manual Review,1,data/claim_cards/test/Manual Review/CLM-001307_v1.jpg,74687ea3d840a70b6d8a5a5325790dfd642cfa9b0f9f9aedda41420a64c08042
CLM-001308,train,Manual Review,1,data/claim_cards/train/Manual Review/CLM-001308_v1.jpg,be94b692c4f83f2b137d42ceae25112ff441ad21c12909365fe56c0c3455a6a1
CLM-001308,train,Manual Review,2,data/claim_cards/train/Manual Review/CLM-001308_v2.jpg,4a361bd9d4795e5261242e4024dd97c2949cb6b1b8ae9766c0fb0ef1137b6617
CLM-001309,test,Manual Review,1,data/claim_cards/test/Manual Review/CLM-001309_v1.jpg,e5bee5e65a229184c21038d03528df33f202c10854b7e32f460e1a80f400eaac
CLM-001310,validation,Manual Review,1,data/claim_cards/validation/Manual Review/CLM-001310_v1.jpg,bb3b481c3d1827099a6e203aa5b4a26fea234bea369d20992595dad320d5576d
CLM-001311,train,Manual Review,1,data/claim_cards/train/Manual Review/CLM-001311_v1.jpg,0fa84010cf6d68b53ec4b20d60c576d9730e72e6874c4a561d0d8ecf5e70e48e
CLM-001311,train,Manual Review,2,data/claim_cards/train/Manual Review/CLM-001311_v2.jpg,a7f884ab70878e2e2fb8b82e305e06da9452f911d39757bae58e318d51419629
CLM-001312,train,Manual Review,1,data/claim_cards/train/Manual Review/CLM-001312_v1.jpg,692cb25c33b788a8351658bb244e738edfe3606d78c7518a27f21a9c0077f630
CLM-001312,train,Manual Review,2,data/claim_cards/train/Manual Review/CLM-001312_v2.jpg,14a072da530a49b90387701c2ccebeea7ae4647882a4f38e8aac10743454b4b1
CLM-001313,train,Manual Review,1,data/claim_cards/train/Manual Review/CLM-001313_v1.jpg,b3d72bd8fc4b6e8416d8c8e1cde97bb54540bf5b5cccfa990c6a11e7312c21c2
CLM-001313,train,Manual Review,2,data/claim_cards/train/Manual Review/CLM-001313_v2.jpg,693dc3db0f54a7017aae855aa20ba02645a38a2c47e21e70a64dcdcf0d1b8345
CLM-001314,test,Manual Review,1,data/claim_cards/test/Manual Review/CLM-001314_v1.jpg,d00a5c8860db06df06c181624a542b0e98f4f014c2bf2eba52e92b18d244fa57
CLM-001315,train,Manual Review,1,data/claim_cards/train/Manual Review/CLM-001315_v1.jpg,3a9e993ab0f5bb03d0064c28637330c909aa2e844df6bff4f10fb479bf989215
CLM-001315,train,Manual Review,2,data/claim_cards/train/Manual Review/CLM-001315_v2.jpg,3f964520aeef2d53a536b877decf6fda1d6807b4d3dc8906da4fa2bdf162abf0
CLM-001316,test,Manual Review,1,data/claim_cards/test/Manual Review/CLM-001316_v1.jpg,f205b1121e7654add30735a45aac53a9f77f1f4603b8abbba8d9671eb333ca85
CLM-001317,train,Manual Review,1,data/claim_cards/train/Manual Review/CLM-001317_v1.jpg,4d82bbd3b8aba0104cfed8e966200abeb5131707c2d29e8d7967102fe312fa6c
CLM-001317,train,Manual Review,2,data/claim_cards/train/Manual Review/CLM-001317_v2.jpg,c9cb7cd9dbd84c99fe38bc4693be96e16cdbc7e006d530f192c48fc569fcde83
CLM-001318,train,Manual Review,1,data/claim_cards/train/Manual Review/CLM-001318_v1.jpg,774c6c371a916a26ec5382028218cb5cd1dee3e5c8b1f83753c998412beb6473
CLM-001318,train,Manual Review,2,data/claim_cards/train/Manual Review/CLM-001318_v2.jpg,4fc7ebd5188696d22ebba731b7e4f02a6878917b9abf02302700cbc52e1732bf
CLM-001319,train,Manual Review,1,data/claim_cards/train/Manual Review/CLM-001319_v1.jpg,d02d0d7c2490102b3870a9a68a91fd023081b0b4a5806b22ed78a6058cdd006f
CLM-001319,train,Manual Review,2,data/claim_cards/train/Manual Review/CLM-001319_v2.jpg,d9e14475a7b628e8a70495a6ed87073698ab0fb50078861605c36db7b2865a26
CLM-001320,test,Manual Review,1,data/claim_cards/test/Manual Review/CLM-001320_v1.jpg,464328b7a44b1467be82115c934424c80efc987f5265c9f5bde5bdbb221b6a58
CLM-001321,train,Manual Review,1,data/claim_cards/train/Manual Review/CLM-001321_v1.jpg,aab603b4726a4608d5917ac6a15aa15b43f7cf099aaf2c327f4184e7b9e41fb9
CLM-001321,train,Manual Review,2,data/claim_cards/train/Manual Review/CLM-001321_v2.jpg,f9b5381b07bd604b8135c2073c84e591102c3904201b4dda5f3c39c846123b58
CLM-001322,train,Manual Review,1,data/claim_cards/train/Manual Review/CLM-001322_v1.jpg,5017e494b95079acbc26f5d5c4daddd09c5c90fa2767145b59824b9051b934ad
CLM-001322,train,Manual Review,2,data/claim_cards/train/Manual Review/CLM-001322_v2.jpg,a378c29f0710de4942a4e86da56517c7595d8dd549ffc9124ab94398aabf9423
CLM-001323,train,Manual Review,1,data/claim_cards/train/Manual Review/CLM-001323_v1.jpg,235c6d31e858dd2a1587724bfc3f964047da443d8866fac7cfd3f7d4d815bba1
CLM-001323,train,Manual Review,2,data/claim_cards/train/Manual Review/CLM-001323_v2.jpg,f9df81765b17bd5f890c0ffb5b16006025a0e10facded5f9205f68c82306ea10
CLM-001324,train,Manual Review,1,data/claim_cards/train/Manual Review/CLM-001324_v1.jpg,00bfbb0ca5820d692e738b4a5e278d59eacc340af34870a34775e5f275b73144
CLM-001324,train,Manual Review,2,data/claim_cards/train/Manual Review/CLM-001324_v2.jpg,a8989b474d01ab4e6ecd898179bc187ee160877dde875db85b26aaa36012a78c
CLM-001325,train,Manual Review,1,data/claim_cards/train/Manual Review/CLM-001325_v1.jpg,c423f77a6c6fa76b935bbf40453e38575610441fe9f76e1c85dabc0a8aa1189f
CLM-001325,train,Manual Review,2,data/claim_cards/train/Manual Review/CLM-001325_v2.jpg,5e0706bbd2a0d596f3735170ce128e979d42af6a3126e450e9d73b95168172fc
CLM-001326,train,Manual Review,1,data/claim_cards/train/Manual Review/CLM-001326_v1.jpg,ecc2d4024fb10b504a08e49c8de3a214ef3881872b4894dd947cd7f89095e82b
CLM-001326,train,Manual Review,2,data/claim_cards/train/Manual Review/CLM-001326_v2.jpg,d8572dddbe8650ad2560364f474d57352346661d886b14f4d2baf365e44888e2
CLM-001327,validation,Manual Review,1,data/claim_cards/validation/Manual Review/CLM-001327_v1.jpg,5eb6e110dd604ded8975e05f5bd9ed4f2f4aef0a9857dc607e8c41ddacdc6ddd
CLM-001328,validation,Manual Review,1,data/claim_cards/validation/Manual Review/CLM-001328_v1.jpg,00120f94b612f991088c3b9a949c139eb10ca187b3cae95c92b61d55a1c6111c
CLM-001329,test,Manual Review,1,data/claim_cards/test/Manual Review/CLM-001329_v1.jpg,c7e47eabbeb999af318eca98e2e7cf732c0379d92d109d89f5971593f2e86ddb
CLM-001330,train,Manual Review,1,data/claim_cards/train/Manual Review/CLM-001330_v1.jpg,f8bfc28771aef203ec5535b58b8939c176d5de0e2ffd8fedb0bab49c04c3d41f
CLM-001330,train,Manual Review,2,data/claim_cards/train/Manual Review/CLM-001330_v2.jpg,42b20e8f203ec5717d2daa31e5cfaf3e26bec2de1c3f7be420d37cb4dfd1aee7
CLM-001331,test,Manual Review,1,data/claim_cards/test/Manual Review/CLM-001331_v1.jpg,de6c5000f2d6e0dd334b08b9c881f80cb501b2567465a9e0f79f02adba0ded45
CLM-001332,train,Manual Review,1,data/claim_cards/train/Manual Review/CLM-001332_v1.jpg,983295b6caa841245f701fb8c906bf289b3042dbaf1f4e4b3c941a899f0e0036
CLM-001332,train,Manual Review,2,data/claim_cards/train/Manual Review/CLM-001332_v2.jpg,974f20f3b28640ccc1de08a199cea14f871cb06e3ee1a64c1d9a851f916ea652
CLM-001333,train,Manual Review,1,data/claim_cards/train/Manual Review/CLM-001333_v1.jpg,ed3f02fbf1ea03ebc0c9b0e6bc36c6ec2acacf9e5ecdacf28b7f85e39b7959b2
CLM-001333,train,Manual Review,2,data/claim_cards/train/Manual Review/CLM-001333_v2.jpg,b71fd112607d32e9cb62b86c50d3ffdc52e36817cc3d37dd28cf64bf38f75c2f
CLM-001334,train,Manual Review,1,data/claim_cards/train/Manual Review/CLM-001334_v1.jpg,9f3afbd4892e4c17d05d971c292765b562be47962f4edb7c9a7ff66937a92e18
CLM-001334,train,Manual Review,2,data/claim_cards/train/Manual Review/CLM-001334_v2.jpg,98d491c8b86ac5c13f495235588656094cfdbf6f5d216fd5ff97c5c6312467f8
CLM-001335,train,Manual Review,1,data/claim_cards/train/Manual Review/CLM-001335_v1.jpg,571b9be98057389a6a2c8889fa792b181d05a14d2c2e1fa371587d1208bb591c
CLM-001335,train,Manual Review,2,data/claim_cards/train/Manual Review/CLM-001335_v2.jpg,b82b10bc29a01baa18ce87aedc2c68e1c4afd58e14519d47196e7c34746b2db5
CLM-001336,train,Manual Review,1,data/claim_cards/train/Manual Review/CLM-001336_v1.jpg,1a8bb0ebb607b6f1569f241d5db7f5596befb34d321d2694a957c0cfd69a42bd
CLM-001336,train,Manual Review,2,data/claim_cards/train/Manual Review/CLM-001336_v2.jpg,e158ee61f9a30bf929d7a9ff7896f28f70d2205c35a95a24566a17f715239ea4
CLM-001337,train,Manual Review,1,data/claim_cards/train/Manual Review/CLM-001337_v1.jpg,69296dc4b23792bf8ee45dbc4ca3df10a660ab77ac00dd5c9c916282832212b8
CLM-001337,train,Manual Review,2,data/claim_cards/train/Manual Review/CLM-001337_v2.jpg,8c2616e0fe264786e2d308c997e85acd9ce82ea6cea5a8a7d50aaf0896babfe6
CLM-001338,validation,Manual Review,1,data/claim_cards/validation/Manual Review/CLM-001338_v1.jpg,b76ffb13a3bcd651b1ebbd6a3f0b026e16f48d377fdd995f42310843551a646f
CLM-001339,train,Manual Review,1,data/claim_cards/train/Manual Review/CLM-001339_v1.jpg,69394cd58d6cb91e75e60672accf016a173087c1ad7f8885bc790798d3709387
CLM-001339,train,Manual Review,2,data/claim_cards/train/Manual Review/CLM-001339_v2.jpg,50aa8a922d2c1c13eada8e61f35aaa2db0b915936ab7c459ae4f78d67384a8cf
CLM-001340,test,Manual Review,1,data/claim_cards/test/Manual Review/CLM-001340_v1.jpg,17d62c169ffaf6693c33446f3aa8dc532983d57eaef4e73043679d0ca8172bce
CLM-001341,train,Manual Review,1,data/claim_cards/train/Manual Review/CLM-001341_v1.jpg,037c40d9695eeafc33a76547599f9bc752053553aac6c9df06d13d67775db25a
CLM-001341,train,Manual Review,2,data/claim_cards/train/Manual Review/CLM-001341_v2.jpg,8380b266cfdc038db6fbdf3573b3410c13f1da75427e208167b7589ae7c30a60
CLM-001342,train,Manual Review,1,data/claim_cards/train/Manual Review/CLM-001342_v1.jpg,29fe33ebc7820991fca81af31c8d3922febbad176bdd870b540ce82d65cac8d6
CLM-001342,train,Manual Review,2,data/claim_cards/train/Manual Review/CLM-001342_v2.jpg,93da2d0da3e5a54dab37f8b755a3ec0c2895832ea0cb69b80877570e040861a4
CLM-001343,train,Manual Review,1,data/claim_cards/train/Manual Review/CLM-001343_v1.jpg,cc43ebd94910a34252f157bd3e0e713d313f471fd4fd7b8b7fb37a243e710c7a
CLM-001343,train,Manual Review,2,data/claim_cards/train/Manual Review/CLM-001343_v2.jpg,1338bc100f22af74e107ce1893a8589214bbce47f0fbf2530c4766e5074ae72a
CLM-001344,test,Manual Review,1,data/claim_cards/test/Manual Review/CLM-001344_v1.jpg,0a2a8b5ea06cc0fcfac79d4575aeacdb2a06e1c7b147ef3dec1b524f17d1f98c
CLM-001345,test,Manual Review,1,data/claim_cards/test/Manual Review/CLM-001345_v1.jpg,49cd6d2ab7b8ed90b6808482d45ca7766638f94ee2588d6bbeec12e847017098
CLM-001346,test,Manual Review,1,data/claim_cards/test/Manual Review/CLM-001346_v1.jpg,527c2e2949a32668c368f12837b9ea1348dd45b0421dd7fbb25d7ceae051a775
CLM-001347,train,Manual Review,1,data/claim_cards/train/Manual Review/CLM-001347_v1.jpg,05cc2dc6c217b9db0897bed41463440440a2c253ceb4d24125f368973040e98a
CLM-001347,train,Manual Review,2,data/claim_cards/train/Manual Review/CLM-001347_v2.jpg,46dfd6e32f39ddb00b6093d45aab164eda7abc3f6cdff1dc3995c7febd9404af
CLM-001348,train,Manual Review,1,data/claim_cards/train/Manual Review/CLM-001348_v1.jpg,fa67ffe5f33e63a99e510751ff845da264198a561b790b6686699bd76a12fa3a
CLM-001348,train,Manual Review,2,data/claim_cards/train/Manual Review/CLM-001348_v2.jpg,14744404a657536a8ee6faa1b21804efd74665b11a5d9ca6dcc6407fffd99317
CLM-001349,test,Manual Review,1,data/claim_cards/test/Manual Review/CLM-001349_v1.jpg,a587e62d4417276cc59569f10c332de5bf818b7d7cc50c516d19cd9022869bc7
CLM-001350,train,Manual Review,1,data/claim_cards/train/Manual Review/CLM-001350_v1.jpg,a897346ab02525d792261b7ffa7c7b8af56b4f8f453f1388ee1df37ef8774762
CLM-001350,train,Manual Review,2,data/claim_cards/train/Manual Review/CLM-001350_v2.jpg,ad04c90e27663fb5ec71afafd0f743eddfa3fc01866c628bda4a46ee370a96c6
CLM-001351,validation,Manual Review,1,data/claim_cards/validation/Manual Review/CLM-001351_v1.jpg,026250b3012f46132d73a904216e974282a07d99904bc6a3ae331695986438a3
CLM-001352,train,Manual Review,1,data/claim_cards/train/Manual Review/CLM-001352_v1.jpg,37c95ea54a1751d59ab9f1f9a4644e02185de30f00c3e469f6ef692493627d9f
CLM-001352,train,Manual Review,2,data/claim_cards/train/Manual Review/CLM-001352_v2.jpg,ee0f623c801096d883ecc9d8a6e381f6256ecba7742c1ed88d8cacd5c9aabf6b
CLM-001353,train,Manual Review,1,data/claim_cards/train/Manual Review/CLM-001353_v1.jpg,445397517f14d36a4033a1e01fae405014e18aa2858f2c16b3487856b23a9582
CLM-001353,train,Manual Review,2,data/claim_cards/train/Manual Review/CLM-001353_v2.jpg,499bd94ff5c5326dec776d9b927a2f76d37deb8b69ef6af135987cde89e6e948
CLM-001354,train,Manual Review,1,data/claim_cards/train/Manual Review/CLM-001354_v1.jpg,7fc7d6c6d7ae246a38433524e87183639603976e8952652b8dcd9d78f97a7dec
CLM-001354,train,Manual Review,2,data/claim_cards/train/Manual Review/CLM-001354_v2.jpg,bf253c669946870fdf247427d7a4d51f91a2b99447aeddd4aea983681511b906
CLM-001355,train,Manual Review,1,data/claim_cards/train/Manual Review/CLM-001355_v1.jpg,ad3af68c981c43e79103de819ee122adfe481638f387fe28942b421437f2ae9c
CLM-001355,train,Manual Review,2,data/claim_cards/train/Manual Review/CLM-001355_v2.jpg,9fc67e122d6b9b9eb1bdd5141f3f6922546d2f19e74428eb80327a9b7ff813a4
CLM-001356,train,Manual Review,1,data/claim_cards/train/Manual Review/CLM-001356_v1.jpg,42b1ed3d932990029b48b9c5f9f667b4ce308d36852c1af571b7e6766afd3a1c
CLM-001356,train,Manual Review,2,data/claim_cards/train/Manual Review/CLM-001356_v2.jpg,6668baa22cfbdc90d5598c1669dca0d7c73fa5efed7daf59ac181ea69554ae8a
CLM-001357,train,Manual Review,1,data/claim_cards/train/Manual Review/CLM-001357_v1.jpg,b097aeb4ae084cb52b52ca5ea597dcb184afb9903697fc59cc0286514446123a
CLM-001357,train,Manual Review,2,data/claim_cards/train/Manual Review/CLM-001357_v2.jpg,957e6805c3d76c0135a15c47c4359418c7b4df718c147b95f5d2bed69dbf8796
CLM-001358,train,Manual Review,1,data/claim_cards/train/Manual Review/CLM-001358_v1.jpg,cf263b7d42bfa86cc24882961ff9794abc838293e7052af6f1656c317ed21f0b
CLM-001358,train,Manual Review,2,data/claim_cards/train/Manual Review/CLM-001358_v2.jpg,ccb12984e1637d297f3ac1782532f2b92c3038241aeeae8d0bcdc4365ce1fc1a
CLM-001359,train,Manual Review,1,data/claim_cards/train/Manual Review/CLM-001359_v1.jpg,08ce604ef459266a1c3a5298d265bf1833d6655916a7ab9d296039ed60bfc886
CLM-001359,train,Manual Review,2,data/claim_cards/train/Manual Review/CLM-001359_v2.jpg,236d9fabf68e4b1dadbb9e1b7ed9e694e7a89f41da618ad5d672d281c45facfa
CLM-001360,test,Manual Review,1,data/claim_cards/test/Manual Review/CLM-001360_v1.jpg,69dead4f616f0b80304217778b43051ec11b79db253480153c7c4f4059c56724
CLM-001361,train,Manual Review,1,data/claim_cards/train/Manual Review/CLM-001361_v1.jpg,c8c374434e6182e602bcf1536ecac27b7d30795a01ee2bf6079f8c89a1117a99
CLM-001361,train,Manual Review,2,data/claim_cards/train/Manual Review/CLM-001361_v2.jpg,886f811f8e0063cfcc300a4fca26bb0b7db37da8fa331802d156b5215e17a2c6
CLM-001362,train,Manual Review,1,data/claim_cards/train/Manual Review/CLM-001362_v1.jpg,de0d843eeb0c11081121b0a7b60c27093544232318cf23596a4855e3846c9863
CLM-001362,train,Manual Review,2,data/claim_cards/train/Manual Review/CLM-001362_v2.jpg,eb7abf4ddc1d3556a0c41cae9a934e999d498b70256f452ce0f2982e0c1594de
CLM-001363,train,Manual Review,1,data/claim_cards/train/Manual Review/CLM-001363_v1.jpg,4cd5c037c521aa1eea84c35c4e4730de114c1f928fecca213fa7a09f5e8c2d81
CLM-001363,train,Manual Review,2,data/claim_cards/train/Manual Review/CLM-001363_v2.jpg,c870d6a49751fc4a78a76602cd903e4fe9ca91e825d711d61583e855028d0ff6
CLM-001364,test,Manual Review,1,data/claim_cards/test/Manual Review/CLM-001364_v1.jpg,e86fc2f23ca6938686747986cd97db7ca9b9a213e4a6474cf8e47e6ca4b2e071
CLM-001365,train,Manual Review,1,data/claim_cards/train/Manual Review/CLM-001365_v1.jpg,fabecb0132c35efed0bb811c660c4762eb97be95d48670d5321e391cfa23930c
CLM-001365,train,Manual Review,2,data/claim_cards/train/Manual Review/CLM-001365_v2.jpg,c78cf064913fbfdd78fe3102d48af42162beb78902e0791bd83fd300772a1a13
CLM-001366,train,Manual Review,1,data/claim_cards/train/Manual Review/CLM-001366_v1.jpg,f73e0183fbfafac5c96f730487e907f522cf4cda5581a5df8787d9918281ee6d
CLM-001366,train,Manual Review,2,data/claim_cards/train/Manual Review/CLM-001366_v2.jpg,60f284642d2724f005d45c8262abbce669f998efef8849b28c9fedbb8a2f856f
CLM-001367,test,Manual Review,1,data/claim_cards/test/Manual Review/CLM-001367_v1.jpg,c67e80f664d951a32d816eaf7e0d1457c1a171805d9f3658273836588cb3409f
CLM-001368,train,Manual Review,1,data/claim_cards/train/Manual Review/CLM-001368_v1.jpg,5644a9cb40a1da70edf30942b2a0ec267afe3abb626f99098cfb848dc01556ee
CLM-001368,train,Manual Review,2,data/claim_cards/train/Manual Review/CLM-001368_v2.jpg,72bbe2c33f9c19dde8bc314c2973b14554761e332ab54cb2d8cf83565f609ed4
CLM-001369,train,Manual Review,1,data/claim_cards/train/Manual Review/CLM-001369_v1.jpg,92a67d364f1924be29299d0b6b5d15a3026b1687c916118b73d3e544571562a4
CLM-001369,train,Manual Review,2,data/claim_cards/train/Manual Review/CLM-001369_v2.jpg,bfea4e6dcd562911ac6739e68649dc2f7f190c290c8f708a39cf8233f405aee8
CLM-001370,train,Manual Review,1,data/claim_cards/train/Manual Review/CLM-001370_v1.jpg,a2acd6b0f3299ed18150b22db94c72cbab0c7acde11bf168b7639d82e7597c22
CLM-001370,train,Manual Review,2,data/claim_cards/train/Manual Review/CLM-001370_v2.jpg,72a43994cbcc94e1ce6e741255e6012468da3f8d7c3bace6bf1bbe763bc2917c
CLM-001371,train,Manual Review,1,data/claim_cards/train/Manual Review/CLM-001371_v1.jpg,2e62a9ce95722de1212e6f63d88d4ed3594b500ae4c55b0fba1c7a0553e993bf
CLM-001371,train,Manual Review,2,data/claim_cards/train/Manual Review/CLM-001371_v2.jpg,15cdf24bdbaa333bebfc5f434168d28b507d33e59578751d0627db4c711a8a9f
CLM-001372,train,Manual Review,1,data/claim_cards/train/Manual Review/CLM-001372_v1.jpg,8b6263c47426e13e3688e550943b62e1e129410e0e7cad9977b0999248c65e99
CLM-001372,train,Manual Review,2,data/claim_cards/train/Manual Review/CLM-001372_v2.jpg,9cd089c8f699ebc6587db462a117f759180d5169b00090b7954d55f253e588df
CLM-001373,test,Manual Review,1,data/claim_cards/test/Manual Review/CLM-001373_v1.jpg,62c0fa295e380da3a6bd7a230804e23bdf8cefa5c342170b09674a8dfdf121c0
CLM-001374,train,Manual Review,1,data/claim_cards/train/Manual Review/CLM-001374_v1.jpg,fccbad648f8345c4b5b9d993accb614e929260ec7e51f8d63af121174b2b5a85
CLM-001374,train,Manual Review,2,data/claim_cards/train/Manual Review/CLM-001374_v2.jpg,2102be38b4c0c22da8bc5cc32f6fb452cc0966af1b6070b5317f581745f9d0b3
CLM-001375,train,Manual Review,1,data/claim_cards/train/Manual Review/CLM-001375_v1.jpg,95b01c9cef849805c686ba584e26980be1f21c4194e5cc253423ad756c47999d
CLM-001375,train,Manual Review,2,data/claim_cards/train/Manual Review/CLM-001375_v2.jpg,bc2ca62b22e379279971cdf2464fa5fecc03806759ffe7b1652ef9cf90150fd6
CLM-001376,train,Manual Review,1,data/claim_cards/train/Manual Review/CLM-001376_v1.jpg,b2d5fd00990efbae6215e0f22215b95c9010c08dd1567f3e1e84e93300327b36
CLM-001376,train,Manual Review,2,data/claim_cards/train/Manual Review/CLM-001376_v2.jpg,5412dcb108cb3a4b9dcc9682fc92fea04123168e3f03fa16d6b3b40e0f8a67f8
CLM-001377,train,Manual Review,1,data/claim_cards/train/Manual Review/CLM-001377_v1.jpg,eb2d120e90c1e7f223fa4b160662de50eb2af4753b78ad2fb18c12364c8bf695
CLM-001377,train,Manual Review,2,data/claim_cards/train/Manual Review/CLM-001377_v2.jpg,b6208b3cc128511ea7fe9c450a8ca7e36368654781c3383899226433a699c1a5
CLM-001378,train,Manual Review,1,data/claim_cards/train/Manual Review/CLM-001378_v1.jpg,3e73fe85b6f9e4af7fff2edf7e3bc7da006292269c8e566da5c8968a819d8add
CLM-001378,train,Manual Review,2,data/claim_cards/train/Manual Review/CLM-001378_v2.jpg,6474f9521807c3f3988cb3491a5cd4c64e8f3d17473fab811ebb54a2f77f2e0e
CLM-001379,train,Manual Review,1,data/claim_cards/train/Manual Review/CLM-001379_v1.jpg,a2c86ea41c2e62f51a8bb02f9105f8336f6b49d48df515fd283a23d55dd56399
CLM-001379,train,Manual Review,2,data/claim_cards/train/Manual Review/CLM-001379_v2.jpg,acd7f6f858218422cc9821f1613e0fd73f941f614b6be52af228e5e3ed0ce77a
CLM-001380,validation,Manual Review,1,data/claim_cards/validation/Manual Review/CLM-001380_v1.jpg,f55e32aef361996bc5e4a49e285110532bb4d25e9e85999ed7b0e63cae2b3b67
CLM-001381,train,Manual Review,1,data/claim_cards/train/Manual Review/CLM-001381_v1.jpg,b5cf1bfe236e5e7d7ba0ebbe2dd146e9274e48e946e50a263066a40e58726123
CLM-001381,train,Manual Review,2,data/claim_cards/train/Manual Review/CLM-001381_v2.jpg,67ebf65947c846d08687bd7aa6f9e1dee7eb0a4f3f39631fead920ff5f6f928a
CLM-001382,train,Manual Review,1,data/claim_cards/train/Manual Review/CLM-001382_v1.jpg,c9928c4bcaf70a937f7b866e9b51123dfb205808a25bb6ad52818736b95e2fac
CLM-001382,train,Manual Review,2,data/claim_cards/train/Manual Review/CLM-001382_v2.jpg,31d57acdb08415ef5d3c92781e0daccd96ad3feebf5a195805e1063bfb4403b4
CLM-001383,train,Manual Review,1,data/claim_cards/train/Manual Review/CLM-001383_v1.jpg,6e39598c5c59dbf86f1819ec89116d1ff0ac09e0bedfc2efef39d69f551058db
CLM-001383,train,Manual Review,2,data/claim_cards/train/Manual Review/CLM-001383_v2.jpg,f51beae03f86001b306422542eb53bc46c74497198624ef1669e3a09c66eea1e
CLM-001384,train,Manual Review,1,data/claim_cards/train/Manual Review/CLM-001384_v1.jpg,7f2901fe9bfe4ca10619f91ff490dcd3686b11ece46fdfcfaca48ca8417a1bca
CLM-001384,train,Manual Review,2,data/claim_cards/train/Manual Review/CLM-001384_v2.jpg,6ad3f5012bd9e9ea4ac856bcb38b90f0d7c3c52d2b0d7d2aaea7a02b2f82fdff
CLM-001385,train,Manual Review,1,data/claim_cards/train/Manual Review/CLM-001385_v1.jpg,88649c2a4f174ce605a943e5fb4c9b5d595617584a728fb6cd54bd9483a3e409
CLM-001385,train,Manual Review,2,data/claim_cards/train/Manual Review/CLM-001385_v2.jpg,8ea6da6d0993608bac6bbb5f8c59120e4100c8f1f597f9db13e70b36a93ba6cf
CLM-001386,test,Manual Review,1,data/claim_cards/test/Manual Review/CLM-001386_v1.jpg,a3a1f07d4f32eb130d81cda049bdd61021fc3d504eca7ad5c7229ebcc615fe75
CLM-001387,train,Manual Review,1,data/claim_cards/train/Manual Review/CLM-001387_v1.jpg,b7948b66a08c64c16d9d94fcd83ddab3a4a9008e372f8949348af70c19e9e1e9
CLM-001387,train,Manual Review,2,data/claim_cards/train/Manual Review/CLM-001387_v2.jpg,79ab7555580053649df0adf93719a9c300d8c9c5168f4551aebf9e098c7e7319
CLM-001388,test,Manual Review,1,data/claim_cards/test/Manual Review/CLM-001388_v1.jpg,6635d9c3ca0476b8544e2a3fb64be4b06f6481ddec9b79d31532f36abfd969a5
CLM-001389,train,Manual Review,1,data/claim_cards/train/Manual Review/CLM-001389_v1.jpg,0770e6e30ec109c59ed5329fb22395c66aedb95dc8242ffcec8df1f6c38cc8da
CLM-001389,train,Manual Review,2,data/claim_cards/train/Manual Review/CLM-001389_v2.jpg,eb75a3dc0d71e5a5e0bb29f012f03bbeefc2c10f1773c6c7bd3af4590416bca1
CLM-001390,validation,Manual Review,1,data/claim_cards/validation/Manual Review/CLM-001390_v1.jpg,b37c85347a6747297214e6132334ecba5f7a55f4af1dd0d8e0474ecfb154818b
CLM-001391,train,Manual Review,1,data/claim_cards/train/Manual Review/CLM-001391_v1.jpg,783d5c5a3a18298b744cbb7f67705441308b60b958a02c82ec380be369c896ab
CLM-001391,train,Manual Review,2,data/claim_cards/train/Manual Review/CLM-001391_v2.jpg,1b2523a128957945ab906ffd47355dd694d3f011371e860d6f027e2540568953
CLM-001392,train,Manual Review,1,data/claim_cards/train/Manual Review/CLM-001392_v1.jpg,b014624146b22bfa41aeb982baf4580d85fef576f7ca6f0035f472a430768a8a
CLM-001392,train,Manual Review,2,data/claim_cards/train/Manual Review/CLM-001392_v2.jpg,88e351beeddab74589478e39d7f1fe69684512c3274d0a17ac633be360866f01
CLM-001393,train,Manual Review,1,data/claim_cards/train/Manual Review/CLM-001393_v1.jpg,804b44340cf40c171b5dbf2db33be2966cdfae7664e3e0cfce05d4f412c4f55a
CLM-001393,train,Manual Review,2,data/claim_cards/train/Manual Review/CLM-001393_v2.jpg,edc23975f13dc859ed2f3bcf5465d0d806f69d07b78f3ecb09d539d9cb7ac789
CLM-001394,train,Manual Review,1,data/claim_cards/train/Manual Review/CLM-001394_v1.jpg,1c4161413dff8a60a911a4e2bd8f6d254991184758e9f60dba9e9660eabef6ee
CLM-001394,train,Manual Review,2,data/claim_cards/train/Manual Review/CLM-001394_v2.jpg,3a347abe062c456da84d96a8dafaee1fca079c81541443a662de84855e3f7ad8
CLM-001395,train,Manual Review,1,data/claim_cards/train/Manual Review/CLM-001395_v1.jpg,2a9958dd4820b8c93cd50f12c537f5939319732afe0c9be3b4454c2f38b595f5
CLM-001395,train,Manual Review,2,data/claim_cards/train/Manual Review/CLM-001395_v2.jpg,df7a6bb5f0c6d18e8c4780306ab6f268b477e8fd7b46171ee76f6f9d47fd23fd
CLM-001396,train,Manual Review,1,data/claim_cards/train/Manual Review/CLM-001396_v1.jpg,9affb8e524d687a20cdc986d432d4f3f64d529097193e2a9da22f3e73f3f2b49
CLM-001396,train,Manual Review,2,data/claim_cards/train/Manual Review/CLM-001396_v2.jpg,8d4c601d6310ed7372461038d41652a028907245808e1baf34fc31bf2c0bff4c
CLM-001397,train,Manual Review,1,data/claim_cards/train/Manual Review/CLM-001397_v1.jpg,c69e6df0ce893d80815c7107a38f6966a3b16f632f373cac30d336b164e801ba
CLM-001397,train,Manual Review,2,data/claim_cards/train/Manual Review/CLM-001397_v2.jpg,f16c50f32ee27a4083b2bca57333750ccf17c2cf948369d6b26a9cbbe42dca58
CLM-001398,train,Manual Review,1,data/claim_cards/train/Manual Review/CLM-001398_v1.jpg,a9da5b618d9aa26483be07b41a927ea615a1a52972717c0858fdf22a0fd5d7d4
CLM-001398,train,Manual Review,2,data/claim_cards/train/Manual Review/CLM-001398_v2.jpg,c83c5544e70ba0ba74a3e4259d8a3ce8b6b5e2e5d1bbb120a1e1be5aae64e440
CLM-001399,train,Manual Review,1,data/claim_cards/train/Manual Review/CLM-001399_v1.jpg,d54d712a8695ef01007f2461a9e6e1efd7827315852ced48ce2e3df751c61488
CLM-001399,train,Manual Review,2,data/claim_cards/train/Manual Review/CLM-001399_v2.jpg,77782da3846d8c1a6f43db856c0c1f6c879fd6b45545605c6669fcdf5beff34b
CLM-001400,train,Manual Review,1,data/claim_cards/train/Manual Review/CLM-001400_v1.jpg,e40ae6a7d0147d5e63c4d221f39ed1e447b6be30313780d390e3da2023b10d21
CLM-001400,train,Manual Review,2,data/claim_cards/train/Manual Review/CLM-001400_v2.jpg,c9369904de86dcf8fe64db69d81fec48782d68485d8300092be2bdf52cb1da70
CLM-001401,train,Manual Review,1,data/claim_cards/train/Manual Review/CLM-001401_v1.jpg,0c705c9f047e3018b1296369a4a50d20ce14700e449d12d68b0348a51f67fd71
CLM-001401,train,Manual Review,2,data/claim_cards/train/Manual Review/CLM-001401_v2.jpg,f3cd5e1ccd6d28c7598b11326be905b717e6c7e83615763bebfd94b971ebbd8f
CLM-001402,validation,Manual Review,1,data/claim_cards/validation/Manual Review/CLM-001402_v1.jpg,ed856015feca55ef06437749be0957fa829531a1b36a446ba4c4a840c84814f0
CLM-001403,train,Manual Review,1,data/claim_cards/train/Manual Review/CLM-001403_v1.jpg,d81298b2f2a0fa740026c720142b6b8b086c7038465bb955be49618f083ce45d
CLM-001403,train,Manual Review,2,data/claim_cards/train/Manual Review/CLM-001403_v2.jpg,c03eeacf1b77f9b104e17e0e890feb1b1ff406f4f6610c3dafd176fbd4afa96a
CLM-001404,validation,Manual Review,1,data/claim_cards/validation/Manual Review/CLM-001404_v1.jpg,0d2722151734b412b194b96d063b44b98619c13fdb1cb9a691dfa979d5801740
CLM-001405,train,Manual Review,1,data/claim_cards/train/Manual Review/CLM-001405_v1.jpg,418df0aa166a6dcbfb0284ecb4f4524fef01c1ba4bb1f4e2328e70e11c4396fb
CLM-001405,train,Manual Review,2,data/claim_cards/train/Manual Review/CLM-001405_v2.jpg,c627bd902b81fc41ac93b12c9c57c0afbb37d4b9586b54b281cfd46f9ab519d1
CLM-001406,train,Manual Review,1,data/claim_cards/train/Manual Review/CLM-001406_v1.jpg,9c606a241a8e36eb88cee902c8699cd27767282a76068ac6dbd1ad58fffe351a
CLM-001406,train,Manual Review,2,data/claim_cards/train/Manual Review/CLM-001406_v2.jpg,9cb5b6e2809929e5199b14362d50f66c289c010c6431367a59492201d080aaa7
CLM-001407,train,Manual Review,1,data/claim_cards/train/Manual Review/CLM-001407_v1.jpg,5942876edbf798c106449050ca925f89a90a1b9910d836ed2e3d115311f99599
CLM-001407,train,Manual Review,2,data/claim_cards/train/Manual Review/CLM-001407_v2.jpg,49b5bceec7751463d112d2a6e7591f1963ade38255ac3f93068546fcc541097f
CLM-001408,train,Manual Review,1,data/claim_cards/train/Manual Review/CLM-001408_v1.jpg,e26d75ffdbcda6a62cec2a931f5750ef08da8a8852341e856994deace1dc022a
CLM-001408,train,Manual Review,2,data/claim_cards/train/Manual Review/CLM-001408_v2.jpg,506e45134de8af8763fc4a60586f9f89f7291eb9208619fda07ed6a4f64a516c
CLM-001409,train,Manual Review,1,data/claim_cards/train/Manual Review/CLM-001409_v1.jpg,6ebeb7e79b1bf045f3ff0991e9db077fbd968eb4197edf89741ff167a6522790
CLM-001409,train,Manual Review,2,data/claim_cards/train/Manual Review/CLM-001409_v2.jpg,e98839259f64efb38f7caca3fcfd2feaac9d1f3929d4f3d76ad3281cf64ee35d
CLM-001410,train,Manual Review,1,data/claim_cards/train/Manual Review/CLM-001410_v1.jpg,38159f7cda68fa003d98611091b7fda1af5d79df119b95449fca9314c0c1604f
CLM-001410,train,Manual Review,2,data/claim_cards/train/Manual Review/CLM-001410_v2.jpg,aef43036f1bdf802b9877d7af866d8789fb24b62f0692d6e2cc5b0a93efd8bb8
CLM-001411,train,Manual Review,1,data/claim_cards/train/Manual Review/CLM-001411_v1.jpg,aa1b9d392cd76f5bb6a7e0e87ad6dc41c3bf3be7d71db96458961db8c80c7bf7
CLM-001411,train,Manual Review,2,data/claim_cards/train/Manual Review/CLM-001411_v2.jpg,f80f38c144aaf350deb261e0c152740be1e38bf219ee075188b2dfe67fede1de
CLM-001412,train,Manual Review,1,data/claim_cards/train/Manual Review/CLM-001412_v1.jpg,3435f4ea9b95b2a79ae7422862cb64ee040a33cae95d79716694406fb4cd6f0d
CLM-001412,train,Manual Review,2,data/claim_cards/train/Manual Review/CLM-001412_v2.jpg,ba032b9d70457f06ce6191e1fc9a9c3410f02f894354f78d8b4cf23de8157695
CLM-001413,validation,Manual Review,1,data/claim_cards/validation/Manual Review/CLM-001413_v1.jpg,7064121dd1c1199fda7496199d1613fd2ed7b86ab861d010c48998e0711a7bb3
CLM-001414,test,Manual Review,1,data/claim_cards/test/Manual Review/CLM-001414_v1.jpg,0b318b08bf79017b73c8c62996ea908e56cee70ed509e6b037cd1b0edce013d6
CLM-001415,train,Manual Review,1,data/claim_cards/train/Manual Review/CLM-001415_v1.jpg,361dc6a2e3b0ade6f6ed399508bff3c686233e6c930d42ef005e73b283d10390
CLM-001415,train,Manual Review,2,data/claim_cards/train/Manual Review/CLM-001415_v2.jpg,9ea0ec41fe299c4671f22c93bf1d1ddde88cc5f56ca1bc8de7d2bb5d65b8c0d7
CLM-001416,train,Manual Review,1,data/claim_cards/train/Manual Review/CLM-001416_v1.jpg,dfb54a1254cdf2d6fe8cbdebda7e0237bf7c70f20bb4796485139cee73ddd843
CLM-001416,train,Manual Review,2,data/claim_cards/train/Manual Review/CLM-001416_v2.jpg,1746cc1c4e14e5c74e562d2d5ec9cf2192f6cea243c963f91c2bb3bebef76682
CLM-001417,train,Manual Review,1,data/claim_cards/train/Manual Review/CLM-001417_v1.jpg,9124d52d8bb812d4ec46dd54b75dc66be1f26bf691c7cb3df8e44ddf18ef76f6
CLM-001417,train,Manual Review,2,data/claim_cards/train/Manual Review/CLM-001417_v2.jpg,d4b3c2f4394dc080dea0d94d461527cbfe37380d2732b7351288d33c690dbe06
CLM-001418,train,Manual Review,1,data/claim_cards/train/Manual Review/CLM-001418_v1.jpg,6b928b427bb1c743f2aec0e8e8a6ddd31b8538212d63f2ccdc539aa7f614373c
CLM-001418,train,Manual Review,2,data/claim_cards/train/Manual Review/CLM-001418_v2.jpg,218838031ca7fd9e7e5d2583164a9f4fa5f0134cf4d5cc744c4e116745ed0c76
CLM-001419,train,Manual Review,1,data/claim_cards/train/Manual Review/CLM-001419_v1.jpg,37b26e2233d3f58fde5583e5579ad7abbff8925d5995dca43836618daffae449
CLM-001419,train,Manual Review,2,data/claim_cards/train/Manual Review/CLM-001419_v2.jpg,6aefad4b52e66e41e3acd9de7e3aa3dbdaafbfe6fb22fff83df64ba232bef976
CLM-001420,validation,Manual Review,1,data/claim_cards/validation/Manual Review/CLM-001420_v1.jpg,1dc579e390eb56a7051571311f5ddf79ba6d48400fc01cd9200d9b8fcb09a0df
CLM-001421,train,Manual Review,1,data/claim_cards/train/Manual Review/CLM-001421_v1.jpg,4bc4e78fb1ae83e0096fc1e0ad633f5e577cb8da86be7f12acae4dfe7a689141
CLM-001421,train,Manual Review,2,data/claim_cards/train/Manual Review/CLM-001421_v2.jpg,5f482a548d29580d21bc191ba7515b31fcded95c7e2bdaf3fb0584b98d05fdc1
CLM-001422,train,Manual Review,1,data/claim_cards/train/Manual Review/CLM-001422_v1.jpg,bdaa5017d8107d7f9e999b60f8cdc4633cb0207493ec7a15e03994c5d9d23218
CLM-001422,train,Manual Review,2,data/claim_cards/train/Manual Review/CLM-001422_v2.jpg,6cf6faca74ef88eaf2dd73c1a3f0f69dda688b127cacf0aff6504d9ae437c402
CLM-001423,train,Manual Review,1,data/claim_cards/train/Manual Review/CLM-001423_v1.jpg,ddd939c8bbaa44f73eecb4445f1c8fae4cfa38b21b1c728f11816aa2cf96b3fa
CLM-001423,train,Manual Review,2,data/claim_cards/train/Manual Review/CLM-001423_v2.jpg,541ecf565ec6986ad2f080f0e5c55c116f5e47f3a1b0760b55fe179d17fd5d8d
CLM-001424,train,Manual Review,1,data/claim_cards/train/Manual Review/CLM-001424_v1.jpg,a638b6a0c7459c1359fe4a3c5197717c83c3e85a09926678a83e66c41f1bac8c
CLM-001424,train,Manual Review,2,data/claim_cards/train/Manual Review/CLM-001424_v2.jpg,46a8fea0fca955f9bfe21c2420afceaacfe40662eeee588f9f05f11b590ce7e7
CLM-001425,validation,Manual Review,1,data/claim_cards/validation/Manual Review/CLM-001425_v1.jpg,49c5131ff3d12c62d2d6e642ef29e5a8dfc15cd082a8f27db65071b1fd75950b
CLM-001426,validation,Manual Review,1,data/claim_cards/validation/Manual Review/CLM-001426_v1.jpg,141af018d8c379ea0ce6eb6bd7ca67b81d337772121179ce9524ca3944eb0d2a
CLM-001427,train,Manual Review,1,data/claim_cards/train/Manual Review/CLM-001427_v1.jpg,8ae041ffe9ce14144d238d232dc929fb923938411193060ca2c685aab233e95e
CLM-001427,train,Manual Review,2,data/claim_cards/train/Manual Review/CLM-001427_v2.jpg,ff4f7f984021ca179654ac25bbe6edef791c77a1b8bd3f140c8f425b7b03a8a8
CLM-001428,test,Manual Review,1,data/claim_cards/test/Manual Review/CLM-001428_v1.jpg,67aff8fa66a3e4186c49f15064a44a60d5d2b8e9d3f0cd3118cedbc7b2d3e251
CLM-001429,train,Manual Review,1,data/claim_cards/train/Manual Review/CLM-001429_v1.jpg,6335e134854cc43a886e7619247c34442b671f41ba02f59339b1d2adbde76cb4
CLM-001429,train,Manual Review,2,data/claim_cards/train/Manual Review/CLM-001429_v2.jpg,1dadce21420c7bed8e8c1b00b25d0e370a749ca6ca665dacfad026ed18281748
CLM-001430,validation,Manual Review,1,data/claim_cards/validation/Manual Review/CLM-001430_v1.jpg,2f3494c1cbe59a8ec8ddd8dddea6d4e0f40485f7aa5966d879d8b16d06e885d5
CLM-001431,validation,Manual Review,1,data/claim_cards/validation/Manual Review/CLM-001431_v1.jpg,a0178056ea8c25d5068e226317dd927257479203220e0f820dc05f717f595c69
CLM-001432,train,Manual Review,1,data/claim_cards/train/Manual Review/CLM-001432_v1.jpg,94dfe7d939a277e403cbded9c64de570324abc78c80172b9d4ad992ff9366de5
CLM-001432,train,Manual Review,2,data/claim_cards/train/Manual Review/CLM-001432_v2.jpg,59e989f26f21c9087782e8426de67630a395d907a5f13604c67a5ebb7105e396
CLM-001433,train,Manual Review,1,data/claim_cards/train/Manual Review/CLM-001433_v1.jpg,b9e03896b28343e832f7271ce2024628e17fed4f85e714fa5ca623bc3edb69cb
CLM-001433,train,Manual Review,2,data/claim_cards/train/Manual Review/CLM-001433_v2.jpg,143b7928cdabf97274333d7100eda36ae315b7a0072a94ec54fadb177b6b37fe
CLM-001434,train,Manual Review,1,data/claim_cards/train/Manual Review/CLM-001434_v1.jpg,0aeff27f9b00764edc5a09a21472fe9aa13b9a59973d4a1108b3efecf47ec14b
CLM-001434,train,Manual Review,2,data/claim_cards/train/Manual Review/CLM-001434_v2.jpg,1e9e2409d9e6f5f7c199db12a88ead0c3411758b5f76c541bf0d904ab9e9cf7c
CLM-001435,validation,Manual Review,1,data/claim_cards/validation/Manual Review/CLM-001435_v1.jpg,8084f54ce96fe072d47d580edefe8bbe8e69fb64f2db915d374266ec15465d39
CLM-001436,test,Manual Review,1,data/claim_cards/test/Manual Review/CLM-001436_v1.jpg,c4f5a36c85fd3d6e24da08d8797ee56bb6d67d2debafc8b8611def68a232438e
CLM-001437,train,Manual Review,1,data/claim_cards/train/Manual Review/CLM-001437_v1.jpg,8bcdeff4b425249276954db247c9791dd4215cb6c14c50861cb0cecee04f01d0
CLM-001437,train,Manual Review,2,data/claim_cards/train/Manual Review/CLM-001437_v2.jpg,a27b4e749c370c243696e3014d5c222dd6a7841b904288dd8171571fffb4684e
CLM-001438,train,Manual Review,1,data/claim_cards/train/Manual Review/CLM-001438_v1.jpg,74d328e09a52f86f982070e3635212d2e0908751d50dd2ad3d6d30a52e648104
CLM-001438,train,Manual Review,2,data/claim_cards/train/Manual Review/CLM-001438_v2.jpg,6ad72bbcd22584f86aa93317e3c1e6e771227219b64dce1cbd882cb5a09b5ea7
CLM-001439,train,Manual Review,1,data/claim_cards/train/Manual Review/CLM-001439_v1.jpg,94fbfb68e1bd4d153190ad3304295f22e99d78926fd6cb667bc943c3af1ea2a1
CLM-001439,train,Manual Review,2,data/claim_cards/train/Manual Review/CLM-001439_v2.jpg,4f8ef28e564f68b66faa1e76bca277b0bd8e6827cfde27ec7e46cd02fe10d77d
CLM-001440,train,Manual Review,1,data/claim_cards/train/Manual Review/CLM-001440_v1.jpg,bb6ce3b16142ea710d4677bd6ca40d1791663ff5f7c7e7b07e221ad67f06c797
CLM-001440,train,Manual Review,2,data/claim_cards/train/Manual Review/CLM-001440_v2.jpg,db018760e9000b4e2f659c09bed00bc6521898229dec915d05261582b5833109
CLM-001441,train,Manual Review,1,data/claim_cards/train/Manual Review/CLM-001441_v1.jpg,0a74efcd7d249f4325dbe2fc9234819bccd700c0570e74041664312e1e1a00db
CLM-001441,train,Manual Review,2,data/claim_cards/train/Manual Review/CLM-001441_v2.jpg,2b644a3e820f8f1f1f11abb7cd5f8f008ae3a16f9d183a96dbe905ed6a6a72fb
CLM-001442,validation,Manual Review,1,data/claim_cards/validation/Manual Review/CLM-001442_v1.jpg,c8e6cd90bf3d69e26191f7e92f5d232c44ba57bcf827d8b026b67424bdd04b21
CLM-001443,train,Manual Review,1,data/claim_cards/train/Manual Review/CLM-001443_v1.jpg,b5abc604400e28185a40429168819c1c05b05ecc84b5e89ef27c42a73d4a87c4
CLM-001443,train,Manual Review,2,data/claim_cards/train/Manual Review/CLM-001443_v2.jpg,b0c7a37894da581fb1a0fd545d6c1dccc38a5e1e2e856c79ec3f8e57a3d86614
CLM-001444,test,Manual Review,1,data/claim_cards/test/Manual Review/CLM-001444_v1.jpg,250a9f70f75afb4df7683ed498f1265e3689fddcee0bee8c974c895f69d4650e
CLM-001445,train,Manual Review,1,data/claim_cards/train/Manual Review/CLM-001445_v1.jpg,5d8c7626b628a3ea44ba602c55e7720ae912298553b4513db0ccbef691714fb3
CLM-001445,train,Manual Review,2,data/claim_cards/train/Manual Review/CLM-001445_v2.jpg,07ef3988cf217135a5f39a451f38a76cf5e66770101353ff6148f7335bfa250c
CLM-001446,test,Manual Review,1,data/claim_cards/test/Manual Review/CLM-001446_v1.jpg,ebc2ca8a59c2e1c83d8a8996034fe6c26b58de15673f4f3b025f6b3c20c78581
CLM-001447,validation,Manual Review,1,data/claim_cards/validation/Manual Review/CLM-001447_v1.jpg,80fd3cbc9601cc751a939174878b60ee72cf47a9cf2811ad24a1ced7a907be29
CLM-001448,train,Manual Review,1,data/claim_cards/train/Manual Review/CLM-001448_v1.jpg,887a130b4135341758cf441a9fc76e5ee5121da9749c2e0d251834ae36ab393f
CLM-001448,train,Manual Review,2,data/claim_cards/train/Manual Review/CLM-001448_v2.jpg,c5bc2142e8ee86f20adfb330c8e99b5888a71b0be3667bd7e84195859bf5fb24
CLM-001449,validation,Manual Review,1,data/claim_cards/validation/Manual Review/CLM-001449_v1.jpg,5ce2c245cad9762c93a9672e83b5464ea3a760de0ece1eae53481d6aed30c5d8
CLM-001450,train,Manual Review,1,data/claim_cards/train/Manual Review/CLM-001450_v1.jpg,39f16c2d30f4bd57ccc71d001f94724248ecce182b6846cb647df69581b92374
CLM-001450,train,Manual Review,2,data/claim_cards/train/Manual Review/CLM-001450_v2.jpg,73c648107da7172bde7a977f607f33469ce116e1fc470e9f7a451b18b321e3f5
CLM-001451,train,Manual Review,1,data/claim_cards/train/Manual Review/CLM-001451_v1.jpg,e8c8ae6ab7bffa359c1898fe26f29d25317219e5dd456c9f3cc64852dc692b77
CLM-001451,train,Manual Review,2,data/claim_cards/train/Manual Review/CLM-001451_v2.jpg,cf81bc0e7d030dc22ec9a96104b0720ac59ac71fda2a6ae7378a0fa125aade22
CLM-001452,train,Manual Review,1,data/claim_cards/train/Manual Review/CLM-001452_v1.jpg,b47cb913c3fe5b915a02617ce83bebc4089f8f6aaa2a6b50b4b92a87ca38cb7b
CLM-001452,train,Manual Review,2,data/claim_cards/train/Manual Review/CLM-001452_v2.jpg,b8719d7b5b7e544aeb6885c1747a57d0401e73b134d41626b8e4c6548fbd72e7
CLM-001453,train,Manual Review,1,data/claim_cards/train/Manual Review/CLM-001453_v1.jpg,b8d413b2068466d0da324e95b5063158d1af4af993a3f35644834021e92e154e
CLM-001453,train,Manual Review,2,data/claim_cards/train/Manual Review/CLM-001453_v2.jpg,7921ace78f3765d656bf5e14534cebd6afc7f39a54ec5ba9377e635905d3964c
CLM-001454,train,Manual Review,1,data/claim_cards/train/Manual Review/CLM-001454_v1.jpg,70a8b0f32f09cb51c0d71aa6d8102a8b4e107de6adf02536efd6c0c5620531fe
CLM-001454,train,Manual Review,2,data/claim_cards/train/Manual Review/CLM-001454_v2.jpg,d34fa743f0b72ccf96ef464e04c77d9911edf6453244f2dc26fd07d4c2f01baf
CLM-001455,train,Manual Review,1,data/claim_cards/train/Manual Review/CLM-001455_v1.jpg,085e5fe11c7a257756376a6dac90f34cdd53dab01a50e223265793fa1e326c3f
CLM-001455,train,Manual Review,2,data/claim_cards/train/Manual Review/CLM-001455_v2.jpg,cec59f1c2b3020099f579b14d9deff2fa5971b487de6f7145ff9e557acc16cce
CLM-001456,train,Manual Review,1,data/claim_cards/train/Manual Review/CLM-001456_v1.jpg,1858deeb118ef07633af288f7c50d1153f327c578c290466e9d564aeaa638cee
CLM-001456,train,Manual Review,2,data/claim_cards/train/Manual Review/CLM-001456_v2.jpg,72b01426d2843bf031070cd9e30afe6944097a7a0183e1c05af9538ea67122c3
CLM-001457,test,Manual Review,1,data/claim_cards/test/Manual Review/CLM-001457_v1.jpg,fbea7bf2248eca60ccd63f7fc3ee530f4772633ee057c357056f7236af065f3b
CLM-001458,validation,Manual Review,1,data/claim_cards/validation/Manual Review/CLM-001458_v1.jpg,e2f0ae8a969777dd91f22a7c985790dad8d84641d3958ed2bb00c99e81695626
CLM-001459,test,Manual Review,1,data/claim_cards/test/Manual Review/CLM-001459_v1.jpg,6d66172d03bf0a721ca5659598aed4b2ac0b77080261130e348444935d806832
CLM-001460,test,Manual Review,1,data/claim_cards/test/Manual Review/CLM-001460_v1.jpg,99d05a277a1c9e7aae1dd86d8ac3afb2cc71f11da8b575b231c8bef18b27f21d
CLM-001461,train,Manual Review,1,data/claim_cards/train/Manual Review/CLM-001461_v1.jpg,cc72fa57c0b08d3303c634f4918a2dff5de15a101edc7c704d9bbe2ff59bd9ad
CLM-001461,train,Manual Review,2,data/claim_cards/train/Manual Review/CLM-001461_v2.jpg,2e7c1fd55a9ae18953ea6f2a6d290e51b4ce240f6e735df346cd5a148f8728f6
CLM-001462,train,Manual Review,1,data/claim_cards/train/Manual Review/CLM-001462_v1.jpg,7a4a555a43826737d0fc65698643fefff0e3b4c233a08cb629e7c948b7f0c04e
CLM-001462,train,Manual Review,2,data/claim_cards/train/Manual Review/CLM-001462_v2.jpg,cda260c0069f90ea5c343090c343b0e8ad6d867279e4031b48ceed9196b1d55f
CLM-001463,train,Manual Review,1,data/claim_cards/train/Manual Review/CLM-001463_v1.jpg,9af45c1905aa0e4fd549270abe15c17f51adba988a22ca03d8fad257b85f801f
CLM-001463,train,Manual Review,2,data/claim_cards/train/Manual Review/CLM-001463_v2.jpg,c40f601c5d70a42161d652e6a9761e3e74615019555252e54bc89cd572aa5a97
CLM-001464,validation,Manual Review,1,data/claim_cards/validation/Manual Review/CLM-001464_v1.jpg,15dd0f31d4f7550c2dc8a82ff2eceaf1f6d243ade8e4fc81bfe17368b06384e7
CLM-001465,train,Manual Review,1,data/claim_cards/train/Manual Review/CLM-001465_v1.jpg,e6a2c04ef75fad09b5391a2be6dc7a5939f764022c26651dfe5c575eae6f5d95
CLM-001465,train,Manual Review,2,data/claim_cards/train/Manual Review/CLM-001465_v2.jpg,12440678b80ffc831cd055426842c6cf4f65d87e81f043cef226bdc3888e21cf
CLM-001466,train,Manual Review,1,data/claim_cards/train/Manual Review/CLM-001466_v1.jpg,791f2d37adb497f5be6597b5ffeb8252cf89a9183ddeeac2216f88c546f9ff9a
CLM-001466,train,Manual Review,2,data/claim_cards/train/Manual Review/CLM-001466_v2.jpg,27cd93dadc33896dc524f6e317d546c7cf114ac6e5d68e07cc4fbef70fbe96c6
CLM-001467,test,Manual Review,1,data/claim_cards/test/Manual Review/CLM-001467_v1.jpg,bbd22dfe7274fa5b27568c6489c43081fd1d042920547c16b7212f47118bca35
CLM-001468,train,Manual Review,1,data/claim_cards/train/Manual Review/CLM-001468_v1.jpg,2739f306dd2af0583ecc5a4c847f056e1d7f439ca6cf8af5faac04c5ddb03db9
CLM-001468,train,Manual Review,2,data/claim_cards/train/Manual Review/CLM-001468_v2.jpg,7c8cfa7ad749c4d3d312b0e190d86b84eab286d369435d9e9108dd4b853c7070
CLM-001469,validation,Manual Review,1,data/claim_cards/validation/Manual Review/CLM-001469_v1.jpg,585c7910a789741f7589167155185e3598d0db4ac12a02dc823b6c9b9eacd074
CLM-001470,train,Manual Review,1,data/claim_cards/train/Manual Review/CLM-001470_v1.jpg,7692feda6324d393b835744d6d07cc4ac0085154993519d9ddccab2b19a0f69d
CLM-001470,train,Manual Review,2,data/claim_cards/train/Manual Review/CLM-001470_v2.jpg,b97637bdd6b05da1a41225bb0d1e0dd6d0fd65327a6755058e96cea0e063c550
CLM-001471,train,Manual Review,1,data/claim_cards/train/Manual Review/CLM-001471_v1.jpg,2d1f3b4a86d4f49755f97475ebeb6b2f17c3ab2adde72d4f819d973f592c4fd4
CLM-001471,train,Manual Review,2,data/claim_cards/train/Manual Review/CLM-001471_v2.jpg,7c43218fdf8924713b1975e2595dbcbeacc1af7ae1c1ea394dd97a3d7e8f3aa8
CLM-001472,train,Manual Review,1,data/claim_cards/train/Manual Review/CLM-001472_v1.jpg,aea9841c0c8c4d9dd966dbaa561c487b9f0715809cd9b47da4d81c0dec63a8b1
CLM-001472,train,Manual Review,2,data/claim_cards/train/Manual Review/CLM-001472_v2.jpg,a30822a4f8cf56f1d2b3044d9ca01760d30188b94595e35c44a7f56e5291ed98
CLM-001473,train,Manual Review,1,data/claim_cards/train/Manual Review/CLM-001473_v1.jpg,257f0ad9558f5e4b7ffb7fa34010e53365255f547e3c04419ac0f91e4fc52ef3
CLM-001473,train,Manual Review,2,data/claim_cards/train/Manual Review/CLM-001473_v2.jpg,e5efbd90147d58b212d00fb1d5c96dff51dd63bf9317c8d935cdc5ff642b8b08
CLM-001474,test,Manual Review,1,data/claim_cards/test/Manual Review/CLM-001474_v1.jpg,c319c6931a1250f5b197944e18db6de898f987b21c43d9beeaed07eb7322cddc
CLM-001475,train,Manual Review,1,data/claim_cards/train/Manual Review/CLM-001475_v1.jpg,b9c73a29b4059ffc9e2a0ebb670dfcfea32563025b906f42a1d783599d80a849
CLM-001475,train,Manual Review,2,data/claim_cards/train/Manual Review/CLM-001475_v2.jpg,f57c988055df493ff5aeb3b8e9cf78de32fecf9ed7886962978b2fef651b2221
CLM-001476,train,Manual Review,1,data/claim_cards/train/Manual Review/CLM-001476_v1.jpg,755cddb5d8697984abe3324c51ab42d238d8d5c9d70cd576df83b6903b6dacce
CLM-001476,train,Manual Review,2,data/claim_cards/train/Manual Review/CLM-001476_v2.jpg,b17e203607d010f6d00284008e9b0d7306cc083a3e8027bd9f79ee28ee5c2f2e
CLM-001477,validation,Manual Review,1,data/claim_cards/validation/Manual Review/CLM-001477_v1.jpg,a363bcf9cd857bbd557f24102881e474ef4b2e4de38b7d8e802d4ae1adadf7cc
CLM-001478,train,Manual Review,1,data/claim_cards/train/Manual Review/CLM-001478_v1.jpg,a01b4f270e61018830f067ec7e03fe5f4f84004f9dea4ebfa9807f6dd1efe627
CLM-001478,train,Manual Review,2,data/claim_cards/train/Manual Review/CLM-001478_v2.jpg,cfb115245879bcf2bb49b7563335649b7b39835cd12e38690ff4b0a3440a5dd5
CLM-001479,train,Manual Review,1,data/claim_cards/train/Manual Review/CLM-001479_v1.jpg,62ddcc8ec155b12d9878e421119d3fe03e11bd6f576480224ff1e889843af504
CLM-001479,train,Manual Review,2,data/claim_cards/train/Manual Review/CLM-001479_v2.jpg,5a78adf51cb4c7448b069a13365c2360bc16e8f4aeeac63bf88fb06e4cc89b1b
CLM-001480,train,Manual Review,1,data/claim_cards/train/Manual Review/CLM-001480_v1.jpg,20f10a57bb028f7505e2b7a9469d9deb7e73cc1f853f10fa3b5f9555fe71f0ca
CLM-001480,train,Manual Review,2,data/claim_cards/train/Manual Review/CLM-001480_v2.jpg,2c58e62bd33f83ce1bc2e7f3499fc5237683ac2ff179c28e4b79d7e85e8c00d8
CLM-001481,test,Manual Review,1,data/claim_cards/test/Manual Review/CLM-001481_v1.jpg,b55791aeddf7fddd6cddbf3394e73d2bace4c5f9a9512604d5b000bbf531e9ad
CLM-001482,train,Manual Review,1,data/claim_cards/train/Manual Review/CLM-001482_v1.jpg,8d32f78e8d0432414fa1cdea48acaf38bc0936bd887ef0fb509defd412560109
CLM-001482,train,Manual Review,2,data/claim_cards/train/Manual Review/CLM-001482_v2.jpg,b5585953795308f6ecd57553f8185631ca24eb3c5ae6c01f3b8aca7a02cd155b
CLM-001483,validation,Manual Review,1,data/claim_cards/validation/Manual Review/CLM-001483_v1.jpg,9b4ce492ba51b04d760840602ca258f82eb7d77e7a0bab932cc5e4166811f673
CLM-001484,train,Manual Review,1,data/claim_cards/train/Manual Review/CLM-001484_v1.jpg,488833e73f4e417b6656164bd8204be4a2ee539c17d88fb7310ea9b4950cc4f3
CLM-001484,train,Manual Review,2,data/claim_cards/train/Manual Review/CLM-001484_v2.jpg,ee574b60f7f356efbe9ab29b1df3fd14a72c3aa066154c25f573d52c928bd188
CLM-001485,train,Manual Review,1,data/claim_cards/train/Manual Review/CLM-001485_v1.jpg,76921f1cafe3e5604e98cd0531f035a0312456459b7ecd05f7c4e2d5bcd33650
CLM-001485,train,Manual Review,2,data/claim_cards/train/Manual Review/CLM-001485_v2.jpg,d3737569db06bcbeaadf65b8dd368aa0e0c2870c199b64be4b5cccdc2c0aba3e
CLM-001486,train,Manual Review,1,data/claim_cards/train/Manual Review/CLM-001486_v1.jpg,4cc76bb4f162d612f21b2917c05f7897ab77e8af133c94fea84200d63987f69c
CLM-001486,train,Manual Review,2,data/claim_cards/train/Manual Review/CLM-001486_v2.jpg,66a26c0bfebe90fd034256e547bd82911a35d558d9e87a4546c9a7fd6091fc6f
CLM-001487,validation,Manual Review,1,data/claim_cards/validation/Manual Review/CLM-001487_v1.jpg,fc255271bf0ffe3bca4649dd5481a07f0085648bf343c52274f38d349e849783
CLM-001488,train,Manual Review,1,data/claim_cards/train/Manual Review/CLM-001488_v1.jpg,ca8b99a116d6c3adef8041f8f605c941ee8df79ed87e3597621fc49dc806fae7
CLM-001488,train,Manual Review,2,data/claim_cards/train/Manual Review/CLM-001488_v2.jpg,564a7c861758523e83d085c6aaf3b11a2a4bff1bfb81ff362c640b844e4961da
CLM-001489,validation,Manual Review,1,data/claim_cards/validation/Manual Review/CLM-001489_v1.jpg,c735401659328189944793bcb661a8600f1e00b5e1653db06475d409f924692e
CLM-001490,train,Manual Review,1,data/claim_cards/train/Manual Review/CLM-001490_v1.jpg,780b83239d510442cc3ba7833319a8ef40d59be87d152f09ff7aef1c73303e09
CLM-001490,train,Manual Review,2,data/claim_cards/train/Manual Review/CLM-001490_v2.jpg,5c1094b14269d3d666938317d10f54e2a9471b7c8e8e4fe4fd82ec4870ed3452
CLM-001491,train,Manual Review,1,data/claim_cards/train/Manual Review/CLM-001491_v1.jpg,b8cdcde268d56c207d6d31732df72d7868e891e4a5608a98cb6f5619ce7c1688
CLM-001491,train,Manual Review,2,data/claim_cards/train/Manual Review/CLM-001491_v2.jpg,f1589c65b49a092da9937f768e487b82ff61b4a8c8cc4da8e9d46303f4e17fd9
CLM-001492,train,Manual Review,1,data/claim_cards/train/Manual Review/CLM-001492_v1.jpg,05ad98927f26660295acbe815f8ed4a3a3bf403aad43fb822340518368ce6eac
CLM-001492,train,Manual Review,2,data/claim_cards/train/Manual Review/CLM-001492_v2.jpg,7d1b2df4858313ba0ddfe53f479126134dc095068524b37ebae76f7826ec29da
CLM-001493,test,Manual Review,1,data/claim_cards/test/Manual Review/CLM-001493_v1.jpg,70a851e271eff80801eaffc40789429e694de8bb30d61f6e1ac77def85aa8601
CLM-001494,train,Manual Review,1,data/claim_cards/train/Manual Review/CLM-001494_v1.jpg,b08c6df2146438003393cd97b23a71fe2d987bc6633babafd4d3c29c36affbdc
CLM-001494,train,Manual Review,2,data/claim_cards/train/Manual Review/CLM-001494_v2.jpg,3802071b2b8330d94d2b34446d21305aec54441e9f6da0de9df704978a722232
CLM-001495,train,Manual Review,1,data/claim_cards/train/Manual Review/CLM-001495_v1.jpg,64ea922b59fefabeda51faceaadd1f8ec432a397f4c8b0ec67fa08c3078576b6
CLM-001495,train,Manual Review,2,data/claim_cards/train/Manual Review/CLM-001495_v2.jpg,650a32aa376fa954668a46cfd3b5b4a4fbdd3cb416614dbf400e9161d53934e6
CLM-001496,train,Manual Review,1,data/claim_cards/train/Manual Review/CLM-001496_v1.jpg,5402ec16e3d7f3d7f44e2cfe30f026bf5f12732ef115bc760ad82fc7dedb0551
CLM-001496,train,Manual Review,2,data/claim_cards/train/Manual Review/CLM-001496_v2.jpg,d5985686f292858fe75f695798b611c332810b30b0fd4f7e4647af891d609866
CLM-001497,test,Manual Review,1,data/claim_cards/test/Manual Review/CLM-001497_v1.jpg,806fc6b04bf7e038ee2d0fbc85d5ee50f280b57a046117224a35e9b2eff94a69
CLM-001498,train,Manual Review,1,data/claim_cards/train/Manual Review/CLM-001498_v1.jpg,129c9228867f18a93a78bb849a8dbb8f8a59d00690194ff45b949e5107db8195
CLM-001498,train,Manual Review,2,data/claim_cards/train/Manual Review/CLM-001498_v2.jpg,23cc7ff3983c4000a5db167c46f37712e02746264768514b71ff4031c820139d
CLM-001499,train,Manual Review,1,data/claim_cards/train/Manual Review/CLM-001499_v1.jpg,777c3eded9540a6298957f6d14eff922285772f68f3da0d4a993e8773e107861
CLM-001499,train,Manual Review,2,data/claim_cards/train/Manual Review/CLM-001499_v2.jpg,933ab28fee320e3d320aebcfb8596077054d352fb7ab425fec641827bbd1300e
CLM-001500,test,Manual Review,1,data/claim_cards/test/Manual Review/CLM-001500_v1.jpg,27bc5097b2863451760d0f80e16e2d29a076ca3e73ff9248123cf3f9930f8c5d
