claim_id,product_name,category,brand,model_number,serial_number,retailer,purchase_date,purchase_price,warranty_duration_months,warranty_end_date,claim_date,product_age_days,remaining_warranty_days,fault_type,fault_covered,repair_history_count,serial_number_entered,serial_number_match,documents_provided,missing_document_count,claim_date_before_purchase,repair_date_before_purchase,class_label,fault_occurrence_date,repair_date,warranty_boundary_proximity,has_partial_documents,split
CLM-000001,Washing Machine,Home Appliance,Cleanwave,CW-700,SN28728463,TechHub Store,2022-08-17,549.76,12,2023-08-12,2023-06-17,304,56,Compressor failure,True,0,SN28728463,True,"receipt,warranty_card,product_photo,serial_evidence,fault_evidence",0,False,False,Valid Claim,2023-06-10,,56,0,train
CLM-000002,Laptop,Electronics,Vertex,VT-14,SN22575562,MegaMart Electronics,2025-01-21,722.55,12,2026-01-16,2025-12-27,340,20,Battery defect,True,1,SN22575562,True,"receipt,warranty_card,product_photo,serial_evidence,fault_evidence",0,False,False,Valid Claim,2025-12-20,2025-11-26,20,0,validation
CLM-000003,Refrigerator,Home Appliance,FrostLine,FL-300X,SN39587039,HomeStyle Retail,2022-02-24,752.12,24,2024-02-14,2023-09-20,573,147,Motor malfunction,True,0,SN39587039,True,"receipt,warranty_card,product_photo,serial_evidence,fault_evidence",0,False,False,Valid Claim,2023-09-13,,147,0,train
CLM-000004,Smartphone,Electronics,Nova,NV-200,SN55667651,MegaMart Electronics,2022-01-14,773.43,24,2024-01-04,2023-12-11,696,24,Component failure,True,0,SN55667651,True,"receipt,warranty_card,product_photo,serial_evidence,fault_evidence",0,False,False,Valid Claim,2023-12-04,,24,0,train
CLM-000005,Washing Machine,Home Appliance,Cleanwave,CW-750D,SN56164955,HomeStyle Retail,2023-11-21,356.65,12,2024-11-15,2024-08-18,271,89,Manufacturing defect,True,0,SN56164955,True,"receipt,warranty_card,product_photo,serial_evidence,fault_evidence",0,False,False,Valid Claim,2024-08-11,,89,0,validation
CLM-000006,Television,Electronics,Vistara,VS-55UHD,SN20576383,HomeStyle Retail,2024-07-29,522.08,18,2026-01-20,2025-12-31,520,20,Compressor failure,True,0,SN20576383,True,"receipt,warranty_card,product_photo,serial_evidence,fault_evidence",0,False,False,Valid Claim,2025-12-24,,20,0,train
CLM-000007,Refrigerator,Home Appliance,FrostLine,FL-220,SN98753260,MegaMart Electronics,2024-01-11,1361.68,24,2025-12-31,2025-11-07,666,54,Motor malfunction,True,0,SN98753260,True,"receipt,warranty_card,product_photo,serial_evidence,fault_evidence",0,False,False,Valid Claim,2025-10-31,,54,0,train
CLM-000008,Television,Electronics,Vistara,VS-55UHD,SN47308985,HomeStyle Retail,2022-06-13,598.64,36,2025-05-28,2025-03-03,994,86,Motor malfunction,True,0,SN47308985,True,"receipt,warranty_card,product_photo,serial_evidence,fault_evidence",0,False,False,Valid Claim,2025-02-24,,86,0,train
CLM-000009,Smartphone,Electronics,Nova,NV-200,SN96977837,MegaMart Electronics,2022-11-30,388.15,18,2024-05-23,2024-05-03,520,20,Compressor failure,True,0,SN96977837,True,"receipt,warranty_card,product_photo,serial_evidence,fault_evidence",0,False,False,Valid Claim,2024-04-26,,20,0,validation
CLM-000010,Washing Machine,Home Appliance,Cleanwave,CW-750D,SN60929647,MegaMart Electronics,2022-12-17,1018.34,18,2024-06-09,2023-06-19,184,356,Compressor failure,True,2,SN60929647,True,"receipt,warranty_card,product_photo,serial_evidence,fault_evidence",0,False,False,Valid Claim,2023-06-12,2023-06-12,356,0,train
CLM-000011,Washing Machine,Home Appliance,Cleanwave,CW-700,SN40742311,TechHub Store,2025-02-14,710.46,12,2026-02-09,2026-01-20,340,20,Motor malfunction,True,0,SN40742311,True,"receipt,warranty_card,product_photo,serial_evidence,fault_evidence",0,False,False,Valid Claim,2026-01-13,,20,0,train
CLM-000012,Smartphone,Electronics,Nova,NV-X1,SN52235350,MegaMart Electronics,2024-04-01,1071.39,12,2025-03-27,2025-01-04,278,82,Display fault,True,0,SN52235350,True,"receipt,warranty_card,product_photo,serial_evidence,fault_evidence",0,False,False,Valid Claim,2024-12-28,,82,0,train
CLM-000013,Refrigerator,Home Appliance,FrostLine,FL-220,SN45551614,MegaMart Electronics,2024-03-21,1159.1,36,2027-03-06,2026-05-22,792,288,Compressor failure,True,0,SN45551614,True,"receipt,warranty_card,product_photo,serial_evidence,fault_evidence",0,False,False,Valid Claim,2026-05-15,,288,0,train
CLM-000014,Air Conditioner,Home Appliance,Chillmax,CM-1.5T,SN88320463,HomeStyle Retail,2025-02-23,515.43,18,2026-08-17,2026-05-21,452,88,Component failure,True,0,SN88320463,True,"receipt,warranty_card,product_photo,serial_evidence,fault_evidence",0,False,False,Valid Claim,2026-05-14,,88,0,test
CLM-000015,Smartphone,Electronics,Nova,NV-100,SN24716857,MegaMart Electronics,2022-10-11,818.0,18,2024-04-03,2024-03-10,516,24,Component failure,True,0,SN24716857,True,"receipt,warranty_card,product_photo,serial_evidence,fault_evidence",0,False,False,Valid Claim,2024-03-03,,24,0,validation
CLM-000016,Washing Machine,Home Appliance,Cleanwave,CW-750D,SN81016525,MegaMart Electronics,2024-05-14,953.98,24,2026-05-04,2026-04-08,694,26,Battery defect,True,0,SN81016525,True,"receipt,warranty_card,product_photo,serial_evidence,fault_evidence",0,False,False,Valid Claim,2026-04-01,,26,0,train
CLM-000017,Smartphone,Electronics,Nova,NV-X1,SN45812670,TechHub Store,2022-01-24,313.64,24,2024-01-14,2023-11-28,673,47,Motor malfunction,True,1,SN45812670,True,"receipt,warranty_card,product_photo,serial_evidence,fault_evidence",0,False,False,Valid Claim,2023-11-21,2022-05-19,47,0,train
CLM-000018,Laptop,Electronics,Vertex,VT-15Pro,SN77187530,TechHub Store,2023-08-25,486.24,18,2025-02-15,2025-01-07,501,39,Battery defect,True,0,SN77187530,True,"receipt,warranty_card,product_photo,serial_evidence,fault_evidence",0,False,False,Valid Claim,2024-12-31,,39,0,train
CLM-000019,Washing Machine,Home Appliance,Cleanwave,CW-700,SN30513739,HomeStyle Retail,2022-08-06,1083.37,36,2025-07-21,2025-07-01,1060,20,Component failure,True,0,SN30513739,True,"receipt,warranty_card,product_photo,serial_evidence,fault_evidence",0,False,False,Valid Claim,2025-06-24,,20,0,train
CLM-000020,Television,Electronics,Vistara,VS-43,SN90388981,MegaMart Electronics,2025-01-09,851.96,36,2027-12-25,2027-07-01,903,177,Manufacturing defect,True,0,SN90388981,True,"receipt,warranty_card,product_photo,serial_evidence,fault_evidence",0,False,False,Valid Claim,2027-06-24,,177,0,train
CLM-000021,Television,Electronics,Vistara,VS-55UHD,SN42138745,MegaMart Electronics,2022-08-18,306.9,36,2025-08-02,2025-06-10,1027,53,Battery defect,True,0,SN42138745,True,"receipt,warranty_card,product_photo,serial_evidence,fault_evidence",0,False,False,Valid Claim,2025-06-03,,53,0,test
CLM-000022,Laptop,Electronics,Vertex,VT-14,SN81498611,TechHub Store,2022-06-11,900.17,12,2023-06-06,2023-04-23,316,44,Component failure,True,0,SN81498611,True,"receipt,warranty_card,product_photo,serial_evidence,fault_evidence",0,False,False,Valid Claim,2023-04-16,,44,0,test
CLM-000023,Smartphone,Electronics,Nova,NV-X1,SN91415657,HomeStyle Retail,2024-08-31,839.92,36,2027-08-16,2027-03-13,924,156,Component failure,True,0,SN91415657,True,"receipt,warranty_card,product_photo,serial_evidence,fault_evidence",0,False,False,Valid Claim,2027-03-06,,156,0,train
CLM-000024,Refrigerator,Home Appliance,FrostLine,FL-300X,SN63551839,CityWide Appliances,2025-01-09,993.42,24,2026-12-30,2026-12-10,700,20,Compressor failure,True,0,SN63551839,True,"receipt,warranty_card,product_photo,serial_evidence,fault_evidence",0,False,False,Valid Claim,2026-12-03,,20,0,train
CLM-000025,Laptop,Electronics,Vertex,VT-14,SN43273328,MegaMart Electronics,2024-02-04,990.21,18,2025-07-28,2025-02-07,369,171,Motor malfunction,True,0,SN43273328,True,"receipt,warranty_card,product_photo,serial_evidence,fault_evidence",0,False,False,Valid Claim,2025-01-31,,171,0,train
CLM-000026,Washing Machine,Home Appliance,Cleanwave,CW-700,SN10965138,MegaMart Electronics,2022-02-13,1006.53,24,2024-02-03,2023-11-07,632,88,Compressor failure,True,0,SN10965138,True,"receipt,warranty_card,product_photo,serial_evidence,fault_evidence",0,False,False,Valid Claim,2023-10-31,,88,0,train
CLM-000027,Television,Electronics,Vistara,VS-55UHD,SN19510312,HomeStyle Retail,2022-05-01,327.23,12,2023-04-26,2023-04-06,340,20,Motor malfunction,True,0,SN19510312,True,"receipt,warranty_card,product_photo,serial_evidence,fault_evidence",0,False,False,Valid Claim,2023-03-30,,20,0,train
CLM-000028,Smartphone,Electronics,Nova,NV-X1,SN87337818,HomeStyle Retail,2024-09-21,887.17,12,2025-09-16,2024-12-05,75,285,Display fault,True,0,SN87337818,True,"receipt,warranty_card,product_photo,serial_evidence,fault_evidence",0,False,False,Valid Claim,2024-11-28,,285,0,validation
CLM-000029,Smartphone,Electronics,Nova,NV-200,SN57553014,HomeStyle Retail,2024-04-13,470.44,12,2025-04-08,2025-02-04,297,63,Display fault,True,0,SN57553014,True,"receipt,warranty_card,product_photo,serial_evidence,fault_evidence",0,False,False,Valid Claim,2025-01-28,,63,0,train
CLM-000030,Television,Electronics,Vistara,VS-43,SN18135295,HomeStyle Retail,2022-04-21,819.19,24,2024-04-10,2024-02-29,679,41,Motor malfunction,True,0,SN18135295,True,"receipt,warranty_card,product_photo,serial_evidence,fault_evidence",0,False,False,Valid Claim,2024-02-22,,41,0,train
CLM-000031,Smartphone,Electronics,Nova,NV-200,SN28814949,HomeStyle Retail,2022-08-12,764.08,12,2023-08-07,2022-09-23,42,318,Motor malfunction,True,1,SN28814949,True,"receipt,warranty_card,product_photo,serial_evidence,fault_evidence",0,False,False,Valid Claim,2022-09-16,2022-09-11,318,0,train
CLM-000032,Smartphone,Electronics,Nova,NV-X1,SN23141087,MegaMart Electronics,2023-05-27,913.49,36,2026-05-11,2026-04-17,1056,24,Battery defect,True,1,SN23141087,True,"receipt,warranty_card,product_photo,serial_evidence,fault_evidence",0,False,False,Valid Claim,2026-04-10,2023-06-27,24,0,train
CLM-000033,Air Conditioner,Home Appliance,Chillmax,CM-1T,SN64547971,HomeStyle Retail,2022-07-11,802.57,36,2025-06-25,2024-12-10,883,197,Component failure,True,0,SN64547971,True,"receipt,warranty_card,product_photo,serial_evidence,fault_evidence",0,False,False,Valid Claim,2024-12-03,,197,0,validation
CLM-000034,Smartphone,Electronics,Nova,NV-100,SN62401521,MegaMart Electronics,2024-04-01,803.14,36,2027-03-17,2027-02-14,1049,31,Display fault,True,0,SN62401521,True,"receipt,warranty_card,product_photo,serial_evidence,fault_evidence",0,False,False,Valid Claim,2027-02-07,,31,0,train
CLM-000035,Television,Electronics,Vistara,VS-55UHD,SN30776478,MegaMart Electronics,2023-08-08,45.95,18,2025-01-29,2024-07-09,336,204,Component failure,True,0,SN30776478,True,"receipt,warranty_card,product_photo,serial_evidence,fault_evidence",0,False,False,Valid Claim,2024-07-02,,204,0,test
CLM-000036,Laptop,Electronics,Vertex,VT-15Pro,SN17672593,MegaMart Electronics,2022-04-30,728.61,24,2024-04-19,2024-03-30,700,20,Display fault,True,0,SN17672593,True,"receipt,warranty_card,product_photo,serial_evidence,fault_evidence",0,False,False,Valid Claim,2024-03-23,,20,0,train
CLM-000037,Laptop,Electronics,Vertex,VT-14,SN78159587,MegaMart Electronics,2024-10-26,698.9,36,2027-10-11,2026-11-02,737,343,Component failure,True,0,SN78159587,True,"receipt,warranty_card,product_photo,serial_evidence,fault_evidence",0,False,False,Valid Claim,2026-10-26,,343,0,train
CLM-000038,Refrigerator,Home Appliance,FrostLine,FL-220,SN64193837,MegaMart Electronics,2022-05-21,262.97,24,2024-05-10,2024-03-17,666,54,Battery defect,True,2,SN64193837,True,"receipt,warranty_card,product_photo,serial_evidence,fault_evidence",0,False,False,Valid Claim,2024-03-10,2023-01-29,54,0,train
CLM-000039,Refrigerator,Home Appliance,FrostLine,FL-300X,SN98231132,HomeStyle Retail,2025-03-31,562.15,24,2027-03-21,2026-12-29,638,82,Battery defect,True,0,SN98231132,True,"receipt,warranty_card,product_photo,serial_evidence,fault_evidence",0,False,False,Valid Claim,2026-12-22,,82,0,train
CLM-000040,Smartphone,Electronics,Nova,NV-X1,SN52169044,MegaMart Electronics,2023-10-10,424.19,36,2026-09-24,2026-06-04,968,112,Display fault,True,0,SN52169044,True,"receipt,warranty_card,product_photo,serial_evidence,fault_evidence",0,False,False,Valid Claim,2026-05-28,,112,0,train
CLM-000041,Washing Machine,Home Appliance,Cleanwave,CW-750D,SN19736572,MegaMart Electronics,2022-09-26,1050.49,24,2024-09-15,2024-08-26,700,20,Battery defect,True,0,SN19736572,True,"receipt,warranty_card,product_photo,serial_evidence,fault_evidence",0,False,False,Valid Claim,2024-08-19,,20,0,validation
CLM-000042,Smartphone,Electronics,Nova,NV-100,SN77898694,MegaMart Electronics,2025-02-27,591.07,36,2028-02-12,2028-01-23,1060,20,Motor malfunction,True,0,SN77898694,True,"receipt,warranty_card,product_photo,serial_evidence,fault_evidence",0,False,False,Valid Claim,2028-01-16,,20,0,train
CLM-000043,Washing Machine,Home Appliance,Cleanwave,CW-700,SN68812137,TechHub Store,2022-05-21,1141.7,36,2025-05-05,2023-12-13,571,509,Compressor failure,True,1,SN68812137,True,"receipt,warranty_card,product_photo,serial_evidence,fault_evidence",0,False,False,Valid Claim,2023-12-06,2023-03-27,509,0,train
CLM-000044,Air Conditioner,Home Appliance,Chillmax,CM-1.5T,SN99038526,MegaMart Electronics,2024-12-19,537.82,12,2025-12-14,2025-07-11,204,156,Component failure,True,0,SN99038526,True,"receipt,warranty_card,product_photo,serial_evidence,fault_evidence",0,False,False,Valid Claim,2025-07-04,,156,0,validation
CLM-000045,Smartphone,Electronics,Nova,NV-X1,SN30863865,MegaMart Electronics,2023-06-26,783.51,12,2024-06-20,2024-02-21,240,120,Battery defect,True,0,SN30863865,True,"receipt,warranty_card,product_photo,serial_evidence,fault_evidence",0,False,False,Valid Claim,2024-02-14,,120,0,train
CLM-000046,Smartphone,Electronics,Nova,NV-X1,SN45431319,HomeStyle Retail,2023-03-08,1148.33,24,2025-02-25,2024-07-24,504,216,Motor malfunction,True,0,SN45431319,True,"receipt,warranty_card,product_photo,serial_evidence,fault_evidence",0,False,False,Valid Claim,2024-07-17,,216,0,train
CLM-000047,Laptop,Electronics,Vertex,VT-15Pro,SN15917225,MegaMart Electronics,2022-04-15,672.67,12,2023-04-10,2023-03-17,336,24,Component failure,True,0,SN15917225,True,"receipt,warranty_card,product_photo,serial_evidence,fault_evidence",0,False,False,Valid Claim,2023-03-10,,24,0,train
CLM-000048,Laptop,Electronics,Vertex,VT-15Pro,SN85283645,MegaMart Electronics,2023-06-21,535.46,12,2024-06-15,2024-05-26,340,20,Manufacturing defect,True,0,SN85283645,True,"receipt,warranty_card,product_photo,serial_evidence,fault_evidence",0,False,False,Valid Claim,2024-05-19,,20,0,validation
CLM-000049,Air Conditioner,Home Appliance,Chillmax,CM-1T,SN67684996,MegaMart Electronics,2022-11-02,565.37,18,2024-04-25,2024-03-26,510,30,Motor malfunction,True,0,SN67684996,True,"receipt,warranty_card,product_photo,serial_evidence,fault_evidence",0,False,False,Valid Claim,2024-03-19,,30,0,test
CLM-000050,Air Conditioner,Home Appliance,Chillmax,CM-1T,SN58024342,MegaMart Electronics,2024-01-17,1049.18,36,2027-01-01,2026-11-04,1022,58,Component failure,True,1,SN58024342,True,"receipt,warranty_card,product_photo,serial_evidence,fault_evidence",0,False,False,Valid Claim,2026-10-28,2025-11-30,58,0,validation
CLM-000051,Laptop,Electronics,Vertex,VT-15Pro,SN93303777,TechHub Store,2022-07-30,568.84,18,2024-01-21,2023-12-02,490,50,Component failure,True,0,SN93303777,True,"receipt,warranty_card,product_photo,serial_evidence,fault_evidence",0,False,False,Valid Claim,2023-11-25,,50,0,test
CLM-000052,Air Conditioner,Home Appliance,Chillmax,CM-1.5T,SN13326769,MegaMart Electronics,2022-11-29,1075.18,36,2025-11-13,2025-04-24,877,203,Motor malfunction,True,0,SN13326769,True,"receipt,warranty_card,product_photo,serial_evidence,fault_evidence",0,False,False,Valid Claim,2025-04-17,,203,0,train
CLM-000053,Television,Electronics,Vistara,VS-43,SN45810056,MegaMart Electronics,2024-04-23,576.18,24,2026-04-13,2026-01-13,630,90,Compressor failure,True,2,SN45810056,True,"receipt,warranty_card,product_photo,serial_evidence,fault_evidence",0,False,False,Valid Claim,2026-01-06,2024-08-12,90,0,test
CLM-000054,Air Conditioner,Home Appliance,Chillmax,CM-1T,SN36786211,TechHub Store,2024-02-23,835.15,36,2027-02-07,2026-12-20,1031,49,Display fault,True,0,SN36786211,True,"receipt,warranty_card,product_photo,serial_evidence,fault_evidence",0,False,False,Valid Claim,2026-12-13,,49,0,validation
CLM-000055,Air Conditioner,Home Appliance,Chillmax,CM-1T,SN39920292,MegaMart Electronics,2023-12-18,1094.56,12,2024-12-12,2024-07-10,205,155,Component failure,True,0,SN39920292,True,"receipt,warranty_card,product_photo,serial_evidence,fault_evidence",0,False,False,Valid Claim,2024-07-03,,155,0,test
CLM-000056,Television,Electronics,Vistara,VS-55UHD,SN57130035,TechHub Store,2024-03-27,926.88,12,2025-03-22,2025-03-01,339,21,Display fault,True,1,SN57130035,True,"receipt,warranty_card,product_photo,serial_evidence,fault_evidence",0,False,False,Valid Claim,2025-02-22,2024-12-27,21,0,train
CLM-000057,Smartphone,Electronics,Nova,NV-200,SN33966966,HomeStyle Retail,2023-11-10,716.67,36,2026-10-25,2026-10-05,1060,20,Motor malfunction,True,0,SN33966966,True,"receipt,warranty_card,product_photo,serial_evidence,fault_evidence",0,False,False,Valid Claim,2026-09-28,,20,0,train
CLM-000058,Laptop,Electronics,Vertex,VT-15Pro,SN68571795,HomeStyle Retail,2022-03-20,487.49,12,2023-03-15,2023-02-22,339,21,Battery defect,True,0,SN68571795,True,"receipt,warranty_card,product_photo,serial_evidence,fault_evidence",0,False,False,Valid Claim,2023-02-15,,21,0,train
CLM-000059,Laptop,Electronics,Vertex,VT-15Pro,SN15957459,TechHub Store,2022-08-25,378.98,18,2024-02-16,2023-09-28,399,141,Manufacturing defect,True,0,SN15957459,True,"receipt,warranty_card,product_photo,serial_evidence,fault_evidence",0,False,False,Valid Claim,2023-09-21,,141,0,test
CLM-000060,Laptop,Electronics,Vertex,VT-14,SN58884978,HomeStyle Retail,2024-11-30,799.37,36,2027-11-15,2027-10-14,1048,32,Compressor failure,True,0,SN58884978,True,"receipt,warranty_card,product_photo,serial_evidence,fault_evidence",0,False,False,Valid Claim,2027-10-07,,32,0,train
CLM-000061,Refrigerator,Home Appliance,FrostLine,FL-220,SN50308572,HomeStyle Retail,2023-11-08,1203.46,24,2025-10-28,2025-05-17,556,164,Compressor failure,True,0,SN50308572,True,"receipt,warranty_card,product_photo,serial_evidence,fault_evidence",0,False,False,Valid Claim,2025-05-10,,164,0,train
CLM-000062,Refrigerator,Home Appliance,FrostLine,FL-220,SN35748341,HomeStyle Retail,2024-04-16,1030.03,12,2025-04-11,2025-01-01,260,100,Display fault,True,0,SN35748341,True,"receipt,warranty_card,product_photo,serial_evidence,fault_evidence",0,False,False,Valid Claim,2024-12-25,,100,0,validation
CLM-000063,Washing Machine,Home Appliance,Cleanwave,CW-700,SN50785405,MegaMart Electronics,2022-12-23,619.8,24,2024-12-12,2024-10-18,665,55,Display fault,True,1,SN50785405,True,"receipt,warranty_card,product_photo,serial_evidence,fault_evidence",0,False,False,Valid Claim,2024-10-11,2024-08-08,55,0,validation
CLM-000064,Laptop,Electronics,Vertex,VT-15Pro,SN38682516,HomeStyle Retail,2025-05-27,464.4,24,2027-05-17,2026-08-23,453,267,Compressor failure,True,0,SN38682516,True,"receipt,warranty_card,product_photo,serial_evidence,fault_evidence",0,False,False,Valid Claim,2026-08-16,,267,0,train
CLM-000065,Washing Machine,Home Appliance,Cleanwave,CW-750D,SN22534217,TechHub Store,2022-12-14,1761.34,24,2024-12-03,2024-05-27,530,190,Component failure,True,0,SN22534217,True,"receipt,warranty_card,product_photo,serial_evidence,fault_evidence",0,False,False,Valid Claim,2024-05-20,,190,0,validation
CLM-000066,Smartphone,Electronics,Nova,NV-100,SN16202700,MegaMart Electronics,2023-09-28,671.33,12,2024-09-22,2024-08-27,334,26,Display fault,True,0,SN16202700,True,"receipt,warranty_card,product_photo,serial_evidence,fault_evidence",0,False,False,Valid Claim,2024-08-20,,26,0,train
CLM-000067,Television,Electronics,Vistara,VS-43,SN61536717,HomeStyle Retail,2022-05-30,659.55,18,2023-11-21,2023-10-13,501,39,Component failure,True,0,SN61536717,True,"receipt,warranty_card,product_photo,serial_evidence,fault_evidence",0,False,False,Valid Claim,2023-10-06,,39,0,train
CLM-000068,Smartphone,Electronics,Nova,NV-100,SN67062156,MegaMart Electronics,2022-10-30,618.77,24,2024-10-19,2023-11-16,382,338,Compressor failure,True,2,SN67062156,True,"receipt,warranty_card,product_photo,serial_evidence,fault_evidence",0,False,False,Valid Claim,2023-11-09,2023-07-23,338,0,train
CLM-000069,Washing Machine,Home Appliance,Cleanwave,CW-700,SN71265269,MegaMart Electronics,2024-08-09,860.9,12,2025-08-04,2025-07-15,340,20,Display fault,True,3,SN71265269,True,"receipt,warranty_card,product_photo,serial_evidence,fault_evidence",0,False,False,Valid Claim,2025-07-08,2025-05-08,20,0,train
CLM-000070,Television,Electronics,Vistara,VS-55UHD,SN92228802,TechHub Store,2025-02-18,818.43,24,2027-02-08,2026-12-12,662,58,Battery defect,True,1,SN92228802,True,"receipt,warranty_card,product_photo,serial_evidence,fault_evidence",0,False,False,Valid Claim,2026-12-05,2026-05-01,58,0,train
CLM-000071,Smartphone,Electronics,Nova,NV-200,SN70407340,MegaMart Electronics,2025-01-27,811.55,18,2026-07-21,2026-06-29,518,22,Component failure,True,0,SN70407340,True,"receipt,warranty_card,product_photo,serial_evidence,fault_evidence",0,False,False,Valid Claim,2026-06-22,,22,0,train
CLM-000072,Laptop,Electronics,Vertex,VT-14,SN46855845,HomeStyle Retail,2023-07-22,671.04,24,2025-07-11,2025-04-01,619,101,Compressor failure,True,0,SN46855845,True,"receipt,warranty_card,product_photo,serial_evidence,fault_evidence",0,False,False,Valid Claim,2025-03-25,,101,0,test
CLM-000073,Washing Machine,Home Appliance,Cleanwave,CW-700,SN28572252,MegaMart Electronics,2023-08-09,1233.09,12,2024-08-03,2024-04-11,246,114,Display fault,True,0,SN28572252,True,"receipt,warranty_card,product_photo,serial_evidence,fault_evidence",0,False,False,Valid Claim,2024-04-04,,114,0,train
CLM-000074,Smartphone,Electronics,Nova,NV-200,SN54410148,HomeStyle Retail,2022-11-09,661.68,24,2024-10-29,2024-06-08,577,143,Display fault,True,0,SN54410148,True,"receipt,warranty_card,product_photo,serial_evidence,fault_evidence",0,False,False,Valid Claim,2024-06-01,,143,0,train
CLM-000075,Laptop,Electronics,Vertex,VT-14,SN87267850,HomeStyle Retail,2022-05-08,855.92,12,2023-05-03,2023-03-11,307,53,Manufacturing defect,True,1,SN87267850,True,"receipt,warranty_card,product_photo,serial_evidence,fault_evidence",0,False,False,Valid Claim,2023-03-04,2022-11-05,53,0,train
CLM-000076,Air Conditioner,Home Appliance,Chillmax,CM-1.5T,SN82238741,TechHub Store,2023-09-04,709.77,24,2025-08-24,2024-11-04,427,293,Battery defect,True,0,SN82238741,True,"receipt,warranty_card,product_photo,serial_evidence,fault_evidence",0,False,False,Valid Claim,2024-10-28,,293,0,train
CLM-000077,Laptop,Electronics,Vertex,VT-15Pro,SN68496914,HomeStyle Retail,2025-05-20,779.88,36,2028-05-04,2028-02-11,997,83,Display fault,True,0,SN68496914,True,"receipt,warranty_card,product_photo,serial_evidence,fault_evidence",0,False,False,Valid Claim,2028-02-04,,83,0,train
CLM-000078,Air Conditioner,Home Appliance,Chillmax,CM-1T,SN72732043,CityWide Appliances,2023-11-20,1257.7,24,2025-11-09,2025-05-03,530,190,Battery defect,True,1,SN72732043,True,"receipt,warranty_card,product_photo,serial_evidence,fault_evidence",0,False,False,Valid Claim,2025-04-26,2023-12-18,190,0,train
CLM-000079,Refrigerator,Home Appliance,FrostLine,FL-220,SN96268397,HomeStyle Retail,2024-03-17,951.98,24,2026-03-07,2026-01-10,664,56,Display fault,True,0,SN96268397,True,"receipt,warranty_card,product_photo,serial_evidence,fault_evidence",0,False,False,Valid Claim,2026-01-03,,56,0,train
CLM-000080,Washing Machine,Home Appliance,Cleanwave,CW-700,SN71028710,MegaMart Electronics,2023-01-08,630.38,12,2024-01-03,2023-10-20,285,75,Display fault,True,0,SN71028710,True,"receipt,warranty_card,product_photo,serial_evidence,fault_evidence",0,False,False,Valid Claim,2023-10-13,,75,0,train
CLM-000081,Air Conditioner,Home Appliance,Chillmax,CM-1.5T,SN20993268,HomeStyle Retail,2023-07-24,769.42,24,2025-07-13,2025-06-03,680,40,Compressor failure,True,0,SN20993268,True,"receipt,warranty_card,product_photo,serial_evidence,fault_evidence",0,False,False,Valid Claim,2025-05-27,,40,0,test
CLM-000082,Television,Electronics,Vistara,VS-43,SN97260863,MegaMart Electronics,2025-01-09,668.25,12,2026-01-04,2025-06-11,153,207,Compressor failure,True,0,SN97260863,True,"receipt,warranty_card,product_photo,serial_evidence,fault_evidence",0,False,False,Valid Claim,2025-06-04,,207,0,train
CLM-000083,Television,Electronics,Vistara,VS-43,SN12735359,HomeStyle Retail,2022-03-24,1004.99,24,2024-03-13,2024-02-22,700,20,Component failure,True,0,SN12735359,True,"receipt,warranty_card,product_photo,serial_evidence,fault_evidence",0,False,False,Valid Claim,2024-02-15,,20,0,train
CLM-000084,Smartphone,Electronics,Nova,NV-100,SN72415804,TechHub Store,2022-09-16,679.25,18,2024-03-09,2023-11-13,423,117,Motor malfunction,True,0,SN72415804,True,"receipt,warranty_card,product_photo,serial_evidence,fault_evidence",0,False,False,Valid Claim,2023-11-06,,117,0,train
CLM-000085,Television,Electronics,Vistara,VS-43,SN31980274,CityWide Appliances,2022-12-10,1193.51,24,2024-11-29,2024-11-09,700,20,Manufacturing defect,True,0,SN31980274,True,"receipt,warranty_card,product_photo,serial_evidence,fault_evidence",0,False,False,Valid Claim,2024-11-02,,20,0,train
CLM-000086,Washing Machine,Home Appliance,Cleanwave,CW-750D,SN63238057,CityWide Appliances,2025-03-31,1480.68,12,2026-03-26,2025-10-22,205,155,Component failure,True,1,SN63238057,True,"receipt,warranty_card,product_photo,serial_evidence,fault_evidence",0,False,False,Valid Claim,2025-10-15,2025-04-20,155,0,train
CLM-000087,Refrigerator,Home Appliance,FrostLine,FL-220,SN50477742,CityWide Appliances,2025-04-27,691.54,24,2027-04-17,2027-03-02,674,46,Battery defect,True,0,SN50477742,True,"receipt,warranty_card,product_photo,serial_evidence,fault_evidence",0,False,False,Valid Claim,2027-02-23,,46,0,train
CLM-000088,Laptop,Electronics,Vertex,VT-14,SN56600900,HomeStyle Retail,2022-09-05,843.93,24,2024-08-25,2024-08-05,700,20,Compressor failure,True,0,SN56600900,True,"receipt,warranty_card,product_photo,serial_evidence,fault_evidence",0,False,False,Valid Claim,2024-07-29,,20,0,test
CLM-000089,Refrigerator,Home Appliance,FrostLine,FL-220,SN66379329,TechHub Store,2024-01-29,1059.07,12,2025-01-23,2024-02-13,15,345,Manufacturing defect,True,0,SN66379329,True,"receipt,warranty_card,product_photo,serial_evidence,fault_evidence",0,False,False,Valid Claim,2024-02-06,,345,0,test
CLM-000090,Refrigerator,Home Appliance,FrostLine,FL-300X,SN30534124,HomeStyle Retail,2024-06-06,1172.71,36,2027-05-22,2027-04-30,1058,22,Compressor failure,True,0,SN30534124,True,"receipt,warranty_card,product_photo,serial_evidence,fault_evidence",0,False,False,Valid Claim,2027-04-23,,22,0,train
CLM-000091,Washing Machine,Home Appliance,Cleanwave,CW-750D,SN72394301,HomeStyle Retail,2024-12-04,1456.12,36,2027-11-19,2027-10-16,1046,34,Compressor failure,True,0,SN72394301,True,"receipt,warranty_card,product_photo,serial_evidence,fault_evidence",0,False,False,Valid Claim,2027-10-09,,34,0,train
CLM-000092,Air Conditioner,Home Appliance,Chillmax,CM-1T,SN47437115,CityWide Appliances,2025-04-28,1027.57,12,2026-04-23,2026-03-15,321,39,Component failure,True,1,SN47437115,True,"receipt,warranty_card,product_photo,serial_evidence,fault_evidence",0,False,False,Valid Claim,2026-03-08,2025-12-22,39,0,test
CLM-000093,Washing Machine,Home Appliance,Cleanwave,CW-700,SN76344695,CityWide Appliances,2025-03-13,482.05,24,2027-03-03,2026-11-27,624,96,Component failure,True,0,SN76344695,True,"receipt,warranty_card,product_photo,serial_evidence,fault_evidence",0,False,False,Valid Claim,2026-11-20,,96,0,train
CLM-000094,Air Conditioner,Home Appliance,Chillmax,CM-1.5T,SN47535126,CityWide Appliances,2024-09-25,1480.77,12,2025-09-20,2025-07-30,308,52,Compressor failure,True,1,SN47535126,True,"receipt,warranty_card,product_photo,serial_evidence,fault_evidence",0,False,False,Valid Claim,2025-07-23,2025-02-14,52,0,train
CLM-000095,Television,Electronics,Vistara,VS-43,SN42394260,TechHub Store,2025-02-12,750.97,12,2026-02-07,2026-01-18,340,20,Display fault,True,0,SN42394260,True,"receipt,warranty_card,product_photo,serial_evidence,fault_evidence",0,False,False,Valid Claim,2026-01-11,,20,0,train
CLM-000096,Refrigerator,Home Appliance,FrostLine,FL-300X,SN70152969,TechHub Store,2025-02-11,1144.01,24,2027-02-01,2027-01-12,700,20,Manufacturing defect,True,0,SN70152969,True,"receipt,warranty_card,product_photo,serial_evidence,fault_evidence",0,False,False,Valid Claim,2027-01-05,,20,0,train
CLM-000097,Refrigerator,Home Appliance,FrostLine,FL-300X,SN99115205,HomeStyle Retail,2023-08-26,820.44,12,2024-08-20,2024-06-05,284,76,Display fault,True,0,SN99115205,True,"receipt,warranty_card,product_photo,serial_evidence,fault_evidence",0,False,False,Valid Claim,2024-05-29,,76,0,train
CLM-000098,Laptop,Electronics,Vertex,VT-15Pro,SN57219209,TechHub Store,2025-02-07,366.13,18,2026-08-01,2026-04-09,426,114,Motor malfunction,True,0,SN57219209,True,"receipt,warranty_card,product_photo,serial_evidence,fault_evidence",0,False,False,Valid Claim,2026-04-02,,114,0,train
CLM-000099,Smartphone,Electronics,Nova,NV-100,SN52352128,MegaMart Electronics,2023-09-20,977.89,12,2024-09-14,2024-08-25,340,20,Battery defect,True,0,SN52352128,True,"receipt,warranty_card,product_photo,serial_evidence,fault_evidence",0,False,False,Valid Claim,2024-08-18,,20,0,validation
CLM-000100,Refrigerator,Home Appliance,FrostLine,FL-300X,SN89133014,CityWide Appliances,2023-01-15,447.7,12,2024-01-10,2023-05-23,128,232,Battery defect,True,0,SN89133014,True,"receipt,warranty_card,product_photo,serial_evidence,fault_evidence",0,False,False,Valid Claim,2023-05-16,,232,0,test
CLM-000101,Smartphone,Electronics,Nova,NV-100,SN49761527,MegaMart Electronics,2025-05-07,695.29,12,2026-05-02,2026-04-11,339,21,Component failure,True,0,SN49761527,True,"receipt,warranty_card,product_photo,serial_evidence,fault_evidence",0,False,False,Valid Claim,2026-04-04,,21,0,validation
CLM-000102,Laptop,Electronics,Vertex,VT-15Pro,SN16109013,CityWide Appliances,2023-09-12,513.45,12,2024-09-06,2024-05-24,255,105,Battery defect,True,1,SN16109013,True,"receipt,warranty_card,product_photo,serial_evidence,fault_evidence",0,False,False,Valid Claim,2024-05-17,2023-11-26,105,0,train
CLM-000103,Air Conditioner,Home Appliance,Chillmax,CM-1T,SN11646234,HomeStyle Retail,2022-09-16,706.23,24,2024-09-05,2024-07-09,662,58,Display fault,True,0,SN11646234,True,"receipt,warranty_card,product_photo,serial_evidence,fault_evidence",0,False,False,Valid Claim,2024-07-02,,58,0,test
CLM-000104,Smartphone,Electronics,Nova,NV-100,SN43887075,CityWide Appliances,2024-09-07,1130.32,18,2026-03-01,2025-03-26,200,340,Display fault,True,0,SN43887075,True,"receipt,warranty_card,product_photo,serial_evidence,fault_evidence",0,False,False,Valid Claim,2025-03-19,,340,0,train
CLM-000105,Laptop,Electronics,Vertex,VT-14,SN87446468,HomeStyle Retail,2022-08-22,539.34,24,2024-08-11,2023-07-19,331,389,Manufacturing defect,True,0,SN87446468,True,"receipt,warranty_card,product_photo,serial_evidence,fault_evidence",0,False,False,Valid Claim,2023-07-12,,389,0,train
CLM-000106,Laptop,Electronics,Vertex,VT-15Pro,SN21432787,CityWide Appliances,2022-11-07,697.23,12,2023-11-02,2023-03-24,137,223,Manufacturing defect,True,0,SN21432787,True,"receipt,warranty_card,product_photo,serial_evidence,fault_evidence",0,False,False,Valid Claim,2023-03-17,,223,0,validation
CLM-000107,Refrigerator,Home Appliance,FrostLine,FL-220,SN80138498,HomeStyle Retail,2025-02-16,704.0,24,2027-02-06,2026-07-19,518,202,Display fault,True,0,SN80138498,True,"receipt,warranty_card,product_photo,serial_evidence,fault_evidence",0,False,False,Valid Claim,2026-07-12,,202,0,test
CLM-000108,Television,Electronics,Vistara,VS-55UHD,SN86320155,HomeStyle Retail,2023-09-01,569.13,36,2026-08-16,2026-04-20,962,118,Battery defect,True,1,SN86320155,True,"receipt,warranty_card,product_photo,serial_evidence,fault_evidence",0,False,False,Valid Claim,2026-04-13,2025-09-28,118,0,train
CLM-000109,Smartphone,Electronics,Nova,NV-100,SN45520201,TechHub Store,2022-07-23,461.4,36,2025-07-07,2024-12-24,885,195,Component failure,True,1,SN45520201,True,"receipt,warranty_card,product_photo,serial_evidence,fault_evidence",0,False,False,Valid Claim,2024-12-17,2023-03-26,195,0,train
CLM-000110,Smartphone,Electronics,Nova,NV-200,SN70465583,TechHub Store,2022-12-22,522.56,24,2024-12-11,2023-06-02,162,558,Display fault,True,0,SN70465583,True,"receipt,warranty_card,product_photo,serial_evidence,fault_evidence",0,False,False,Valid Claim,2023-05-26,,558,0,train
CLM-000111,Washing Machine,Home Appliance,Cleanwave,CW-750D,SN70939053,MegaMart Electronics,2023-08-20,689.2,12,2024-08-14,2024-06-20,305,55,Component failure,True,2,SN70939053,True,"receipt,warranty_card,product_photo,serial_evidence,fault_evidence",0,False,False,Valid Claim,2024-06-13,2024-01-03,55,0,train
CLM-000112,Television,Electronics,Vistara,VS-55UHD,SN25405014,HomeStyle Retail,2025-04-22,914.34,24,2027-04-12,2026-10-28,554,166,Compressor failure,True,1,SN25405014,True,"receipt,warranty_card,product_photo,serial_evidence,fault_evidence",0,False,False,Valid Claim,2026-10-21,2025-09-22,166,0,train
CLM-000113,Smartphone,Electronics,Nova,NV-100,SN51286958,HomeStyle Retail,2023-06-29,947.0,24,2025-06-18,2024-09-12,441,279,Battery defect,True,0,SN51286958,True,"receipt,warranty_card,product_photo,serial_evidence,fault_evidence",0,False,False,Valid Claim,2024-09-05,,279,0,train
CLM-000114,Laptop,Electronics,Vertex,VT-15Pro,SN64023778,CityWide Appliances,2023-08-15,654.78,18,2025-02-05,2024-05-10,269,271,Battery defect,True,0,SN64023778,True,"receipt,warranty_card,product_photo,serial_evidence,fault_evidence",0,False,False,Valid Claim,2024-05-03,,271,0,train
CLM-000115,Smartphone,Electronics,Nova,NV-100,SN67985905,TechHub Store,2025-01-10,723.75,18,2026-07-04,2026-06-14,520,20,Battery defect,True,1,SN67985905,True,"receipt,warranty_card,product_photo,serial_evidence,fault_evidence",0,False,False,Valid Claim,2026-06-07,2025-09-24,20,0,train
CLM-000116,Television,Electronics,Vistara,VS-43,SN46173157,HomeStyle Retail,2022-02-22,620.39,12,2023-02-17,2022-10-21,241,119,Component failure,True,0,SN46173157,True,"receipt,warranty_card,product_photo,serial_evidence,fault_evidence",0,False,False,Valid Claim,2022-10-14,,119,0,train
CLM-000117,Laptop,Electronics,Vertex,VT-15Pro,SN34359060,CityWide Appliances,2024-08-21,924.12,18,2026-02-12,2026-01-02,499,41,Display fault,True,1,SN34359060,True,"receipt,warranty_card,product_photo,serial_evidence,fault_evidence",0,False,False,Valid Claim,2025-12-26,2025-07-13,41,0,train
CLM-000118,Laptop,Electronics,Vertex,VT-15Pro,SN54735895,MegaMart Electronics,2024-10-04,377.76,36,2027-09-19,2027-03-16,893,187,Manufacturing defect,True,0,SN54735895,True,"receipt,warranty_card,product_photo,serial_evidence,fault_evidence",0,False,False,Valid Claim,2027-03-09,,187,0,train
CLM-000119,Refrigerator,Home Appliance,FrostLine,FL-300X,SN98930456,CityWide Appliances,2022-11-26,923.88,12,2023-11-21,2023-09-01,279,81,Battery defect,True,0,SN98930456,True,"receipt,warranty_card,product_photo,serial_evidence,fault_evidence",0,False,False,Valid Claim,2023-08-25,,81,0,train
CLM-000120,Washing Machine,Home Appliance,Cleanwave,CW-750D,SN25558733,CityWide Appliances,2022-03-17,686.69,18,2023-09-08,2022-12-20,278,262,Display fault,True,0,SN25558733,True,"receipt,warranty_card,product_photo,serial_evidence,fault_evidence",0,False,False,Valid Claim,2022-12-13,,262,0,train
CLM-000121,Smartphone,Electronics,Nova,NV-X1,SN72005415,HomeStyle Retail,2024-11-19,743.94,24,2026-11-09,2026-10-20,700,20,Component failure,True,0,SN72005415,True,"receipt,warranty_card,product_photo,serial_evidence,fault_evidence",0,False,False,Valid Claim,2026-10-13,,20,0,train
CLM-000122,Air Conditioner,Home Appliance,Chillmax,CM-1.5T,SN16927215,MegaMart Electronics,2024-11-27,722.43,18,2026-05-21,2026-05-01,520,20,Battery defect,True,0,SN16927215,True,"receipt,warranty_card,product_photo,serial_evidence,fault_evidence",0,False,False,Valid Claim,2026-04-24,,20,0,test
CLM-000123,Laptop,Electronics,Vertex,VT-15Pro,SN26297533,MegaMart Electronics,2022-09-26,542.84,36,2025-09-10,2025-04-19,936,144,Compressor failure,True,0,SN26297533,True,"receipt,warranty_card,product_photo,serial_evidence,fault_evidence",0,False,False,Valid Claim,2025-04-12,,144,0,train
CLM-000124,Refrigerator,Home Appliance,FrostLine,FL-300X,SN83932360,MegaMart Electronics,2025-05-31,973.1,24,2027-05-21,2025-12-20,203,517,Display fault,True,0,SN83932360,True,"receipt,warranty_card,product_photo,serial_evidence,fault_evidence",0,False,False,Valid Claim,2025-12-13,,517,0,train
CLM-000125,Air Conditioner,Home Appliance,Chillmax,CM-1T,SN71934487,CityWide Appliances,2022-07-10,673.69,12,2023-07-05,2023-05-11,305,55,Compressor failure,True,1,SN71934487,True,"receipt,warranty_card,product_photo,serial_evidence,fault_evidence",0,False,False,Valid Claim,2023-05-04,2022-09-27,55,0,train
CLM-000126,Washing Machine,Home Appliance,Cleanwave,CW-750D,SN65766169,TechHub Store,2024-10-17,832.76,36,2027-10-02,2027-07-28,1014,66,Display fault,True,1,SN65766169,True,"receipt,warranty_card,product_photo,serial_evidence,fault_evidence",0,False,False,Valid Claim,2027-07-21,2025-06-24,66,0,train
CLM-000127,Washing Machine,Home Appliance,Cleanwave,CW-700,SN19369750,MegaMart Electronics,2024-07-24,894.17,24,2026-07-14,2026-04-24,639,81,Display fault,True,0,SN19369750,True,"receipt,warranty_card,product_photo,serial_evidence,fault_evidence",0,False,False,Valid Claim,2026-04-17,,81,0,train
CLM-000128,Laptop,Electronics,Vertex,VT-14,SN47962005,TechHub Store,2023-11-28,584.33,36,2026-11-12,2026-10-23,1060,20,Battery defect,True,0,SN47962005,True,"receipt,warranty_card,product_photo,serial_evidence,fault_evidence",0,False,False,Valid Claim,2026-10-16,,20,0,train
CLM-000129,Laptop,Electronics,Vertex,VT-14,SN69934576,HomeStyle Retail,2025-04-02,768.15,36,2028-03-17,2027-11-13,955,125,Motor malfunction,True,1,SN69934576,True,"receipt,warranty_card,product_photo,serial_evidence,fault_evidence",0,False,False,Valid Claim,2027-11-06,2026-03-09,125,0,validation
CLM-000130,Washing Machine,Home Appliance,Cleanwave,CW-750D,SN35320492,CityWide Appliances,2025-02-04,1382.81,24,2027-01-25,2026-12-16,680,40,Component failure,True,1,SN35320492,True,"receipt,warranty_card,product_photo,serial_evidence,fault_evidence",0,False,False,Valid Claim,2026-12-09,2026-09-13,40,0,train
CLM-000131,Air Conditioner,Home Appliance,Chillmax,CM-1T,SN52704903,TechHub Store,2024-02-24,970.59,12,2025-02-18,2024-03-10,15,345,Compressor failure,True,0,SN52704903,True,"receipt,warranty_card,product_photo,serial_evidence,fault_evidence",0,False,False,Valid Claim,2024-03-03,,345,0,test
CLM-000132,Refrigerator,Home Appliance,FrostLine,FL-220,SN76481885,CityWide Appliances,2024-02-20,903.97,18,2025-08-13,2025-05-09,444,96,Component failure,True,1,SN76481885,True,"receipt,warranty_card,product_photo,serial_evidence,fault_evidence",0,False,False,Valid Claim,2025-05-02,2024-11-04,96,0,train
CLM-000133,Smartphone,Electronics,Nova,NV-200,SN23383077,HomeStyle Retail,2025-04-23,551.73,12,2026-04-18,2025-12-20,241,119,Display fault,True,0,SN23383077,True,"receipt,warranty_card,product_photo,serial_evidence,fault_evidence",0,False,False,Valid Claim,2025-12-13,,119,0,train
CLM-000134,Laptop,Electronics,Vertex,VT-14,SN20043277,HomeStyle Retail,2022-02-01,1073.14,24,2024-01-22,2023-10-09,615,105,Motor malfunction,True,1,SN20043277,True,"receipt,warranty_card,product_photo,serial_evidence,fault_evidence",0,False,False,Valid Claim,2023-10-02,2023-01-14,105,0,train
CLM-000135,Air Conditioner,Home Appliance,Chillmax,CM-1.5T,SN52501540,HomeStyle Retail,2024-03-25,1589.79,24,2026-03-15,2026-02-04,681,39,Display fault,True,0,SN52501540,True,"receipt,warranty_card,product_photo,serial_evidence,fault_evidence",0,False,False,Valid Claim,2026-01-28,,39,0,test
CLM-000136,Smartphone,Electronics,Nova,NV-X1,SN48571356,CityWide Appliances,2025-01-13,466.11,12,2026-01-08,2025-12-14,335,25,Compressor failure,True,0,SN48571356,True,"receipt,warranty_card,product_photo,serial_evidence,fault_evidence",0,False,False,Valid Claim,2025-12-07,,25,0,validation
CLM-000137,Smartphone,Electronics,Nova,NV-X1,SN23489853,HomeStyle Retail,2022-07-05,477.3,18,2023-12-27,2023-11-05,488,52,Compressor failure,True,2,SN23489853,True,"receipt,warranty_card,product_photo,serial_evidence,fault_evidence",0,False,False,Valid Claim,2023-10-29,2022-12-06,52,0,train
CLM-000138,Air Conditioner,Home Appliance,Chillmax,CM-1.5T,SN58112135,HomeStyle Retail,2022-03-01,947.37,12,2023-02-24,2022-11-24,268,92,Component failure,True,0,SN58112135,True,"receipt,warranty_card,product_photo,serial_evidence,fault_evidence",0,False,False,Valid Claim,2022-11-17,,92,0,train
CLM-000139,Laptop,Electronics,Vertex,VT-14,SN32814819,MegaMart Electronics,2023-05-16,445.61,18,2024-11-06,2024-04-19,339,201,Battery defect,True,2,SN32814819,True,"receipt,warranty_card,product_photo,serial_evidence,fault_evidence",0,False,False,Valid Claim,2024-04-12,2023-11-28,201,0,validation
CLM-000140,Laptop,Electronics,Vertex,VT-14,SN71894493,TechHub Store,2023-05-09,761.91,18,2024-10-30,2024-05-28,385,155,Display fault,True,0,SN71894493,True,"receipt,warranty_card,product_photo,serial_evidence,fault_evidence",0,False,False,Valid Claim,2024-05-21,,155,0,train
CLM-000141,Television,Electronics,Vistara,VS-55UHD,SN48605268,TechHub Store,2023-06-07,918.32,24,2025-05-27,2025-03-23,655,65,Component failure,True,1,SN48605268,True,"receipt,warranty_card,product_photo,serial_evidence,fault_evidence",0,False,False,Valid Claim,2025-03-16,2023-08-22,65,0,train
CLM-000142,Television,Electronics,Vistara,VS-55UHD,SN95756900,CityWide Appliances,2024-06-23,543.26,36,2027-06-08,2027-02-20,972,108,Compressor failure,True,0,SN95756900,True,"receipt,warranty_card,product_photo,serial_evidence,fault_evidence",0,False,False,Valid Claim,2027-02-13,,108,0,train
CLM-000143,Washing Machine,Home Appliance,Cleanwave,CW-750D,SN74855088,MegaMart Electronics,2023-05-28,986.83,18,2024-11-18,2023-09-25,120,420,Display fault,True,0,SN74855088,True,"receipt,warranty_card,product_photo,serial_evidence,fault_evidence",0,False,False,Valid Claim,2023-09-18,,420,0,train
CLM-000144,Washing Machine,Home Appliance,Cleanwave,CW-750D,SN12944682,CityWide Appliances,2025-03-17,987.8,18,2026-09-08,2026-07-06,476,64,Compressor failure,True,0,SN12944682,True,"receipt,warranty_card,product_photo,serial_evidence,fault_evidence",0,False,False,Valid Claim,2026-06-29,,64,0,train
CLM-000145,Laptop,Electronics,Vertex,VT-14,SN91390501,TechHub Store,2024-03-21,709.01,12,2025-03-16,2025-02-24,340,20,Motor malfunction,True,2,SN91390501,True,"receipt,warranty_card,product_photo,serial_evidence,fault_evidence",0,False,False,Valid Claim,2025-02-17,2024-07-17,20,0,train
CLM-000146,Smartphone,Electronics,Nova,NV-100,SN93334601,MegaMart Electronics,2025-05-28,718.78,24,2027-05-18,2026-11-24,545,175,Compressor failure,True,2,SN93334601,True,"receipt,warranty_card,product_photo,serial_evidence,fault_evidence",0,False,False,Valid Claim,2026-11-17,2025-10-16,175,0,train
CLM-000147,Refrigerator,Home Appliance,FrostLine,FL-300X,SN69166287,MegaMart Electronics,2022-07-18,468.89,36,2025-07-02,2025-04-22,1009,71,Motor malfunction,True,0,SN69166287,True,"receipt,warranty_card,product_photo,serial_evidence,fault_evidence",0,False,False,Valid Claim,2025-04-15,,71,0,train
CLM-000148,Washing Machine,Home Appliance,Cleanwave,CW-750D,SN33574011,MegaMart Electronics,2022-09-27,1068.68,12,2023-09-22,2023-05-30,245,115,Battery defect,True,0,SN33574011,True,"receipt,warranty_card,product_photo,serial_evidence,fault_evidence",0,False,False,Valid Claim,2023-05-23,,115,0,train
CLM-000149,Television,Electronics,Vistara,VS-43,SN44489940,CityWide Appliances,2024-01-20,705.13,18,2025-07-13,2025-06-23,520,20,Display fault,True,1,SN44489940,True,"receipt,warranty_card,product_photo,serial_evidence,fault_evidence",0,False,False,Valid Claim,2025-06-16,2024-11-18,20,0,train
CLM-000150,Laptop,Electronics,Vertex,VT-14,SN28892086,TechHub Store,2023-11-25,1115.78,24,2025-11-14,2025-03-30,491,229,Component failure,True,0,SN28892086,True,"receipt,warranty_card,product_photo,serial_evidence,fault_evidence",0,False,False,Valid Claim,2025-03-23,,229,0,test
CLM-000151,Air Conditioner,Home Appliance,Chillmax,CM-1.5T,SN22120246,TechHub Store,2024-03-24,821.58,36,2027-03-09,2026-12-01,982,98,Manufacturing defect,True,0,SN22120246,True,"receipt,warranty_card,product_photo,serial_evidence,fault_evidence",0,False,False,Valid Claim,2026-11-24,,98,0,train
CLM-000152,Laptop,Electronics,Vertex,VT-15Pro,SN88458327,HomeStyle Retail,2023-06-26,871.03,18,2024-12-17,2024-11-27,520,20,Compressor failure,True,1,SN88458327,True,"receipt,warranty_card,product_photo,serial_evidence,fault_evidence",0,False,False,Valid Claim,2024-11-20,2024-07-11,20,0,test
CLM-000153,Laptop,Electronics,Vertex,VT-15Pro,SN91883846,MegaMart Electronics,2022-08-10,551.34,24,2024-07-30,2024-03-06,574,146,Manufacturing defect,True,0,SN91883846,True,"receipt,warranty_card,product_photo,serial_evidence,fault_evidence",0,False,False,Valid Claim,2024-02-28,,146,0,train
CLM-000154,Washing Machine,Home Appliance,Cleanwave,CW-750D,SN25659979,MegaMart Electronics,2024-08-08,792.17,36,2027-07-24,2027-06-03,1029,51,Manufacturing defect,True,0,SN25659979,True,"receipt,warranty_card,product_photo,serial_evidence,fault_evidence",0,False,False,Valid Claim,2027-05-27,,51,0,train
CLM-000155,Smartphone,Electronics,Nova,NV-100,SN82148284,MegaMart Electronics,2023-09-16,851.58,36,2026-08-31,2026-07-03,1021,59,Display fault,True,0,SN82148284,True,"receipt,warranty_card,product_photo,serial_evidence,fault_evidence",0,False,False,Valid Claim,2026-06-26,,59,0,train
CLM-000156,Air Conditioner,Home Appliance,Chillmax,CM-1.5T,SN88831486,TechHub Store,2024-01-30,856.82,24,2026-01-19,2025-10-25,634,86,Component failure,True,1,SN88831486,True,"receipt,warranty_card,product_photo,serial_evidence,fault_evidence",0,False,False,Valid Claim,2025-10-18,2025-03-30,86,0,train
CLM-000157,Refrigerator,Home Appliance,FrostLine,FL-300X,SN14391105,TechHub Store,2022-07-22,363.43,24,2024-07-11,2024-03-17,604,116,Component failure,True,0,SN14391105,True,"receipt,warranty_card,product_photo,serial_evidence,fault_evidence",0,False,False,Valid Claim,2024-03-10,,116,0,validation
CLM-000158,Washing Machine,Home Appliance,Cleanwave,CW-750D,SN23335151,CityWide Appliances,2024-06-27,882.5,18,2025-12-19,2024-09-06,71,469,Motor malfunction,True,0,SN23335151,True,"receipt,warranty_card,product_photo,serial_evidence,fault_evidence",0,False,False,Valid Claim,2024-08-30,,469,0,train
CLM-000159,Refrigerator,Home Appliance,FrostLine,FL-220,SN63437398,MegaMart Electronics,2025-01-20,489.09,36,2028-01-05,2027-11-19,1033,47,Manufacturing defect,True,0,SN63437398,True,"receipt,warranty_card,product_photo,serial_evidence,fault_evidence",0,False,False,Valid Claim,2027-11-12,,47,0,train
CLM-000160,Smartphone,Electronics,Nova,NV-X1,SN90147573,CityWide Appliances,2024-07-20,802.35,12,2025-07-15,2025-06-25,340,20,Manufacturing defect,True,0,SN90147573,True,"receipt,warranty_card,product_photo,serial_evidence,fault_evidence",0,False,False,Valid Claim,2025-06-18,,20,0,train
CLM-000161,Smartphone,Electronics,Nova,NV-X1,SN37542226,MegaMart Electronics,2023-11-15,733.4,12,2024-11-09,2024-10-20,340,20,Battery defect,True,0,SN37542226,True,"receipt,warranty_card,product_photo,serial_evidence,fault_evidence",0,False,False,Valid Claim,2024-10-13,,20,0,test
CLM-000162,Air Conditioner,Home Appliance,Chillmax,CM-1T,SN54098516,TechHub Store,2023-03-01,603.94,24,2025-02-18,2024-12-30,670,50,Battery defect,True,1,SN54098516,True,"receipt,warranty_card,product_photo,serial_evidence,fault_evidence",0,False,False,Valid Claim,2024-12-23,2023-03-04,50,0,validation
CLM-000163,Smartphone,Electronics,Nova,NV-100,SN82506491,MegaMart Electronics,2023-07-22,548.38,36,2026-07-06,2026-02-24,948,132,Component failure,True,0,SN82506491,True,"receipt,warranty_card,product_photo,serial_evidence,fault_evidence",0,False,False,Valid Claim,2026-02-17,,132,0,validation
CLM-000164,Smartphone,Electronics,Nova,NV-100,SN58082464,TechHub Store,2022-08-14,541.78,24,2024-08-03,2024-07-12,698,22,Component failure,True,0,SN58082464,True,"receipt,warranty_card,product_photo,serial_evidence,fault_evidence",0,False,False,Valid Claim,2024-07-05,,22,0,train
CLM-000165,Smartphone,Electronics,Nova,NV-100,SN27013243,TechHub Store,2025-04-20,323.74,12,2026-04-15,2026-03-23,337,23,Battery defect,True,0,SN27013243,True,"receipt,warranty_card,product_photo,serial_evidence,fault_evidence",0,False,False,Valid Claim,2026-03-16,,23,0,train
CLM-000166,Laptop,Electronics,Vertex,VT-15Pro,SN78885632,HomeStyle Retail,2022-08-21,606.43,24,2024-08-10,2024-05-18,636,84,Display fault,True,0,SN78885632,True,"receipt,warranty_card,product_photo,serial_evidence,fault_evidence",0,False,False,Valid Claim,2024-05-11,,84,0,train
CLM-000167,Refrigerator,Home Appliance,FrostLine,FL-300X,SN71477426,TechHub Store,2024-10-28,1062.1,12,2025-10-23,2025-10-03,340,20,Manufacturing defect,True,0,SN71477426,True,"receipt,warranty_card,product_photo,serial_evidence,fault_evidence",0,False,False,Valid Claim,2025-09-26,,20,0,test
CLM-000168,Air Conditioner,Home Appliance,Chillmax,CM-1.5T,SN24490391,HomeStyle Retail,2022-05-05,1279.46,36,2025-04-19,2024-08-14,832,248,Display fault,True,1,SN24490391,True,"receipt,warranty_card,product_photo,serial_evidence,fault_evidence",0,False,False,Valid Claim,2024-08-07,2022-07-20,248,0,train
CLM-000169,Smartphone,Electronics,Nova,NV-100,SN46912022,HomeStyle Retail,2022-06-15,789.72,12,2023-06-10,2023-05-03,322,38,Battery defect,True,0,SN46912022,True,"receipt,warranty_card,product_photo,serial_evidence,fault_evidence",0,False,False,Valid Claim,2023-04-26,,38,0,train
CLM-000170,Washing Machine,Home Appliance,Cleanwave,CW-750D,SN70896652,HomeStyle Retail,2025-01-28,1138.61,24,2027-01-18,2026-12-21,692,28,Display fault,True,0,SN70896652,True,"receipt,warranty_card,product_photo,serial_evidence,fault_evidence",0,False,False,Valid Claim,2026-12-14,,28,0,test
CLM-000171,Smartphone,Electronics,Nova,NV-X1,SN97364555,CityWide Appliances,2022-07-23,305.29,24,2024-07-12,2024-04-24,641,79,Battery defect,True,0,SN97364555,True,"receipt,warranty_card,product_photo,serial_evidence,fault_evidence",0,False,False,Valid Claim,2024-04-17,,79,0,train
CLM-000172,Television,Electronics,Vistara,VS-55UHD,SN55490631,TechHub Store,2023-03-17,960.96,18,2024-09-07,2024-03-26,375,165,Display fault,True,0,SN55490631,True,"receipt,warranty_card,product_photo,serial_evidence,fault_evidence",0,False,False,Valid Claim,2024-03-19,,165,0,validation
CLM-000173,Washing Machine,Home Appliance,Cleanwave,CW-750D,SN99269266,MegaMart Electronics,2024-05-01,1081.62,24,2026-04-21,2026-03-18,686,34,Component failure,True,0,SN99269266,True,"receipt,warranty_card,product_photo,serial_evidence,fault_evidence",0,False,False,Valid Claim,2026-03-11,,34,0,train
CLM-000174,Air Conditioner,Home Appliance,Chillmax,CM-1T,SN67965485,MegaMart Electronics,2024-08-29,998.04,12,2025-08-24,2025-05-25,269,91,Compressor failure,True,0,SN67965485,True,"receipt,warranty_card,product_photo,serial_evidence,fault_evidence",0,False,False,Valid Claim,2025-05-18,,91,0,train
CLM-000175,Laptop,Electronics,Vertex,VT-15Pro,SN99927658,MegaMart Electronics,2024-02-03,284.53,24,2026-01-23,2025-11-13,649,71,Motor malfunction,True,0,SN99927658,True,"receipt,warranty_card,product_photo,serial_evidence,fault_evidence",0,False,False,Valid Claim,2025-11-06,,71,0,test
CLM-000176,Refrigerator,Home Appliance,FrostLine,FL-300X,SN90585678,MegaMart Electronics,2024-05-16,964.09,36,2027-05-01,2027-03-06,1024,56,Manufacturing defect,True,0,SN90585678,True,"receipt,warranty_card,product_photo,serial_evidence,fault_evidence",0,False,False,Valid Claim,2027-02-27,,56,0,train
CLM-000177,Smartphone,Electronics,Nova,NV-200,SN40097636,TechHub Store,2025-03-29,502.9,18,2026-09-20,2026-08-05,494,46,Motor malfunction,True,0,SN40097636,True,"receipt,warranty_card,product_photo,serial_evidence,fault_evidence",0,False,False,Valid Claim,2026-07-29,,46,0,train
CLM-000178,Air Conditioner,Home Appliance,Chillmax,CM-1T,SN67594492,TechHub Store,2025-02-13,559.31,18,2026-08-07,2025-11-15,275,265,Battery defect,True,0,SN67594492,True,"receipt,warranty_card,product_photo,serial_evidence,fault_evidence",0,False,False,Valid Claim,2025-11-08,,265,0,train
CLM-000179,Television,Electronics,Vistara,VS-55UHD,SN13886030,MegaMart Electronics,2025-02-14,648.19,12,2026-02-09,2025-09-26,224,136,Compressor failure,True,0,SN13886030,True,"receipt,warranty_card,product_photo,serial_evidence,fault_evidence",0,False,False,Valid Claim,2025-09-19,,136,0,train
CLM-000180,Washing Machine,Home Appliance,Cleanwave,CW-700,SN29226889,HomeStyle Retail,2023-09-25,1366.18,36,2026-09-09,2026-06-09,988,92,Display fault,True,0,SN29226889,True,"receipt,warranty_card,product_photo,serial_evidence,fault_evidence",0,False,False,Valid Claim,2026-06-02,,92,0,train
CLM-000181,Refrigerator,Home Appliance,FrostLine,FL-220,SN22315507,TechHub Store,2022-05-23,573.27,12,2023-05-18,2022-12-05,196,164,Component failure,True,0,SN22315507,True,"receipt,warranty_card,product_photo,serial_evidence,fault_evidence",0,False,False,Valid Claim,2022-11-28,,164,0,train
CLM-000182,Washing Machine,Home Appliance,Cleanwave,CW-750D,SN51827259,TechHub Store,2024-02-10,840.04,18,2025-08-03,2025-06-10,486,54,Battery defect,True,0,SN51827259,True,"receipt,warranty_card,product_photo,serial_evidence,fault_evidence",0,False,False,Valid Claim,2025-06-03,,54,0,train
CLM-000183,Smartphone,Electronics,Nova,NV-100,SN92924837,MegaMart Electronics,2025-05-06,331.83,12,2026-05-01,2026-01-20,259,101,Manufacturing defect,True,0,SN92924837,True,"receipt,warranty_card,product_photo,serial_evidence,fault_evidence",0,False,False,Valid Claim,2026-01-13,,101,0,train
CLM-000184,Laptop,Electronics,Vertex,VT-15Pro,SN65590800,MegaMart Electronics,2023-07-12,778.08,18,2025-01-02,2024-12-13,520,20,Battery defect,True,0,SN65590800,True,"receipt,warranty_card,product_photo,serial_evidence,fault_evidence",0,False,False,Valid Claim,2024-12-06,,20,0,train
CLM-000185,Smartphone,Electronics,Nova,NV-X1,SN89609131,HomeStyle Retail,2022-08-22,515.23,12,2023-08-17,2023-07-27,339,21,Compressor failure,True,0,SN89609131,True,"receipt,warranty_card,product_photo,serial_evidence,fault_evidence",0,False,False,Valid Claim,2023-07-20,,21,0,train
CLM-000186,Washing Machine,Home Appliance,Cleanwave,CW-700,SN11031743,MegaMart Electronics,2023-09-24,627.84,12,2024-09-18,2023-12-21,88,272,Component failure,True,0,SN11031743,True,"receipt,warranty_card,product_photo,serial_evidence,fault_evidence",0,False,False,Valid Claim,2023-12-14,,272,0,train
CLM-000187,Washing Machine,Home Appliance,Cleanwave,CW-700,SN11037490,HomeStyle Retail,2022-10-09,985.19,24,2024-09-28,2024-07-01,631,89,Display fault,True,0,SN11037490,True,"receipt,warranty_card,product_photo,serial_evidence,fault_evidence",0,False,False,Valid Claim,2024-06-24,,89,0,train
CLM-000188,Laptop,Electronics,Vertex,VT-14,SN77144075,HomeStyle Retail,2022-12-26,638.57,12,2023-12-21,2023-10-22,300,60,Compressor failure,True,2,SN77144075,True,"receipt,warranty_card,product_photo,serial_evidence,fault_evidence",0,False,False,Valid Claim,2023-10-15,2023-06-26,60,0,test
CLM-000189,Air Conditioner,Home Appliance,Chillmax,CM-1.5T,SN12515446,HomeStyle Retail,2022-05-28,1057.79,18,2023-11-19,2023-10-15,505,35,Manufacturing defect,True,1,SN12515446,True,"receipt,warranty_card,product_photo,serial_evidence,fault_evidence",0,False,False,Valid Claim,2023-10-08,2023-08-13,35,0,test
CLM-000190,Laptop,Electronics,Vertex,VT-15Pro,SN48858073,MegaMart Electronics,2023-10-04,427.61,24,2025-09-23,2025-06-14,619,101,Manufacturing defect,True,0,SN48858073,True,"receipt,warranty_card,product_photo,serial_evidence,fault_evidence",0,False,False,Valid Claim,2025-06-07,,101,0,test
CLM-000191,Television,Electronics,Vistara,VS-55UHD,SN58567046,MegaMart Electronics,2023-10-28,521.56,12,2024-10-22,2024-04-29,184,176,Manufacturing defect,True,0,SN58567046,True,"receipt,warranty_card,product_photo,serial_evidence,fault_evidence",0,False,False,Valid Claim,2024-04-22,,176,0,validation
CLM-000192,Laptop,Electronics,Vertex,VT-14,SN63118906,CityWide Appliances,2023-05-14,422.03,18,2024-11-04,2024-08-11,455,85,Compressor failure,True,0,SN63118906,True,"receipt,warranty_card,product_photo,serial_evidence,fault_evidence",0,False,False,Valid Claim,2024-08-04,,85,0,test
CLM-000193,Air Conditioner,Home Appliance,Chillmax,CM-1T,SN78515906,TechHub Store,2023-11-27,419.85,12,2024-11-21,2024-11-01,340,20,Battery defect,True,0,SN78515906,True,"receipt,warranty_card,product_photo,serial_evidence,fault_evidence",0,False,False,Valid Claim,2024-10-25,,20,0,train
CLM-000194,Air Conditioner,Home Appliance,Chillmax,CM-1.5T,SN96629889,TechHub Store,2024-11-10,1151.29,12,2025-11-05,2025-10-16,340,20,Component failure,True,0,SN96629889,True,"receipt,warranty_card,product_photo,serial_evidence,fault_evidence",0,False,False,Valid Claim,2025-10-09,,20,0,train
CLM-000195,Smartphone,Electronics,Nova,NV-X1,SN30517835,TechHub Store,2022-07-30,616.2,12,2023-07-25,2023-04-25,269,91,Compressor failure,True,0,SN30517835,True,"receipt,warranty_card,product_photo,serial_evidence,fault_evidence",0,False,False,Valid Claim,2023-04-18,,91,0,train
CLM-000196,Air Conditioner,Home Appliance,Chillmax,CM-1.5T,SN72270726,TechHub Store,2022-06-04,771.65,12,2023-05-30,2023-05-10,340,20,Battery defect,True,1,SN72270726,True,"receipt,warranty_card,product_photo,serial_evidence,fault_evidence",0,False,False,Valid Claim,2023-05-03,2023-01-20,20,0,train
CLM-000197,Television,Electronics,Vistara,VS-55UHD,SN94183695,MegaMart Electronics,2025-03-02,840.12,24,2027-02-20,2026-08-05,521,199,Display fault,True,1,SN94183695,True,"receipt,warranty_card,product_photo,serial_evidence,fault_evidence",0,False,False,Valid Claim,2026-07-29,2025-05-11,199,0,train
CLM-000198,Washing Machine,Home Appliance,Cleanwave,CW-750D,SN89379016,MegaMart Electronics,2024-08-18,544.14,18,2026-02-09,2025-11-25,464,76,Battery defect,True,0,SN89379016,True,"receipt,warranty_card,product_photo,serial_evidence,fault_evidence",0,False,False,Valid Claim,2025-11-18,,76,0,train
CLM-000199,Laptop,Electronics,Vertex,VT-14,SN59491122,TechHub Store,2022-06-01,688.61,12,2023-05-27,2023-04-06,309,51,Manufacturing defect,True,0,SN59491122,True,"receipt,warranty_card,product_photo,serial_evidence,fault_evidence",0,False,False,Valid Claim,2023-03-30,,51,0,train
CLM-000200,Laptop,Electronics,Vertex,VT-15Pro,SN87890494,HomeStyle Retail,2022-07-04,670.34,24,2024-06-23,2024-06-03,700,20,Compressor failure,True,1,SN87890494,True,"receipt,warranty_card,product_photo,serial_evidence,fault_evidence",0,False,False,Valid Claim,2024-05-27,2022-08-16,20,0,train
CLM-000201,Laptop,Electronics,Vertex,VT-14,SN53154591,HomeStyle Retail,2024-07-10,726.8,36,2027-06-25,2026-11-16,859,221,Battery defect,True,0,SN53154591,True,"receipt,warranty_card,product_photo,serial_evidence,fault_evidence",0,False,False,Valid Claim,2026-11-09,,221,0,validation
CLM-000202,Laptop,Electronics,Vertex,VT-15Pro,SN21318464,HomeStyle Retail,2022-11-05,556.3,36,2025-10-20,2025-09-29,1059,21,Component failure,True,0,SN21318464,True,"receipt,warranty_card,product_photo,serial_evidence,fault_evidence",0,False,False,Valid Claim,2025-09-22,,21,0,validation
CLM-000203,Laptop,Electronics,Vertex,VT-15Pro,SN80339290,HomeStyle Retail,2022-03-22,715.92,12,2023-03-17,2022-08-27,158,202,Component failure,True,0,SN80339290,True,"receipt,warranty_card,product_photo,serial_evidence,fault_evidence",0,False,False,Valid Claim,2022-08-20,,202,0,train
CLM-000204,Washing Machine,Home Appliance,Cleanwave,CW-750D,SN55414869,TechHub Store,2024-01-16,1553.75,18,2025-07-09,2024-10-31,289,251,Manufacturing defect,True,0,SN55414869,True,"receipt,warranty_card,product_photo,serial_evidence,fault_evidence",0,False,False,Valid Claim,2024-10-24,,251,0,train
CLM-000205,Smartphone,Electronics,Nova,NV-X1,SN61883769,MegaMart Electronics,2023-11-17,186.33,12,2024-11-11,2024-04-22,157,203,Compressor failure,True,0,SN61883769,True,"receipt,warranty_card,product_photo,serial_evidence,fault_evidence",0,False,False,Valid Claim,2024-04-15,,203,0,train
CLM-000206,Washing Machine,Home Appliance,Cleanwave,CW-700,SN56952151,MegaMart Electronics,2025-05-19,582.45,36,2028-05-03,2028-03-21,1037,43,Compressor failure,True,1,SN56952151,True,"receipt,warranty_card,product_photo,serial_evidence,fault_evidence",0,False,False,Valid Claim,2028-03-14,2027-07-31,43,0,test
CLM-000207,Television,Electronics,Vistara,VS-55UHD,SN85017250,HomeStyle Retail,2022-09-22,595.59,24,2024-09-11,2024-08-11,689,31,Motor malfunction,True,0,SN85017250,True,"receipt,warranty_card,product_photo,serial_evidence,fault_evidence",0,False,False,Valid Claim,2024-08-04,,31,0,train
CLM-000208,Air Conditioner,Home Appliance,Chillmax,CM-1T,SN96707983,TechHub Store,2022-09-19,1159.28,24,2024-09-08,2023-11-29,436,284,Battery defect,True,0,SN96707983,True,"receipt,warranty_card,product_photo,serial_evidence,fault_evidence",0,False,False,Valid Claim,2023-11-22,,284,0,validation
CLM-000209,Washing Machine,Home Appliance,Cleanwave,CW-700,SN55866538,CityWide Appliances,2024-01-12,952.04,12,2025-01-06,2024-12-17,340,20,Display fault,True,0,SN55866538,True,"receipt,warranty_card,product_photo,serial_evidence,fault_evidence",0,False,False,Valid Claim,2024-12-10,,20,0,train
CLM-000210,Smartphone,Electronics,Nova,NV-100,SN49700543,TechHub Store,2023-01-29,779.43,12,2024-01-24,2024-01-04,340,20,Manufacturing defect,True,1,SN49700543,True,"receipt,warranty_card,product_photo,serial_evidence,fault_evidence",0,False,False,Valid Claim,2023-12-28,2023-10-16,20,0,train
CLM-000211,Television,Electronics,Vistara,VS-43,SN98842638,MegaMart Electronics,2025-01-10,691.37,24,2026-12-31,2026-10-01,629,91,Battery defect,True,0,SN98842638,True,"receipt,warranty_card,product_photo,serial_evidence,fault_evidence",0,False,False,Valid Claim,2026-09-24,,91,0,train
CLM-000212,Smartphone,Electronics,Nova,NV-100,SN93851247,TechHub Store,2022-09-26,706.47,24,2024-09-15,2024-08-02,676,44,Component failure,True,0,SN93851247,True,"receipt,warranty_card,product_photo,serial_evidence,fault_evidence",0,False,False,Valid Claim,2024-07-26,,44,0,train
CLM-000213,Washing Machine,Home Appliance,Cleanwave,CW-700,SN69619341,HomeStyle Retail,2024-06-15,922.54,12,2025-06-10,2024-12-29,197,163,Compressor failure,True,1,SN69619341,True,"receipt,warranty_card,product_photo,serial_evidence,fault_evidence",0,False,False,Valid Claim,2024-12-22,2024-10-08,163,0,validation
CLM-000214,Washing Machine,Home Appliance,Cleanwave,CW-750D,SN36040410,HomeStyle Retail,2023-04-25,749.54,18,2024-10-16,2024-08-27,490,50,Battery defect,True,1,SN36040410,True,"receipt,warranty_card,product_photo,serial_evidence,fault_evidence",0,False,False,Valid Claim,2024-08-20,2023-12-07,50,0,validation
CLM-000215,Air Conditioner,Home Appliance,Chillmax,CM-1.5T,SN31751079,TechHub Store,2024-08-03,814.99,24,2026-07-24,2025-12-12,496,224,Battery defect,True,1,SN31751079,True,"receipt,warranty_card,product_photo,serial_evidence,fault_evidence",0,False,False,Valid Claim,2025-12-05,2024-10-13,224,0,test
CLM-000216,Laptop,Electronics,Vertex,VT-15Pro,SN84429198,CityWide Appliances,2023-05-28,427.33,12,2024-05-22,2024-04-21,329,31,Compressor failure,True,0,SN84429198,True,"receipt,warranty_card,product_photo,serial_evidence,fault_evidence",0,False,False,Valid Claim,2024-04-14,,31,0,validation
CLM-000217,Washing Machine,Home Appliance,Cleanwave,CW-700,SN46613428,HomeStyle Retail,2024-11-22,1336.56,36,2027-11-07,2027-06-08,928,152,Battery defect,True,0,SN46613428,True,"receipt,warranty_card,product_photo,serial_evidence,fault_evidence",0,False,False,Valid Claim,2027-06-01,,152,0,validation
CLM-000218,Smartphone,Electronics,Nova,NV-100,SN70549373,CityWide Appliances,2022-10-29,879.46,24,2024-10-18,2024-09-14,686,34,Manufacturing defect,True,0,SN70549373,True,"receipt,warranty_card,product_photo,serial_evidence,fault_evidence",0,False,False,Valid Claim,2024-09-07,,34,0,validation
CLM-000219,Laptop,Electronics,Vertex,VT-14,SN61830338,CityWide Appliances,2024-04-29,688.81,12,2025-04-24,2025-03-31,336,24,Motor malfunction,True,0,SN61830338,True,"receipt,warranty_card,product_photo,serial_evidence,fault_evidence",0,False,False,Valid Claim,2025-03-24,,24,0,train
CLM-000220,Television,Electronics,Vistara,VS-55UHD,SN29602406,MegaMart Electronics,2023-04-05,840.09,12,2024-03-30,2024-01-16,286,74,Motor malfunction,True,1,SN29602406,True,"receipt,warranty_card,product_photo,serial_evidence,fault_evidence",0,False,False,Valid Claim,2024-01-09,2023-12-03,74,0,train
CLM-000221,Laptop,Electronics,Vertex,VT-14,SN20633503,MegaMart Electronics,2022-10-12,1206.41,24,2024-10-01,2024-06-18,615,105,Component failure,True,0,SN20633503,True,"receipt,warranty_card,product_photo,serial_evidence,fault_evidence",0,False,False,Valid Claim,2024-06-11,,105,0,train
CLM-000222,Refrigerator,Home Appliance,FrostLine,FL-300X,SN24923247,TechHub Store,2022-11-03,940.7,18,2024-04-26,2023-08-24,294,246,Component failure,True,1,SN24923247,True,"receipt,warranty_card,product_photo,serial_evidence,fault_evidence",0,False,False,Valid Claim,2023-08-17,2023-04-07,246,0,train
CLM-000223,Laptop,Electronics,Vertex,VT-15Pro,SN18429833,MegaMart Electronics,2022-09-07,699.34,12,2023-09-02,2023-04-12,217,143,Display fault,True,0,SN18429833,True,"receipt,warranty_card,product_photo,serial_evidence,fault_evidence",0,False,False,Valid Claim,2023-04-05,,143,0,train
CLM-000224,Refrigerator,Home Appliance,FrostLine,FL-220,SN29270557,MegaMart Electronics,2025-05-07,1039.27,18,2026-10-29,2026-07-18,437,103,Manufacturing defect,True,0,SN29270557,True,"receipt,warranty_card,product_photo,serial_evidence,fault_evidence",0,False,False,Valid Claim,2026-07-11,,103,0,train
CLM-000225,Laptop,Electronics,Vertex,VT-14,SN80260907,CityWide Appliances,2023-12-24,691.83,12,2024-12-18,2024-10-13,294,66,Manufacturing defect,True,1,SN80260907,True,"receipt,warranty_card,product_photo,serial_evidence,fault_evidence",0,False,False,Valid Claim,2024-10-06,2024-09-19,66,0,train
CLM-000226,Television,Electronics,Vistara,VS-43,SN62405812,CityWide Appliances,2025-01-19,672.77,18,2026-07-13,2026-06-23,520,20,Manufacturing defect,True,2,SN62405812,True,"receipt,warranty_card,product_photo,serial_evidence,fault_evidence",0,False,False,Valid Claim,2026-06-16,2026-02-20,20,0,train
CLM-000227,Smartphone,Electronics,Nova,NV-100,SN56278607,MegaMart Electronics,2024-02-04,662.68,12,2025-01-29,2024-03-31,56,304,Compressor failure,True,0,SN56278607,True,"receipt,warranty_card,product_photo,serial_evidence,fault_evidence",0,False,False,Valid Claim,2024-03-24,,304,0,validation
CLM-000228,Refrigerator,Home Appliance,FrostLine,FL-300X,SN27905932,MegaMart Electronics,2022-08-01,1244.67,24,2024-07-21,2024-05-21,659,61,Battery defect,True,0,SN27905932,True,"receipt,warranty_card,product_photo,serial_evidence,fault_evidence",0,False,False,Valid Claim,2024-05-14,,61,0,train
CLM-000229,Smartphone,Electronics,Nova,NV-X1,SN72360629,CityWide Appliances,2023-11-25,419.75,24,2025-11-14,2025-09-27,672,48,Display fault,True,0,SN72360629,True,"receipt,warranty_card,product_photo,serial_evidence,fault_evidence",0,False,False,Valid Claim,2025-09-20,,48,0,train
CLM-000230,Smartphone,Electronics,Nova,NV-200,SN14963880,MegaMart Electronics,2023-01-09,273.52,24,2024-12-29,2024-03-02,418,302,Manufacturing defect,True,0,SN14963880,True,"receipt,warranty_card,product_photo,serial_evidence,fault_evidence",0,False,False,Valid Claim,2024-02-24,,302,0,train
CLM-000231,Washing Machine,Home Appliance,Cleanwave,CW-750D,SN79173614,HomeStyle Retail,2023-02-13,794.23,36,2026-01-28,2025-12-08,1029,51,Battery defect,True,0,SN79173614,True,"receipt,warranty_card,product_photo,serial_evidence,fault_evidence",0,False,False,Valid Claim,2025-12-01,,51,0,validation
CLM-000232,Air Conditioner,Home Appliance,Chillmax,CM-1T,SN48401154,HomeStyle Retail,2024-08-27,1425.74,12,2025-08-22,2025-06-11,288,72,Manufacturing defect,True,0,SN48401154,True,"receipt,warranty_card,product_photo,serial_evidence,fault_evidence",0,False,False,Valid Claim,2025-06-04,,72,0,train
CLM-000233,Air Conditioner,Home Appliance,Chillmax,CM-1.5T,SN63690013,TechHub Store,2023-11-11,50.48,12,2024-11-05,2024-10-13,337,23,Display fault,True,1,SN63690013,True,"receipt,warranty_card,product_photo,serial_evidence,fault_evidence",0,False,False,Valid Claim,2024-10-06,2024-05-03,23,0,train
CLM-000234,Laptop,Electronics,Vertex,VT-15Pro,SN21087928,TechHub Store,2023-01-18,637.65,18,2024-07-11,2024-03-29,436,104,Manufacturing defect,True,0,SN21087928,True,"receipt,warranty_card,product_photo,serial_evidence,fault_evidence",0,False,False,Valid Claim,2024-03-22,,104,0,train
CLM-000235,Air Conditioner,Home Appliance,Chillmax,CM-1.5T,SN53112268,MegaMart Electronics,2024-05-31,579.58,24,2026-05-21,2026-05-01,700,20,Motor malfunction,True,1,SN53112268,True,"receipt,warranty_card,product_photo,serial_evidence,fault_evidence",0,False,False,Valid Claim,2026-04-24,2026-04-08,20,0,train
CLM-000236,Refrigerator,Home Appliance,FrostLine,FL-300X,SN32366682,TechHub Store,2023-08-29,1062.75,12,2024-08-23,2024-06-20,296,64,Motor malfunction,True,0,SN32366682,True,"receipt,warranty_card,product_photo,serial_evidence,fault_evidence",0,False,False,Valid Claim,2024-06-13,,64,0,test
CLM-000237,Television,Electronics,Vistara,VS-55UHD,SN92523968,CityWide Appliances,2024-07-04,1235.44,12,2025-06-29,2024-07-19,15,345,Motor malfunction,True,0,SN92523968,True,"receipt,warranty_card,product_photo,serial_evidence,fault_evidence",0,False,False,Valid Claim,2024-07-12,,345,0,validation
CLM-000238,Refrigerator,Home Appliance,FrostLine,FL-300X,SN78865239,TechHub Store,2022-04-28,918.65,12,2023-04-23,2022-11-08,194,166,Compressor failure,True,0,SN78865239,True,"receipt,warranty_card,product_photo,serial_evidence,fault_evidence",0,False,False,Valid Claim,2022-11-01,,166,0,train
CLM-000239,Smartphone,Electronics,Nova,NV-X1,SN68810561,MegaMart Electronics,2022-11-24,519.49,36,2025-11-08,2025-02-08,807,273,Manufacturing defect,True,0,SN68810561,True,"receipt,warranty_card,product_photo,serial_evidence,fault_evidence",0,False,False,Valid Claim,2025-02-01,,273,0,train
CLM-000240,Washing Machine,Home Appliance,Cleanwave,CW-750D,SN86134287,MegaMart Electronics,2023-04-29,727.74,24,2025-04-18,2025-02-01,644,76,Component failure,True,0,SN86134287,True,"receipt,warranty_card,product_photo,serial_evidence,fault_evidence",0,False,False,Valid Claim,2025-01-25,,76,0,train
CLM-000241,Washing Machine,Home Appliance,Cleanwave,CW-700,SN87030477,MegaMart Electronics,2024-07-10,819.68,36,2027-06-25,2027-06-05,1060,20,Motor malfunction,True,0,SN87030477,True,"receipt,warranty_card,product_photo,serial_evidence,fault_evidence",0,False,False,Valid Claim,2027-05-29,,20,0,train
CLM-000242,Washing Machine,Home Appliance,Cleanwave,CW-700,SN13478029,TechHub Store,2024-03-26,1373.76,12,2025-03-21,2025-01-11,291,69,Display fault,True,0,SN13478029,True,"receipt,warranty_card,product_photo,serial_evidence,fault_evidence",0,False,False,Valid Claim,2025-01-04,,69,0,test
CLM-000243,Laptop,Electronics,Vertex,VT-15Pro,SN44935501,TechHub Store,2024-11-26,572.04,18,2026-05-20,2026-02-11,442,98,Component failure,True,2,SN44935501,True,"receipt,warranty_card,product_photo,serial_evidence,fault_evidence",0,False,False,Valid Claim,2026-02-04,2025-10-06,98,0,train
CLM-000244,Television,Electronics,Vistara,VS-43,SN26460116,MegaMart Electronics,2023-08-08,565.5,24,2025-07-28,2025-06-21,683,37,Manufacturing defect,True,0,SN26460116,True,"receipt,warranty_card,product_photo,serial_evidence,fault_evidence",0,False,False,Valid Claim,2025-06-14,,37,0,test
CLM-000245,Refrigerator,Home Appliance,FrostLine,FL-220,SN52894344,TechHub Store,2024-07-14,1194.74,12,2025-07-09,2025-05-07,297,63,Compressor failure,True,0,SN52894344,True,"receipt,warranty_card,product_photo,serial_evidence,fault_evidence",0,False,False,Valid Claim,2025-04-30,,63,0,train
CLM-000246,Washing Machine,Home Appliance,Cleanwave,CW-750D,SN31139996,TechHub Store,2022-05-13,1300.54,18,2023-11-04,2023-10-05,510,30,Compressor failure,True,0,SN31139996,True,"receipt,warranty_card,product_photo,serial_evidence,fault_evidence",0,False,False,Valid Claim,2023-09-28,,30,0,train
CLM-000247,Laptop,Electronics,Vertex,VT-14,SN36975128,TechHub Store,2022-12-23,530.67,24,2024-12-12,2024-08-01,587,133,Component failure,True,0,SN36975128,True,"receipt,warranty_card,product_photo,serial_evidence,fault_evidence",0,False,False,Valid Claim,2024-07-25,,133,0,train
CLM-000248,Laptop,Electronics,Vertex,VT-15Pro,SN72734149,TechHub Store,2024-10-08,761.33,12,2025-10-03,2025-09-01,328,32,Battery defect,True,0,SN72734149,True,"receipt,warranty_card,product_photo,serial_evidence,fault_evidence",0,False,False,Valid Claim,2025-08-25,,32,0,train
CLM-000249,Smartphone,Electronics,Nova,NV-200,SN63440127,CityWide Appliances,2022-09-23,811.74,24,2024-09-12,2024-08-10,687,33,Compressor failure,True,1,SN63440127,True,"receipt,warranty_card,product_photo,serial_evidence,fault_evidence",0,False,False,Valid Claim,2024-08-03,2024-01-27,33,0,train
CLM-000250,Laptop,Electronics,Vertex,VT-14,SN26821075,CityWide Appliances,2024-12-12,751.07,18,2026-06-05,2026-01-24,408,132,Compressor failure,True,0,SN26821075,True,"receipt,warranty_card,product_photo,serial_evidence,fault_evidence",0,False,False,Valid Claim,2026-01-17,,132,0,train
CLM-000251,Refrigerator,Home Appliance,FrostLine,FL-300X,SN27224779,CityWide Appliances,2022-06-01,374.02,18,2023-11-23,2023-10-13,499,41,Battery defect,True,1,SN27224779,True,"receipt,warranty_card,product_photo,serial_evidence,fault_evidence",0,False,False,Valid Claim,2023-10-06,2023-04-25,41,0,train
CLM-000252,Television,Electronics,Vistara,VS-55UHD,SN77493234,CityWide Appliances,2025-04-18,1051.47,12,2026-04-13,2026-02-22,310,50,Manufacturing defect,True,0,SN77493234,True,"receipt,warranty_card,product_photo,serial_evidence,fault_evidence",0,False,False,Valid Claim,2026-02-15,,50,0,validation
CLM-000253,Washing Machine,Home Appliance,Cleanwave,CW-700,SN53306792,CityWide Appliances,2022-09-12,409.66,18,2024-03-05,2024-01-08,483,57,Component failure,True,0,SN53306792,True,"receipt,warranty_card,product_photo,serial_evidence,fault_evidence",0,False,False,Valid Claim,2024-01-01,,57,0,test
CLM-000254,Laptop,Electronics,Vertex,VT-15Pro,SN20584397,MegaMart Electronics,2023-12-10,787.87,36,2026-11-24,2026-09-22,1017,63,Compressor failure,True,0,SN20584397,True,"receipt,warranty_card,product_photo,serial_evidence,fault_evidence",0,False,False,Valid Claim,2026-09-15,,63,0,train
CLM-000255,Refrigerator,Home Appliance,FrostLine,FL-220,SN77454225,TechHub Store,2025-02-02,966.47,12,2026-01-28,2025-11-21,292,68,Battery defect,True,1,SN77454225,True,"receipt,warranty_card,product_photo,serial_evidence,fault_evidence",0,False,False,Valid Claim,2025-11-14,2025-04-22,68,0,validation
CLM-000256,Refrigerator,Home Appliance,FrostLine,FL-300X,SN85647532,MegaMart Electronics,2022-12-17,869.54,24,2024-12-06,2024-04-07,477,243,Manufacturing defect,True,0,SN85647532,True,"receipt,warranty_card,product_photo,serial_evidence,fault_evidence",0,False,False,Valid Claim,2024-03-31,,243,0,train
CLM-000257,Refrigerator,Home Appliance,FrostLine,FL-300X,SN97393186,MegaMart Electronics,2022-06-16,794.25,12,2023-06-11,2022-09-15,91,269,Battery defect,True,0,SN97393186,True,"receipt,warranty_card,product_photo,serial_evidence,fault_evidence",0,False,False,Valid Claim,2022-09-08,,269,0,validation
CLM-000258,Smartphone,Electronics,Nova,NV-X1,SN83226170,MegaMart Electronics,2024-05-03,956.23,24,2026-04-23,2026-03-17,683,37,Motor malfunction,True,0,SN83226170,True,"receipt,warranty_card,product_photo,serial_evidence,fault_evidence",0,False,False,Valid Claim,2026-03-10,,37,0,test
CLM-000259,Air Conditioner,Home Appliance,Chillmax,CM-1.5T,SN49920898,HomeStyle Retail,2024-09-16,703.8,12,2025-09-11,2025-05-14,240,120,Compressor failure,True,2,SN49920898,True,"receipt,warranty_card,product_photo,serial_evidence,fault_evidence",0,False,False,Valid Claim,2025-05-07,2024-10-02,120,0,train
CLM-000260,Laptop,Electronics,Vertex,VT-14,SN55659873,HomeStyle Retail,2022-11-20,554.87,18,2024-05-13,2024-04-21,518,22,Motor malfunction,True,0,SN55659873,True,"receipt,warranty_card,product_photo,serial_evidence,fault_evidence",0,False,False,Valid Claim,2024-04-14,,22,0,validation
CLM-000261,Television,Electronics,Vistara,VS-55UHD,SN27551135,TechHub Store,2023-10-16,279.27,24,2025-10-05,2025-09-15,700,20,Battery defect,True,0,SN27551135,True,"receipt,warranty_card,product_photo,serial_evidence,fault_evidence",0,False,False,Valid Claim,2025-09-08,,20,0,validation
CLM-000262,Washing Machine,Home Appliance,Cleanwave,CW-700,SN45899440,HomeStyle Retail,2025-02-24,1073.84,12,2026-02-19,2025-10-16,234,126,Component failure,True,1,SN45899440,True,"receipt,warranty_card,product_photo,serial_evidence,fault_evidence",0,False,False,Valid Claim,2025-10-09,2025-03-21,126,0,train
CLM-000263,Washing Machine,Home Appliance,Cleanwave,CW-750D,SN43322272,CityWide Appliances,2022-04-14,980.65,12,2023-04-09,2023-03-20,340,20,Component failure,True,0,SN43322272,True,"receipt,warranty_card,product_photo,serial_evidence,fault_evidence",0,False,False,Valid Claim,2023-03-13,,20,0,train
CLM-000264,Refrigerator,Home Appliance,FrostLine,FL-220,SN31386576,HomeStyle Retail,2023-11-02,1209.55,36,2026-10-17,2026-06-08,949,131,Battery defect,True,0,SN31386576,True,"receipt,warranty_card,product_photo,serial_evidence,fault_evidence",0,False,False,Valid Claim,2026-06-01,,131,0,test
CLM-000265,Washing Machine,Home Appliance,Cleanwave,CW-700,SN22086184,CityWide Appliances,2024-08-14,320.12,18,2026-02-05,2025-04-17,246,294,Battery defect,True,0,SN22086184,True,"receipt,warranty_card,product_photo,serial_evidence,fault_evidence",0,False,False,Valid Claim,2025-04-10,,294,0,test
CLM-000266,Smartphone,Electronics,Nova,NV-200,SN16530784,MegaMart Electronics,2024-07-25,358.9,36,2027-07-10,2027-06-20,1060,20,Display fault,True,0,SN16530784,True,"receipt,warranty_card,product_photo,serial_evidence,fault_evidence",0,False,False,Valid Claim,2027-06-13,,20,0,train
CLM-000267,Refrigerator,Home Appliance,FrostLine,FL-300X,SN48352498,HomeStyle Retail,2025-05-08,958.83,36,2028-04-22,2027-11-14,920,160,Manufacturing defect,True,0,SN48352498,True,"receipt,warranty_card,product_photo,serial_evidence,fault_evidence",0,False,False,Valid Claim,2027-11-07,,160,0,train
CLM-000268,Washing Machine,Home Appliance,Cleanwave,CW-750D,SN64123845,HomeStyle Retail,2024-06-01,662.05,12,2025-05-27,2025-03-29,301,59,Display fault,True,0,SN64123845,True,"receipt,warranty_card,product_photo,serial_evidence,fault_evidence",0,False,False,Valid Claim,2025-03-22,,59,0,validation
CLM-000269,Smartphone,Electronics,Nova,NV-X1,SN48735464,MegaMart Electronics,2022-04-15,427.99,24,2024-04-04,2024-02-12,668,52,Battery defect,True,0,SN48735464,True,"receipt,warranty_card,product_photo,serial_evidence,fault_evidence",0,False,False,Valid Claim,2024-02-05,,52,0,train
CLM-000270,Washing Machine,Home Appliance,Cleanwave,CW-700,SN27268907,CityWide Appliances,2024-07-11,1231.9,24,2026-07-01,2026-04-15,643,77,Display fault,True,0,SN27268907,True,"receipt,warranty_card,product_photo,serial_evidence,fault_evidence",0,False,False,Valid Claim,2026-04-08,,77,0,validation
CLM-000271,Washing Machine,Home Appliance,Cleanwave,CW-750D,SN29363237,MegaMart Electronics,2024-02-04,629.62,24,2026-01-24,2025-02-27,389,331,Battery defect,True,0,SN29363237,True,"receipt,warranty_card,product_photo,serial_evidence,fault_evidence",0,False,False,Valid Claim,2025-02-20,,331,0,test
CLM-000272,Smartphone,Electronics,Nova,NV-100,SN54699966,TechHub Store,2024-04-02,809.32,18,2025-09-24,2025-08-19,504,36,Battery defect,True,0,SN54699966,True,"receipt,warranty_card,product_photo,serial_evidence,fault_evidence",0,False,False,Valid Claim,2025-08-12,,36,0,train
CLM-000273,Television,Electronics,Vistara,VS-43,SN54018830,CityWide Appliances,2024-07-24,1232.42,12,2025-07-19,2025-06-29,340,20,Motor malfunction,True,0,SN54018830,True,"receipt,warranty_card,product_photo,serial_evidence,fault_evidence",0,False,False,Valid Claim,2025-06-22,,20,0,train
CLM-000274,Refrigerator,Home Appliance,FrostLine,FL-300X,SN89688374,MegaMart Electronics,2022-11-29,869.74,18,2024-05-22,2023-11-28,364,176,Battery defect,True,0,SN89688374,True,"receipt,warranty_card,product_photo,serial_evidence,fault_evidence",0,False,False,Valid Claim,2023-11-21,,176,0,test
CLM-000275,Laptop,Electronics,Vertex,VT-15Pro,SN12232974,HomeStyle Retail,2024-12-26,642.04,18,2026-06-19,2026-05-30,520,20,Compressor failure,True,0,SN12232974,True,"receipt,warranty_card,product_photo,serial_evidence,fault_evidence",0,False,False,Valid Claim,2026-05-23,,20,0,train
CLM-000276,Laptop,Electronics,Vertex,VT-14,SN90115852,HomeStyle Retail,2022-08-13,1052.86,36,2025-07-28,2025-05-21,1012,68,Compressor failure,True,0,SN90115852,True,"receipt,warranty_card,product_photo,serial_evidence,fault_evidence",0,False,False,Valid Claim,2025-05-14,,68,0,train
CLM-000277,Refrigerator,Home Appliance,FrostLine,FL-300X,SN32885741,HomeStyle Retail,2025-03-30,1099.21,24,2027-03-20,2026-08-27,515,205,Compressor failure,True,0,SN32885741,True,"receipt,warranty_card,product_photo,serial_evidence,fault_evidence",0,False,False,Valid Claim,2026-08-20,,205,0,test
CLM-000278,Refrigerator,Home Appliance,FrostLine,FL-220,SN86849080,CityWide Appliances,2024-02-18,1206.35,12,2025-02-12,2024-10-28,253,107,Manufacturing defect,True,0,SN86849080,True,"receipt,warranty_card,product_photo,serial_evidence,fault_evidence",0,False,False,Valid Claim,2024-10-21,,107,0,train
CLM-000279,Washing Machine,Home Appliance,Cleanwave,CW-700,SN65426567,TechHub Store,2023-01-26,876.55,12,2024-01-21,2024-01-01,340,20,Display fault,True,0,SN65426567,True,"receipt,warranty_card,product_photo,serial_evidence,fault_evidence",0,False,False,Valid Claim,2023-12-25,,20,0,train
CLM-000280,Television,Electronics,Vistara,VS-43,SN28533117,HomeStyle Retail,2024-10-24,791.2,24,2026-10-14,2026-07-13,627,93,Battery defect,True,1,SN28533117,True,"receipt,warranty_card,product_photo,serial_evidence,fault_evidence",0,False,False,Valid Claim,2026-07-06,2025-09-22,93,0,validation
CLM-000281,Washing Machine,Home Appliance,Cleanwave,CW-700,SN71694994,CityWide Appliances,2024-09-06,1305.17,18,2026-02-28,2025-08-15,343,197,Motor malfunction,True,1,SN71694994,True,"receipt,warranty_card,product_photo,serial_evidence,fault_evidence",0,False,False,Valid Claim,2025-08-08,2025-06-13,197,0,train
CLM-000282,Television,Electronics,Vistara,VS-55UHD,SN91883092,HomeStyle Retail,2023-12-27,891.65,24,2025-12-16,2025-09-27,640,80,Component failure,True,0,SN91883092,True,"receipt,warranty_card,product_photo,serial_evidence,fault_evidence",0,False,False,Valid Claim,2025-09-20,,80,0,train
CLM-000283,Washing Machine,Home Appliance,Cleanwave,CW-750D,SN48789478,TechHub Store,2023-07-26,1035.33,24,2025-07-15,2024-02-04,193,527,Compressor failure,True,0,SN48789478,True,"receipt,warranty_card,product_photo,serial_evidence,fault_evidence",0,False,False,Valid Claim,2024-01-28,,527,0,train
CLM-000284,Washing Machine,Home Appliance,Cleanwave,CW-750D,SN48626436,MegaMart Electronics,2024-09-28,965.42,12,2025-09-23,2025-06-15,260,100,Compressor failure,True,1,SN48626436,True,"receipt,warranty_card,product_photo,serial_evidence,fault_evidence",0,False,False,Valid Claim,2025-06-08,2025-04-11,100,0,train
CLM-000285,Television,Electronics,Vistara,VS-43,SN48983895,MegaMart Electronics,2024-03-19,751.61,24,2026-03-09,2025-10-17,577,143,Compressor failure,True,2,SN48983895,True,"receipt,warranty_card,product_photo,serial_evidence,fault_evidence",0,False,False,Valid Claim,2025-10-10,2024-06-08,143,0,train
CLM-000286,Refrigerator,Home Appliance,FrostLine,FL-300X,SN38720823,MegaMart Electronics,2023-12-11,832.82,36,2026-11-25,2026-04-02,843,237,Battery defect,True,1,SN38720823,True,"receipt,warranty_card,product_photo,serial_evidence,fault_evidence",0,False,False,Valid Claim,2026-03-26,2024-09-14,237,0,train
CLM-000287,Smartphone,Electronics,Nova,NV-X1,SN88763056,MegaMart Electronics,2025-02-25,671.87,24,2027-02-15,2026-07-19,509,211,Manufacturing defect,True,0,SN88763056,True,"receipt,warranty_card,product_photo,serial_evidence,fault_evidence",0,False,False,Valid Claim,2026-07-12,,211,0,train
CLM-000288,Washing Machine,Home Appliance,Cleanwave,CW-700,SN65472370,MegaMart Electronics,2024-12-23,754.38,12,2025-12-18,2025-11-28,340,20,Display fault,True,0,SN65472370,True,"receipt,warranty_card,product_photo,serial_evidence,fault_evidence",0,False,False,Valid Claim,2025-11-21,,20,0,train
CLM-000289,Smartphone,Electronics,Nova,NV-X1,SN31198492,HomeStyle Retail,2022-07-25,935.68,24,2024-07-14,2024-02-22,577,143,Display fault,True,0,SN31198492,True,"receipt,warranty_card,product_photo,serial_evidence,fault_evidence",0,False,False,Valid Claim,2024-02-15,,143,0,validation
CLM-000290,Air Conditioner,Home Appliance,Chillmax,CM-1.5T,SN53106399,MegaMart Electronics,2024-09-04,618.2,24,2026-08-25,2026-07-11,675,45,Manufacturing defect,True,0,SN53106399,True,"receipt,warranty_card,product_photo,serial_evidence,fault_evidence",0,False,False,Valid Claim,2026-07-04,,45,0,train
CLM-000291,Washing Machine,Home Appliance,Cleanwave,CW-700,SN33496796,HomeStyle Retail,2022-07-03,1225.03,24,2024-06-22,2023-12-18,533,187,Component failure,True,1,SN33496796,True,"receipt,warranty_card,product_photo,serial_evidence,fault_evidence",0,False,False,Valid Claim,2023-12-11,2022-08-10,187,0,train
CLM-000292,Smartphone,Electronics,Nova,NV-X1,SN48851599,CityWide Appliances,2024-03-24,312.04,24,2026-03-14,2026-02-11,689,31,Manufacturing defect,True,0,SN48851599,True,"receipt,warranty_card,product_photo,serial_evidence,fault_evidence",0,False,False,Valid Claim,2026-02-04,,31,0,train
CLM-000293,Smartphone,Electronics,Nova,NV-200,SN48193218,HomeStyle Retail,2023-09-04,812.3,24,2025-08-24,2024-12-23,476,244,Compressor failure,True,2,SN48193218,True,"receipt,warranty_card,product_photo,serial_evidence,fault_evidence",0,False,False,Valid Claim,2024-12-16,2024-06-09,244,0,validation
CLM-000294,Television,Electronics,Vistara,VS-55UHD,SN46619573,MegaMart Electronics,2024-12-09,660.7,18,2026-06-02,2025-12-10,366,174,Manufacturing defect,True,0,SN46619573,True,"receipt,warranty_card,product_photo,serial_evidence,fault_evidence",0,False,False,Valid Claim,2025-12-03,,174,0,test
CLM-000295,Laptop,Electronics,Vertex,VT-15Pro,SN34991216,MegaMart Electronics,2023-11-09,859.26,12,2024-11-03,2024-08-17,282,78,Motor malfunction,True,2,SN34991216,True,"receipt,warranty_card,product_photo,serial_evidence,fault_evidence",0,False,False,Valid Claim,2024-08-10,2024-04-09,78,0,train
CLM-000296,Smartphone,Electronics,Nova,NV-X1,SN95728324,CityWide Appliances,2025-03-08,721.4,24,2027-02-26,2026-12-23,655,65,Display fault,True,0,SN95728324,True,"receipt,warranty_card,product_photo,serial_evidence,fault_evidence",0,False,False,Valid Claim,2026-12-16,,65,0,validation
CLM-000297,Laptop,Electronics,Vertex,VT-14,SN34800912,CityWide Appliances,2024-11-21,581.67,12,2025-11-16,2025-10-15,328,32,Display fault,True,0,SN34800912,True,"receipt,warranty_card,product_photo,serial_evidence,fault_evidence",0,False,False,Valid Claim,2025-10-08,,32,0,train
CLM-000298,Smartphone,Electronics,Nova,NV-200,SN41611127,HomeStyle Retail,2023-10-25,466.91,36,2026-10-09,2026-08-28,1038,42,Motor malfunction,True,0,SN41611127,True,"receipt,warranty_card,product_photo,serial_evidence,fault_evidence",0,False,False,Valid Claim,2026-08-21,,42,0,train
CLM-000299,Refrigerator,Home Appliance,FrostLine,FL-220,SN45105069,TechHub Store,2023-11-07,290.89,12,2024-11-01,2024-10-12,340,20,Compressor failure,True,0,SN45105069,True,"receipt,warranty_card,product_photo,serial_evidence,fault_evidence",0,False,False,Valid Claim,2024-10-05,,20,0,train
CLM-000300,Smartphone,Electronics,Nova,NV-200,SN31436829,HomeStyle Retail,2023-04-29,375.32,12,2024-04-23,2024-03-25,331,29,Battery defect,True,2,SN31436829,True,"receipt,warranty_card,product_photo,serial_evidence,fault_evidence",0,False,False,Valid Claim,2024-03-18,2023-10-06,29,0,train
CLM-000301,Television,Electronics,Vistara,VS-55UHD,SN92493631,MegaMart Electronics,2022-08-29,1175.46,24,2024-08-18,2024-06-15,656,64,Component failure,True,0,SN92493631,True,"receipt,warranty_card,product_photo,serial_evidence,fault_evidence",0,False,False,Valid Claim,2024-06-08,,64,0,validation
CLM-000302,Air Conditioner,Home Appliance,Chillmax,CM-1.5T,SN65813853,TechHub Store,2024-09-06,690.87,12,2025-09-01,2024-09-21,15,345,Display fault,True,0,SN65813853,True,"receipt,warranty_card,product_photo,serial_evidence,fault_evidence",0,False,False,Valid Claim,2024-09-14,,345,0,train
CLM-000303,Air Conditioner,Home Appliance,Chillmax,CM-1T,SN89968863,CityWide Appliances,2025-01-05,1267.64,24,2026-12-26,2026-01-17,377,343,Manufacturing defect,True,0,SN89968863,True,"receipt,warranty_card,product_photo,serial_evidence,fault_evidence",0,False,False,Valid Claim,2026-01-10,,343,0,train
CLM-000304,Refrigerator,Home Appliance,FrostLine,FL-220,SN85721444,MegaMart Electronics,2024-12-12,1410.65,18,2026-06-05,2026-05-05,509,31,Battery defect,True,0,SN85721444,True,"receipt,warranty_card,product_photo,serial_evidence,fault_evidence",0,False,False,Valid Claim,2026-04-28,,31,0,validation
CLM-000305,Laptop,Electronics,Vertex,VT-14,SN54039203,CityWide Appliances,2024-11-01,776.35,12,2025-10-27,2025-09-28,331,29,Display fault,True,0,SN54039203,True,"receipt,warranty_card,product_photo,serial_evidence,fault_evidence",0,False,False,Valid Claim,2025-09-21,,29,0,train
CLM-000306,Refrigerator,Home Appliance,FrostLine,FL-300X,SN22205980,CityWide Appliances,2022-08-27,703.8,24,2024-08-16,2024-07-27,700,20,Display fault,True,4,SN22205980,True,"receipt,warranty_card,product_photo,serial_evidence,fault_evidence",0,False,False,Valid Claim,2024-07-20,2022-10-23,20,0,train
CLM-000307,Laptop,Electronics,Vertex,VT-14,SN85000490,HomeStyle Retail,2024-07-17,831.07,12,2025-07-12,2025-05-13,300,60,Motor malfunction,True,0,SN85000490,True,"receipt,warranty_card,product_photo,serial_evidence,fault_evidence",0,False,False,Valid Claim,2025-05-06,,60,0,test
CLM-000308,Air Conditioner,Home Appliance,Chillmax,CM-1T,SN87619624,MegaMart Electronics,2022-02-14,1230.29,18,2023-08-08,2023-01-17,337,203,Display fault,True,0,SN87619624,True,"receipt,warranty_card,product_photo,serial_evidence,fault_evidence",0,False,False,Valid Claim,2023-01-10,,203,0,train
CLM-000309,Laptop,Electronics,Vertex,VT-14,SN19263592,CityWide Appliances,2023-12-07,1186.3,24,2025-11-26,2025-10-27,690,30,Display fault,True,0,SN19263592,True,"receipt,warranty_card,product_photo,serial_evidence,fault_evidence",0,False,False,Valid Claim,2025-10-20,,30,0,test
CLM-000310,Smartphone,Electronics,Nova,NV-100,SN96104027,CityWide Appliances,2022-03-06,863.36,12,2023-03-01,2023-02-09,340,20,Compressor failure,True,1,SN96104027,True,"receipt,warranty_card,product_photo,serial_evidence,fault_evidence",0,False,False,Valid Claim,2023-02-02,2022-10-08,20,0,validation
CLM-000311,Washing Machine,Home Appliance,Cleanwave,CW-750D,SN60418290,MegaMart Electronics,2024-02-06,990.05,36,2027-01-21,2027-01-01,1060,20,Compressor failure,True,0,SN60418290,True,"receipt,warranty_card,product_photo,serial_evidence,fault_evidence",0,False,False,Valid Claim,2026-12-25,,20,0,train
CLM-000312,Television,Electronics,Vistara,VS-43,SN33954324,CityWide Appliances,2025-01-09,726.09,12,2026-01-04,2025-09-30,264,96,Display fault,True,0,SN33954324,True,"receipt,warranty_card,product_photo,serial_evidence,fault_evidence",0,False,False,Valid Claim,2025-09-23,,96,0,train
CLM-000313,Television,Electronics,Vistara,VS-43,SN13051483,CityWide Appliances,2024-12-19,336.2,12,2025-12-14,2025-10-12,297,63,Display fault,True,0,SN13051483,True,"receipt,warranty_card,product_photo,serial_evidence,fault_evidence",0,False,False,Valid Claim,2025-10-05,,63,0,train
CLM-000314,Washing Machine,Home Appliance,Cleanwave,CW-700,SN43220503,HomeStyle Retail,2025-01-20,669.76,18,2026-07-14,2026-04-23,458,82,Component failure,True,0,SN43220503,True,"receipt,warranty_card,product_photo,serial_evidence,fault_evidence",0,False,False,Valid Claim,2026-04-16,,82,0,test
CLM-000315,Television,Electronics,Vistara,VS-43,SN14324134,TechHub Store,2023-07-19,532.24,12,2024-07-13,2024-06-14,331,29,Display fault,True,1,SN14324134,True,"receipt,warranty_card,product_photo,serial_evidence,fault_evidence",0,False,False,Valid Claim,2024-06-07,2024-05-29,29,0,train
CLM-000316,Smartphone,Electronics,Nova,NV-X1,SN14506531,HomeStyle Retail,2022-02-02,700.91,12,2023-01-28,2022-11-11,282,78,Compressor failure,True,0,SN14506531,True,"receipt,warranty_card,product_photo,serial_evidence,fault_evidence",0,False,False,Valid Claim,2022-11-04,,78,0,test
CLM-000317,Smartphone,Electronics,Nova,NV-200,SN41452485,HomeStyle Retail,2022-04-10,951.18,12,2023-04-05,2022-09-09,152,208,Manufacturing defect,True,0,SN41452485,True,"receipt,warranty_card,product_photo,serial_evidence,fault_evidence",0,False,False,Valid Claim,2022-09-02,,208,0,train
CLM-000318,Washing Machine,Home Appliance,Cleanwave,CW-750D,SN87507357,HomeStyle Retail,2022-10-14,543.48,18,2024-04-06,2024-02-29,503,37,Compressor failure,True,1,SN87507357,True,"receipt,warranty_card,product_photo,serial_evidence,fault_evidence",0,False,False,Valid Claim,2024-02-22,2023-12-08,37,0,train
CLM-000319,Television,Electronics,Vistara,VS-43,SN65507111,MegaMart Electronics,2023-10-19,836.66,12,2024-10-13,2024-06-07,232,128,Manufacturing defect,True,0,SN65507111,True,"receipt,warranty_card,product_photo,serial_evidence,fault_evidence",0,False,False,Valid Claim,2024-05-31,,128,0,train
CLM-000320,Television,Electronics,Vistara,VS-43,SN94019376,TechHub Store,2025-02-14,765.4,36,2028-01-30,2027-09-16,944,136,Battery defect,True,0,SN94019376,True,"receipt,warranty_card,product_photo,serial_evidence,fault_evidence",0,False,False,Valid Claim,2027-09-09,,136,0,test
CLM-000321,Washing Machine,Home Appliance,Cleanwave,CW-750D,SN80392240,MegaMart Electronics,2024-10-12,847.36,12,2025-10-07,2025-04-23,193,167,Display fault,True,0,SN80392240,True,"receipt,warranty_card,product_photo,serial_evidence,fault_evidence",0,False,False,Valid Claim,2025-04-16,,167,0,train
CLM-000322,Washing Machine,Home Appliance,Cleanwave,CW-750D,SN42342202,TechHub Store,2024-04-16,946.21,12,2025-04-11,2024-10-30,197,163,Motor malfunction,True,0,SN42342202,True,"receipt,warranty_card,product_photo,serial_evidence,fault_evidence",0,False,False,Valid Claim,2024-10-23,,163,0,train
CLM-000323,Television,Electronics,Vistara,VS-55UHD,SN65902739,HomeStyle Retail,2022-10-23,656.54,24,2024-10-12,2024-03-22,516,204,Component failure,True,0,SN65902739,True,"receipt,warranty_card,product_photo,serial_evidence,fault_evidence",0,False,False,Valid Claim,2024-03-15,,204,0,train
CLM-000324,Smartphone,Electronics,Nova,NV-X1,SN20612653,CityWide Appliances,2024-03-06,940.85,12,2025-03-01,2025-01-20,320,40,Motor malfunction,True,0,SN20612653,True,"receipt,warranty_card,product_photo,serial_evidence,fault_evidence",0,False,False,Valid Claim,2025-01-13,,40,0,train
CLM-000325,Air Conditioner,Home Appliance,Chillmax,CM-1T,SN46032304,HomeStyle Retail,2022-07-09,471.65,18,2023-12-31,2022-09-11,64,476,Battery defect,True,0,SN46032304,True,"receipt,warranty_card,product_photo,serial_evidence,fault_evidence",0,False,False,Valid Claim,2022-09-04,,476,0,train
CLM-000326,Smartphone,Electronics,Nova,NV-X1,SN85007641,MegaMart Electronics,2025-05-19,819.77,12,2026-05-14,2026-02-10,267,93,Component failure,True,1,SN85007641,True,"receipt,warranty_card,product_photo,serial_evidence,fault_evidence",0,False,False,Valid Claim,2026-02-03,2025-11-06,93,0,train
CLM-000327,Smartphone,Electronics,Nova,NV-100,SN25745913,TechHub Store,2023-09-13,772.4,36,2026-08-28,2026-03-10,909,171,Display fault,True,0,SN25745913,True,"receipt,warranty_card,product_photo,serial_evidence,fault_evidence",0,False,False,Valid Claim,2026-03-03,,171,0,validation
CLM-000328,Refrigerator,Home Appliance,FrostLine,FL-300X,SN42122457,HomeStyle Retail,2023-05-12,915.11,24,2025-05-01,2025-01-01,600,120,Motor malfunction,True,1,SN42122457,True,"receipt,warranty_card,product_photo,serial_evidence,fault_evidence",0,False,False,Valid Claim,2024-12-25,2024-06-05,120,0,validation
CLM-000329,Washing Machine,Home Appliance,Cleanwave,CW-750D,SN58270683,HomeStyle Retail,2024-08-12,759.37,18,2026-02-03,2025-03-08,208,332,Display fault,True,0,SN58270683,True,"receipt,warranty_card,product_photo,serial_evidence,fault_evidence",0,False,False,Valid Claim,2025-03-01,,332,0,test
CLM-000330,Television,Electronics,Vistara,VS-55UHD,SN52980983,CityWide Appliances,2024-08-12,694.16,12,2025-08-07,2025-03-13,213,147,Motor malfunction,True,0,SN52980983,True,"receipt,warranty_card,product_photo,serial_evidence,fault_evidence",0,False,False,Valid Claim,2025-03-06,,147,0,train
CLM-000331,Laptop,Electronics,Vertex,VT-14,SN29585415,MegaMart Electronics,2023-10-03,921.87,18,2025-03-26,2024-12-12,436,104,Battery defect,True,0,SN29585415,True,"receipt,warranty_card,product_photo,serial_evidence,fault_evidence",0,False,False,Valid Claim,2024-12-05,,104,0,test
CLM-000332,Laptop,Electronics,Vertex,VT-14,SN36332415,MegaMart Electronics,2025-04-11,303.47,24,2027-04-01,2026-07-29,474,246,Display fault,True,2,SN36332415,True,"receipt,warranty_card,product_photo,serial_evidence,fault_evidence",0,False,False,Valid Claim,2026-07-22,2026-01-28,246,0,train
CLM-000333,Refrigerator,Home Appliance,FrostLine,FL-300X,SN44537812,TechHub Store,2023-05-19,1393.14,18,2024-11-09,2024-10-20,520,20,Display fault,True,0,SN44537812,True,"receipt,warranty_card,product_photo,serial_evidence,fault_evidence",0,False,False,Valid Claim,2024-10-13,,20,0,train
CLM-000334,Refrigerator,Home Appliance,FrostLine,FL-300X,SN32718459,MegaMart Electronics,2024-10-01,879.29,18,2026-03-25,2026-01-14,470,70,Battery defect,True,0,SN32718459,True,"receipt,warranty_card,product_photo,serial_evidence,fault_evidence",0,False,False,Valid Claim,2026-01-07,,70,0,train
CLM-000335,Television,Electronics,Vistara,VS-43,SN80322629,MegaMart Electronics,2024-09-27,320.58,12,2025-09-22,2024-10-12,15,345,Manufacturing defect,True,0,SN80322629,True,"receipt,warranty_card,product_photo,serial_evidence,fault_evidence",0,False,False,Valid Claim,2024-10-05,,345,0,train
CLM-000336,Laptop,Electronics,Vertex,VT-14,SN19122502,TechHub Store,2022-04-10,149.77,24,2024-03-30,2023-09-22,530,190,Manufacturing defect,True,0,SN19122502,True,"receipt,warranty_card,product_photo,serial_evidence,fault_evidence",0,False,False,Valid Claim,2023-09-15,,190,0,train
CLM-000337,Washing Machine,Home Appliance,Cleanwave,CW-750D,SN98487646,HomeStyle Retail,2023-03-24,976.8,18,2024-09-14,2024-08-16,511,29,Manufacturing defect,True,0,SN98487646,True,"receipt,warranty_card,product_photo,serial_evidence,fault_evidence",0,False,False,Valid Claim,2024-08-09,,29,0,train
CLM-000338,Smartphone,Electronics,Nova,NV-X1,SN46875077,HomeStyle Retail,2024-12-25,521.67,24,2026-12-15,2026-11-07,682,38,Motor malfunction,True,1,SN46875077,True,"receipt,warranty_card,product_photo,serial_evidence,fault_evidence",0,False,False,Valid Claim,2026-10-31,2025-01-12,38,0,validation
CLM-000339,Refrigerator,Home Appliance,FrostLine,FL-220,SN24363501,CityWide Appliances,2024-10-25,863.9,24,2026-10-15,2026-08-09,653,67,Battery defect,True,0,SN24363501,True,"receipt,warranty_card,product_photo,serial_evidence,fault_evidence",0,False,False,Valid Claim,2026-08-02,,67,0,train
CLM-000340,Refrigerator,Home Appliance,FrostLine,FL-300X,SN57572279,MegaMart Electronics,2022-11-01,1099.48,12,2023-10-27,2023-08-28,300,60,Display fault,True,0,SN57572279,True,"receipt,warranty_card,product_photo,serial_evidence,fault_evidence",0,False,False,Valid Claim,2023-08-21,,60,0,test
CLM-000341,Laptop,Electronics,Vertex,VT-14,SN40314047,MegaMart Electronics,2022-06-11,854.27,18,2023-12-03,2022-07-25,44,496,Manufacturing defect,True,0,SN40314047,True,"receipt,warranty_card,product_photo,serial_evidence,fault_evidence",0,False,False,Valid Claim,2022-07-18,,496,0,train
CLM-000342,Washing Machine,Home Appliance,Cleanwave,CW-750D,SN17531619,TechHub Store,2022-03-06,834.93,12,2023-03-01,2023-02-01,332,28,Compressor failure,True,0,SN17531619,True,"receipt,warranty_card,product_photo,serial_evidence,fault_evidence",0,False,False,Valid Claim,2023-01-25,,28,0,train
CLM-000343,Air Conditioner,Home Appliance,Chillmax,CM-1.5T,SN85947990,CityWide Appliances,2022-12-17,1199.41,12,2023-12-12,2023-08-08,234,126,Manufacturing defect,True,0,SN85947990,True,"receipt,warranty_card,product_photo,serial_evidence,fault_evidence",0,False,False,Valid Claim,2023-08-01,,126,0,train
CLM-000344,Washing Machine,Home Appliance,Cleanwave,CW-750D,SN46385762,MegaMart Electronics,2024-12-17,791.96,36,2027-12-02,2026-10-15,667,413,Manufacturing defect,True,0,SN46385762,True,"receipt,warranty_card,product_photo,serial_evidence,fault_evidence",0,False,False,Valid Claim,2026-10-08,,413,0,test
CLM-000345,Laptop,Electronics,Vertex,VT-14,SN34072553,CityWide Appliances,2023-07-29,811.01,36,2026-07-13,2025-11-12,837,243,Motor malfunction,True,1,SN34072553,True,"receipt,warranty_card,product_photo,serial_evidence,fault_evidence",0,False,False,Valid Claim,2025-11-05,2023-08-15,243,0,test
CLM-000346,Air Conditioner,Home Appliance,Chillmax,CM-1.5T,SN20326375,MegaMart Electronics,2023-03-01,1127.6,24,2025-02-18,2024-10-23,602,118,Battery defect,True,0,SN20326375,True,"receipt,warranty_card,product_photo,serial_evidence,fault_evidence",0,False,False,Valid Claim,2024-10-16,,118,0,test
CLM-000347,Air Conditioner,Home Appliance,Chillmax,CM-1.5T,SN61518966,TechHub Store,2023-05-08,961.9,24,2025-04-27,2025-04-07,700,20,Component failure,True,1,SN61518966,True,"receipt,warranty_card,product_photo,serial_evidence,fault_evidence",0,False,False,Valid Claim,2025-03-31,2023-07-28,20,0,train
CLM-000348,Washing Machine,Home Appliance,Cleanwave,CW-700,SN68664992,MegaMart Electronics,2024-10-22,1123.34,24,2026-10-12,2026-09-22,700,20,Manufacturing defect,True,0,SN68664992,True,"receipt,warranty_card,product_photo,serial_evidence,fault_evidence",0,False,False,Valid Claim,2026-09-15,,20,0,train
CLM-000349,Refrigerator,Home Appliance,FrostLine,FL-300X,SN53805532,MegaMart Electronics,2023-11-29,472.14,24,2025-11-18,2025-07-03,582,138,Motor malfunction,True,0,SN53805532,True,"receipt,warranty_card,product_photo,serial_evidence,fault_evidence",0,False,False,Valid Claim,2025-06-26,,138,0,test
CLM-000350,Washing Machine,Home Appliance,Cleanwave,CW-750D,SN67961650,MegaMart Electronics,2024-07-11,800.43,18,2026-01-02,2025-12-13,520,20,Battery defect,True,0,SN67961650,True,"receipt,warranty_card,product_photo,serial_evidence,fault_evidence",0,False,False,Valid Claim,2025-12-06,,20,0,train
CLM-000351,Refrigerator,Home Appliance,FrostLine,FL-220,SN19865900,MegaMart Electronics,2024-02-18,700.1,12,2025-02-12,2025-01-06,323,37,Component failure,True,0,SN19865900,True,"receipt,warranty_card,product_photo,serial_evidence,fault_evidence",0,False,False,Valid Claim,2024-12-30,,37,0,validation
CLM-000352,Refrigerator,Home Appliance,FrostLine,FL-300X,SN52503832,HomeStyle Retail,2024-02-18,1213.66,24,2026-02-07,2026-01-18,700,20,Manufacturing defect,True,0,SN52503832,True,"receipt,warranty_card,product_photo,serial_evidence,fault_evidence",0,False,False,Valid Claim,2026-01-11,,20,0,train
CLM-000353,Laptop,Electronics,Vertex,VT-15Pro,SN23721268,MegaMart Electronics,2022-01-11,1212.44,36,2024-12-26,2024-10-28,1021,59,Component failure,True,0,SN23721268,True,"receipt,warranty_card,product_photo,serial_evidence,fault_evidence",0,False,False,Valid Claim,2024-10-21,,59,0,train
CLM-000354,Laptop,Electronics,Vertex,VT-15Pro,SN23863742,MegaMart Electronics,2024-06-01,537.19,18,2025-11-23,2025-07-04,398,142,Motor malfunction,True,1,SN23863742,True,"receipt,warranty_card,product_photo,serial_evidence,fault_evidence",0,False,False,Valid Claim,2025-06-27,2025-03-12,142,0,train
CLM-000355,Air Conditioner,Home Appliance,Chillmax,CM-1.5T,SN11656329,MegaMart Electronics,2022-07-10,595.4,24,2024-06-29,2024-06-09,700,20,Display fault,True,0,SN11656329,True,"receipt,warranty_card,product_photo,serial_evidence,fault_evidence",0,False,False,Valid Claim,2024-06-02,,20,0,train
CLM-000356,Laptop,Electronics,Vertex,VT-14,SN86767229,HomeStyle Retail,2022-06-23,639.15,24,2024-06-12,2023-01-11,202,518,Compressor failure,True,0,SN86767229,True,"receipt,warranty_card,product_photo,serial_evidence,fault_evidence",0,False,False,Valid Claim,2023-01-04,,518,0,train
CLM-000357,Washing Machine,Home Appliance,Cleanwave,CW-750D,SN76185975,MegaMart Electronics,2024-02-19,1373.57,12,2025-02-13,2024-11-23,278,82,Component failure,True,0,SN76185975,True,"receipt,warranty_card,product_photo,serial_evidence,fault_evidence",0,False,False,Valid Claim,2024-11-16,,82,0,train
CLM-000358,Washing Machine,Home Appliance,Cleanwave,CW-700,SN58469365,MegaMart Electronics,2024-06-09,1176.37,12,2025-06-04,2025-05-15,340,20,Component failure,True,0,SN58469365,True,"receipt,warranty_card,product_photo,serial_evidence,fault_evidence",0,False,False,Valid Claim,2025-05-08,,20,0,train
CLM-000359,Smartphone,Electronics,Nova,NV-100,SN28185096,MegaMart Electronics,2024-10-12,593.77,24,2026-10-02,2026-07-07,633,87,Display fault,True,0,SN28185096,True,"receipt,warranty_card,product_photo,serial_evidence,fault_evidence",0,False,False,Valid Claim,2026-06-30,,87,0,train
CLM-000360,Washing Machine,Home Appliance,Cleanwave,CW-750D,SN69085720,MegaMart Electronics,2023-11-12,685.17,24,2025-11-01,2025-10-12,700,20,Compressor failure,True,0,SN69085720,True,"receipt,warranty_card,product_photo,serial_evidence,fault_evidence",0,False,False,Valid Claim,2025-10-05,,20,0,test
CLM-000361,Washing Machine,Home Appliance,Cleanwave,CW-700,SN74291599,MegaMart Electronics,2025-05-02,1466.27,12,2026-04-27,2026-04-07,340,20,Display fault,True,1,SN74291599,True,"receipt,warranty_card,product_photo,serial_evidence,fault_evidence",0,False,False,Valid Claim,2026-03-31,2025-10-13,20,0,train
CLM-000362,Refrigerator,Home Appliance,FrostLine,FL-220,SN53739710,HomeStyle Retail,2023-08-20,1101.87,24,2025-08-09,2025-07-19,699,21,Display fault,True,0,SN53739710,True,"receipt,warranty_card,product_photo,serial_evidence,fault_evidence",0,False,False,Valid Claim,2025-07-12,,21,0,train
CLM-000363,Laptop,Electronics,Vertex,VT-14,SN83833059,MegaMart Electronics,2024-01-18,1062.23,12,2025-01-12,2024-09-13,239,121,Compressor failure,True,1,SN83833059,True,"receipt,warranty_card,product_photo,serial_evidence,fault_evidence",0,False,False,Valid Claim,2024-09-06,2024-05-16,121,0,train
CLM-000364,Washing Machine,Home Appliance,Cleanwave,CW-700,SN64914054,TechHub Store,2023-03-06,1012.75,18,2024-08-27,2024-02-15,346,194,Component failure,True,0,SN64914054,True,"receipt,warranty_card,product_photo,serial_evidence,fault_evidence",0,False,False,Valid Claim,2024-02-08,,194,0,test
CLM-000365,Refrigerator,Home Appliance,FrostLine,FL-300X,SN60598851,MegaMart Electronics,2023-09-13,1314.98,12,2024-09-07,2024-02-18,158,202,Battery defect,True,0,SN60598851,True,"receipt,warranty_card,product_photo,serial_evidence,fault_evidence",0,False,False,Valid Claim,2024-02-11,,202,0,train
CLM-000366,Laptop,Electronics,Vertex,VT-15Pro,SN82966824,MegaMart Electronics,2024-09-08,694.95,24,2026-08-29,2026-04-28,597,123,Motor malfunction,True,0,SN82966824,True,"receipt,warranty_card,product_photo,serial_evidence,fault_evidence",0,False,False,Valid Claim,2026-04-21,,123,0,train
CLM-000367,Television,Electronics,Vistara,VS-43,SN43316996,TechHub Store,2025-01-04,501.8,24,2026-12-25,2026-07-21,563,157,Motor malfunction,True,1,SN43316996,True,"receipt,warranty_card,product_photo,serial_evidence,fault_evidence",0,False,False,Valid Claim,2026-07-14,2025-06-24,157,0,test
CLM-000368,Refrigerator,Home Appliance,FrostLine,FL-300X,SN54506155,CityWide Appliances,2022-04-01,747.58,24,2024-03-21,2022-12-31,274,446,Display fault,True,0,SN54506155,True,"receipt,warranty_card,product_photo,serial_evidence,fault_evidence",0,False,False,Valid Claim,2022-12-24,,446,0,train
CLM-000369,Washing Machine,Home Appliance,Cleanwave,CW-700,SN69831384,HomeStyle Retail,2022-08-05,1094.89,12,2023-07-31,2023-07-07,336,24,Display fault,True,0,SN69831384,True,"receipt,warranty_card,product_photo,serial_evidence,fault_evidence",0,False,False,Valid Claim,2023-06-30,,24,0,train
CLM-000370,Smartphone,Electronics,Nova,NV-100,SN74796438,MegaMart Electronics,2025-04-20,906.92,24,2027-04-10,2027-01-03,623,97,Display fault,True,0,SN74796438,True,"receipt,warranty_card,product_photo,serial_evidence,fault_evidence",0,False,False,Valid Claim,2026-12-27,,97,0,train
CLM-000371,Television,Electronics,Vistara,VS-43,SN56751880,MegaMart Electronics,2022-06-25,393.42,12,2023-06-20,2023-05-20,329,31,Display fault,True,0,SN56751880,True,"receipt,warranty_card,product_photo,serial_evidence,fault_evidence",0,False,False,Valid Claim,2023-05-13,,31,0,train
CLM-000372,Washing Machine,Home Appliance,Cleanwave,CW-700,SN68809636,TechHub Store,2023-02-28,1077.75,18,2024-08-21,2024-08-01,520,20,Display fault,True,0,SN68809636,True,"receipt,warranty_card,product_photo,serial_evidence,fault_evidence",0,False,False,Valid Claim,2024-07-25,,20,0,train
CLM-000373,Smartphone,Electronics,Nova,NV-X1,SN25446483,MegaMart Electronics,2023-10-16,898.21,12,2024-10-10,2024-09-05,325,35,Motor malfunction,True,0,SN25446483,True,"receipt,warranty_card,product_photo,serial_evidence,fault_evidence",0,False,False,Valid Claim,2024-08-29,,35,0,test
CLM-000374,Smartphone,Electronics,Nova,NV-X1,SN42737441,HomeStyle Retail,2022-08-12,624.81,24,2024-08-01,2024-02-21,558,162,Battery defect,True,0,SN42737441,True,"receipt,warranty_card,product_photo,serial_evidence,fault_evidence",0,False,False,Valid Claim,2024-02-14,,162,0,train
CLM-000375,Laptop,Electronics,Vertex,VT-15Pro,SN41119124,TechHub Store,2022-11-24,294.69,12,2023-11-19,2023-09-30,310,50,Compressor failure,True,0,SN41119124,True,"receipt,warranty_card,product_photo,serial_evidence,fault_evidence",0,False,False,Valid Claim,2023-09-23,,50,0,train
CLM-000376,Refrigerator,Home Appliance,FrostLine,FL-300X,SN13918120,TechHub Store,2023-01-13,1530.55,12,2024-01-08,2023-10-20,280,80,Component failure,True,2,SN13918120,True,"receipt,warranty_card,product_photo,serial_evidence,fault_evidence",0,False,False,Valid Claim,2023-10-13,2023-09-01,80,0,train
CLM-000377,Smartphone,Electronics,Nova,NV-100,SN37619925,MegaMart Electronics,2025-04-27,832.11,18,2026-10-19,2026-09-11,502,38,Compressor failure,True,0,SN37619925,True,"receipt,warranty_card,product_photo,serial_evidence,fault_evidence",0,False,False,Valid Claim,2026-09-04,,38,0,train
CLM-000378,Air Conditioner,Home Appliance,Chillmax,CM-1T,SN59095909,MegaMart Electronics,2022-05-09,956.47,24,2024-04-28,2024-01-02,603,117,Display fault,True,0,SN59095909,True,"receipt,warranty_card,product_photo,serial_evidence,fault_evidence",0,False,False,Valid Claim,2023-12-26,,117,0,train
CLM-000379,Television,Electronics,Vistara,VS-55UHD,SN90124068,HomeStyle Retail,2022-08-22,741.37,12,2023-08-17,2023-03-12,202,158,Display fault,True,1,SN90124068,True,"receipt,warranty_card,product_photo,serial_evidence,fault_evidence",0,False,False,Valid Claim,2023-03-05,2023-01-20,158,0,train
CLM-000380,Air Conditioner,Home Appliance,Chillmax,CM-1T,SN49922369,CityWide Appliances,2022-08-22,684.03,12,2023-08-17,2023-07-16,328,32,Battery defect,True,1,SN49922369,True,"receipt,warranty_card,product_photo,serial_evidence,fault_evidence",0,False,False,Valid Claim,2023-07-09,2022-10-05,32,0,validation
CLM-000381,Washing Machine,Home Appliance,Cleanwave,CW-700,SN34567819,HomeStyle Retail,2022-10-02,380.1,12,2023-09-27,2023-02-08,129,231,Component failure,True,1,SN34567819,True,"receipt,warranty_card,product_photo,serial_evidence,fault_evidence",0,False,False,Valid Claim,2023-02-01,2023-01-10,231,0,train
CLM-000382,Laptop,Electronics,Vertex,VT-15Pro,SN34931439,HomeStyle Retail,2024-05-06,638.53,24,2026-04-26,2026-01-30,634,86,Battery defect,True,0,SN34931439,True,"receipt,warranty_card,product_photo,serial_evidence,fault_evidence",0,False,False,Valid Claim,2026-01-23,,86,0,train
CLM-000383,Laptop,Electronics,Vertex,VT-14,SN35111946,MegaMart Electronics,2022-12-21,567.54,24,2024-12-10,2024-08-25,613,107,Display fault,True,1,SN35111946,True,"receipt,warranty_card,product_photo,serial_evidence,fault_evidence",0,False,False,Valid Claim,2024-08-18,2023-02-14,107,0,train
CLM-000384,Laptop,Electronics,Vertex,VT-14,SN61532114,CityWide Appliances,2024-01-06,395.28,36,2026-12-21,2026-08-15,952,128,Battery defect,True,0,SN61532114,True,"receipt,warranty_card,product_photo,serial_evidence,fault_evidence",0,False,False,Valid Claim,2026-08-08,,128,0,train
CLM-000385,Laptop,Electronics,Vertex,VT-15Pro,SN75592138,MegaMart Electronics,2024-10-10,296.03,18,2026-04-03,2025-10-07,362,178,Battery defect,True,0,SN75592138,True,"receipt,warranty_card,product_photo,serial_evidence,fault_evidence",0,False,False,Valid Claim,2025-09-30,,178,0,train
CLM-000386,Washing Machine,Home Appliance,Cleanwave,CW-700,SN46890134,MegaMart Electronics,2022-03-05,814.2,24,2024-02-23,2024-02-01,698,22,Motor malfunction,True,0,SN46890134,True,"receipt,warranty_card,product_photo,serial_evidence,fault_evidence",0,False,False,Valid Claim,2024-01-25,,22,0,test
CLM-000387,Laptop,Electronics,Vertex,VT-15Pro,SN83782999,HomeStyle Retail,2022-12-11,591.02,24,2024-11-30,2024-10-12,671,49,Battery defect,True,0,SN83782999,True,"receipt,warranty_card,product_photo,serial_evidence,fault_evidence",0,False,False,Valid Claim,2024-10-05,,49,0,train
CLM-000388,Laptop,Electronics,Vertex,VT-15Pro,SN82751830,TechHub Store,2022-08-22,930.66,12,2023-08-17,2023-04-24,245,115,Manufacturing defect,True,0,SN82751830,True,"receipt,warranty_card,product_photo,serial_evidence,fault_evidence",0,False,False,Valid Claim,2023-04-17,,115,0,test
CLM-000389,Television,Electronics,Vistara,VS-43,SN97734330,TechHub Store,2024-06-22,842.71,18,2025-12-14,2025-11-23,519,21,Motor malfunction,True,0,SN97734330,True,"receipt,warranty_card,product_photo,serial_evidence,fault_evidence",0,False,False,Valid Claim,2025-11-16,,21,0,train
CLM-000390,Washing Machine,Home Appliance,Cleanwave,CW-700,SN68930964,CityWide Appliances,2022-03-08,1285.09,18,2023-08-30,2023-01-19,317,223,Manufacturing defect,True,1,SN68930964,True,"receipt,warranty_card,product_photo,serial_evidence,fault_evidence",0,False,False,Valid Claim,2023-01-12,2022-07-08,223,0,validation
CLM-000391,Laptop,Electronics,Vertex,VT-15Pro,SN91907952,TechHub Store,2023-03-06,591.07,24,2025-02-23,2024-06-25,477,243,Component failure,True,0,SN91907952,True,"receipt,warranty_card,product_photo,serial_evidence,fault_evidence",0,False,False,Valid Claim,2024-06-18,,243,0,train
CLM-000392,Air Conditioner,Home Appliance,Chillmax,CM-1T,SN86514083,HomeStyle Retail,2022-10-13,838.15,24,2024-10-02,2024-09-12,700,20,Motor malfunction,True,0,SN86514083,True,"receipt,warranty_card,product_photo,serial_evidence,fault_evidence",0,False,False,Valid Claim,2024-09-05,,20,0,train
CLM-000393,Washing Machine,Home Appliance,Cleanwave,CW-750D,SN48833650,HomeStyle Retail,2025-05-07,1130.78,18,2026-10-29,2025-12-02,209,331,Battery defect,True,0,SN48833650,True,"receipt,warranty_card,product_photo,serial_evidence,fault_evidence",0,False,False,Valid Claim,2025-11-25,,331,0,train
CLM-000394,Air Conditioner,Home Appliance,Chillmax,CM-1.5T,SN17957216,CityWide Appliances,2022-07-15,874.57,12,2023-07-10,2023-04-17,276,84,Compressor failure,True,0,SN17957216,True,"receipt,warranty_card,product_photo,serial_evidence,fault_evidence",0,False,False,Valid Claim,2023-04-10,,84,0,train
CLM-000395,Smartphone,Electronics,Nova,NV-100,SN53231088,TechHub Store,2022-09-17,858.46,24,2024-09-06,2024-08-17,700,20,Compressor failure,True,0,SN53231088,True,"receipt,warranty_card,product_photo,serial_evidence,fault_evidence",0,False,False,Valid Claim,2024-08-10,,20,0,train
CLM-000396,Laptop,Electronics,Vertex,VT-15Pro,SN94263610,HomeStyle Retail,2024-03-15,728.83,18,2025-09-06,2025-06-12,454,86,Display fault,True,0,SN94263610,True,"receipt,warranty_card,product_photo,serial_evidence,fault_evidence",0,False,False,Valid Claim,2025-06-05,,86,0,train
CLM-000397,Television,Electronics,Vistara,VS-43,SN64069715,HomeStyle Retail,2022-06-04,902.11,24,2024-05-24,2024-01-14,589,131,Motor malfunction,True,0,SN64069715,True,"receipt,warranty_card,product_photo,serial_evidence,fault_evidence",0,False,False,Valid Claim,2024-01-07,,131,0,train
CLM-000398,Laptop,Electronics,Vertex,VT-14,SN22501261,TechHub Store,2024-01-26,413.42,18,2025-07-19,2025-03-07,406,134,Display fault,True,1,SN22501261,True,"receipt,warranty_card,product_photo,serial_evidence,fault_evidence",0,False,False,Valid Claim,2025-02-28,2024-12-17,134,0,train
CLM-000399,Air Conditioner,Home Appliance,Chillmax,CM-1.5T,SN39236638,CityWide Appliances,2024-01-04,1238.02,36,2026-12-19,2026-08-08,947,133,Component failure,True,0,SN39236638,True,"receipt,warranty_card,product_photo,serial_evidence,fault_evidence",0,False,False,Valid Claim,2026-08-01,,133,0,train
CLM-000400,Air Conditioner,Home Appliance,Chillmax,CM-1.5T,SN83458776,HomeStyle Retail,2024-10-10,848.35,12,2025-10-05,2025-05-17,219,141,Battery defect,True,2,SN83458776,True,"receipt,warranty_card,product_photo,serial_evidence,fault_evidence",0,False,False,Valid Claim,2025-05-10,2025-05-17,141,0,train
CLM-000401,Television,Electronics,Vistara,VS-43,SN16166355,MegaMart Electronics,2024-09-20,869.07,24,2026-09-10,2026-06-20,638,82,Display fault,True,0,SN16166355,True,"receipt,warranty_card,product_photo,serial_evidence,fault_evidence",0,False,False,Valid Claim,2026-06-13,,82,0,train
CLM-000402,Air Conditioner,Home Appliance,Chillmax,CM-1.5T,SN71272827,MegaMart Electronics,2022-02-03,996.9,12,2023-01-29,2023-01-09,340,20,Display fault,True,1,SN71272827,True,"receipt,warranty_card,product_photo,serial_evidence,fault_evidence",0,False,False,Valid Claim,2023-01-02,2022-05-18,20,0,validation
CLM-000403,Washing Machine,Home Appliance,Cleanwave,CW-750D,SN22527880,TechHub Store,2022-09-28,1101.2,36,2025-09-12,2025-04-30,945,135,Motor malfunction,True,0,SN22527880,True,"receipt,warranty_card,product_photo,serial_evidence,fault_evidence",0,False,False,Valid Claim,2025-04-23,,135,0,train
CLM-000404,Television,Electronics,Vistara,VS-43,SN16950770,HomeStyle Retail,2022-06-18,389.97,18,2023-12-10,2023-08-06,414,126,Motor malfunction,True,0,SN16950770,True,"receipt,warranty_card,product_photo,serial_evidence,fault_evidence",0,False,False,Valid Claim,2023-07-30,,126,0,validation
CLM-000405,Smartphone,Electronics,Nova,NV-100,SN10145801,MegaMart Electronics,2023-04-25,635.41,18,2024-10-16,2024-06-10,412,128,Manufacturing defect,True,1,SN10145801,True,"receipt,warranty_card,product_photo,serial_evidence,fault_evidence",0,False,False,Valid Claim,2024-06-03,2023-07-02,128,0,train
CLM-000406,Refrigerator,Home Appliance,FrostLine,FL-220,SN11082139,TechHub Store,2025-04-30,1003.56,12,2026-04-25,2026-01-15,260,100,Manufacturing defect,True,0,SN11082139,True,"receipt,warranty_card,product_photo,serial_evidence,fault_evidence",0,False,False,Valid Claim,2026-01-08,,100,0,train
CLM-000407,Laptop,Electronics,Vertex,VT-14,SN61414775,MegaMart Electronics,2024-05-14,266.71,24,2026-05-04,2025-08-25,468,252,Manufacturing defect,True,0,SN61414775,True,"receipt,warranty_card,product_photo,serial_evidence,fault_evidence",0,False,False,Valid Claim,2025-08-18,,252,0,train
CLM-000408,Television,Electronics,Vistara,VS-43,SN61367949,TechHub Store,2022-07-31,437.58,12,2023-07-26,2023-01-10,163,197,Component failure,True,1,SN61367949,True,"receipt,warranty_card,product_photo,serial_evidence,fault_evidence",0,False,False,Valid Claim,2023-01-03,2022-09-06,197,0,train
CLM-000409,Smartphone,Electronics,Nova,NV-X1,SN32027350,HomeStyle Retail,2022-05-21,615.86,18,2023-11-12,2023-09-05,472,68,Compressor failure,True,0,SN32027350,True,"receipt,warranty_card,product_photo,serial_evidence,fault_evidence",0,False,False,Valid Claim,2023-08-29,,68,0,train
CLM-000410,Smartphone,Electronics,Nova,NV-200,SN92688322,TechHub Store,2023-03-13,678.57,24,2025-03-02,2025-02-10,700,20,Component failure,True,0,SN92688322,True,"receipt,warranty_card,product_photo,serial_evidence,fault_evidence",0,False,False,Valid Claim,2025-02-03,,20,0,train
CLM-000411,Smartphone,Electronics,Nova,NV-100,SN89131271,TechHub Store,2022-06-27,1012.75,36,2025-06-11,2025-04-18,1026,54,Motor malfunction,True,0,SN89131271,True,"receipt,warranty_card,product_photo,serial_evidence,fault_evidence",0,False,False,Valid Claim,2025-04-11,,54,0,train
CLM-000412,Smartphone,Electronics,Nova,NV-200,SN96519508,MegaMart Electronics,2024-05-29,457.32,12,2025-05-24,2025-03-14,289,71,Battery defect,True,0,SN96519508,True,"receipt,warranty_card,product_photo,serial_evidence,fault_evidence",0,False,False,Valid Claim,2025-03-07,,71,0,train
CLM-000413,Refrigerator,Home Appliance,FrostLine,FL-220,SN98369672,CityWide Appliances,2025-05-15,1417.23,24,2027-05-05,2027-03-10,664,56,Component failure,True,0,SN98369672,True,"receipt,warranty_card,product_photo,serial_evidence,fault_evidence",0,False,False,Valid Claim,2027-03-03,,56,0,validation
CLM-000414,Smartphone,Electronics,Nova,NV-200,SN49666982,TechHub Store,2024-11-26,879.73,24,2026-11-16,2026-09-03,646,74,Component failure,True,0,SN49666982,True,"receipt,warranty_card,product_photo,serial_evidence,fault_evidence",0,False,False,Valid Claim,2026-08-27,,74,0,test
CLM-000415,Washing Machine,Home Appliance,Cleanwave,CW-700,SN80905413,CityWide Appliances,2024-10-10,112.69,18,2026-04-03,2025-08-08,302,238,Manufacturing defect,True,0,SN80905413,True,"receipt,warranty_card,product_photo,serial_evidence,fault_evidence",0,False,False,Valid Claim,2025-08-01,,238,0,train
CLM-000416,Smartphone,Electronics,Nova,NV-X1,SN66487347,HomeStyle Retail,2024-01-10,1171.19,36,2026-12-25,2026-11-05,1030,50,Compressor failure,True,0,SN66487347,True,"receipt,warranty_card,product_photo,serial_evidence,fault_evidence",0,False,False,Valid Claim,2026-10-29,,50,0,train
CLM-000417,Television,Electronics,Vistara,VS-43,SN12240013,HomeStyle Retail,2022-12-20,882.63,24,2024-12-09,2024-10-09,659,61,Manufacturing defect,True,0,SN12240013,True,"receipt,warranty_card,product_photo,serial_evidence,fault_evidence",0,False,False,Valid Claim,2024-10-02,,61,0,train
CLM-000418,Television,Electronics,Vistara,VS-55UHD,SN77996124,MegaMart Electronics,2023-06-21,1205.04,12,2024-06-15,2023-12-25,187,173,Compressor failure,True,1,SN77996124,True,"receipt,warranty_card,product_photo,serial_evidence,fault_evidence",0,False,False,Valid Claim,2023-12-18,2023-10-28,173,0,train
CLM-000419,Laptop,Electronics,Vertex,VT-14,SN47241089,MegaMart Electronics,2024-04-30,592.51,18,2025-10-22,2024-10-14,167,373,Manufacturing defect,True,1,SN47241089,True,"receipt,warranty_card,product_photo,serial_evidence,fault_evidence",0,False,False,Valid Claim,2024-10-07,2024-09-08,373,0,train
CLM-000420,Smartphone,Electronics,Nova,NV-200,SN62443094,HomeStyle Retail,2023-02-21,739.2,36,2026-02-05,2025-03-16,754,326,Compressor failure,True,0,SN62443094,True,"receipt,warranty_card,product_photo,serial_evidence,fault_evidence",0,False,False,Valid Claim,2025-03-09,,326,0,validation
CLM-000421,Laptop,Electronics,Vertex,VT-14,SN17772004,MegaMart Electronics,2022-05-16,264.85,12,2023-05-11,2023-04-21,340,20,Display fault,True,0,SN17772004,True,"receipt,warranty_card,product_photo,serial_evidence,fault_evidence",0,False,False,Valid Claim,2023-04-14,,20,0,train
CLM-000422,Refrigerator,Home Appliance,FrostLine,FL-300X,SN99399687,TechHub Store,2022-08-26,869.02,18,2024-02-17,2024-01-04,496,44,Compressor failure,True,1,SN99399687,True,"receipt,warranty_card,product_photo,serial_evidence,fault_evidence",0,False,False,Valid Claim,2023-12-28,2022-11-24,44,0,train
CLM-000423,Smartphone,Electronics,Nova,NV-100,SN31989243,HomeStyle Retail,2022-09-02,994.55,12,2023-08-28,2023-07-15,316,44,Motor malfunction,True,0,SN31989243,True,"receipt,warranty_card,product_photo,serial_evidence,fault_evidence",0,False,False,Valid Claim,2023-07-08,,44,0,train
CLM-000424,Air Conditioner,Home Appliance,Chillmax,CM-1.5T,SN32409388,HomeStyle Retail,2024-12-07,1143.52,18,2026-05-31,2026-03-28,476,64,Compressor failure,True,0,SN32409388,True,"receipt,warranty_card,product_photo,serial_evidence,fault_evidence",0,False,False,Valid Claim,2026-03-21,,64,0,train
CLM-000425,Smartphone,Electronics,Nova,NV-100,SN54964418,TechHub Store,2023-07-05,429.51,24,2025-06-24,2025-06-01,697,23,Motor malfunction,True,0,SN54964418,True,"receipt,warranty_card,product_photo,serial_evidence,fault_evidence",0,False,False,Valid Claim,2025-05-25,,23,0,validation
CLM-000426,Refrigerator,Home Appliance,FrostLine,FL-220,SN76591799,HomeStyle Retail,2024-12-08,1073.58,12,2025-12-03,2025-07-08,212,148,Motor malfunction,True,0,SN76591799,True,"receipt,warranty_card,product_photo,serial_evidence,fault_evidence",0,False,False,Valid Claim,2025-07-01,,148,0,validation
CLM-000427,Laptop,Electronics,Vertex,VT-15Pro,SN31113788,MegaMart Electronics,2022-04-24,967.91,18,2023-10-16,2023-07-08,440,100,Manufacturing defect,True,0,SN31113788,True,"receipt,warranty_card,product_photo,serial_evidence,fault_evidence",0,False,False,Valid Claim,2023-07-01,,100,0,train
CLM-000428,Smartphone,Electronics,Nova,NV-X1,SN78293320,MegaMart Electronics,2025-03-21,632.9,24,2027-03-11,2027-02-19,700,20,Manufacturing defect,True,0,SN78293320,True,"receipt,warranty_card,product_photo,serial_evidence,fault_evidence",0,False,False,Valid Claim,2027-02-12,,20,0,test
CLM-000429,Washing Machine,Home Appliance,Cleanwave,CW-700,SN34019729,CityWide Appliances,2023-05-16,1279.94,12,2024-05-10,2023-05-31,15,345,Manufacturing defect,True,1,SN34019729,True,"receipt,warranty_card,product_photo,serial_evidence,fault_evidence",0,False,False,Valid Claim,2023-05-24,2023-05-25,345,0,train
CLM-000430,Washing Machine,Home Appliance,Cleanwave,CW-750D,SN46407626,TechHub Store,2024-05-08,1020.95,12,2025-05-03,2025-04-05,332,28,Battery defect,True,0,SN46407626,True,"receipt,warranty_card,product_photo,serial_evidence,fault_evidence",0,False,False,Valid Claim,2025-03-29,,28,0,validation
CLM-000431,Refrigerator,Home Appliance,FrostLine,FL-220,SN34071191,MegaMart Electronics,2024-02-03,508.18,12,2025-01-28,2024-11-26,297,63,Battery defect,True,1,SN34071191,True,"receipt,warranty_card,product_photo,serial_evidence,fault_evidence",0,False,False,Valid Claim,2024-11-19,2024-02-27,63,0,validation
CLM-000432,Laptop,Electronics,Vertex,VT-15Pro,SN51701149,MegaMart Electronics,2024-04-01,492.36,12,2025-03-27,2024-09-01,153,207,Battery defect,True,0,SN51701149,True,"receipt,warranty_card,product_photo,serial_evidence,fault_evidence",0,False,False,Valid Claim,2024-08-25,,207,0,train
CLM-000433,Smartphone,Electronics,Nova,NV-X1,SN50790016,TechHub Store,2024-07-24,704.48,12,2025-07-19,2025-03-09,228,132,Component failure,True,0,SN50790016,True,"receipt,warranty_card,product_photo,serial_evidence,fault_evidence",0,False,False,Valid Claim,2025-03-02,,132,0,train
CLM-000434,Television,Electronics,Vistara,VS-43,SN83357939,TechHub Store,2024-08-08,472.09,18,2026-01-30,2025-10-16,434,106,Component failure,True,0,SN83357939,True,"receipt,warranty_card,product_photo,serial_evidence,fault_evidence",0,False,False,Valid Claim,2025-10-09,,106,0,train
CLM-000435,Laptop,Electronics,Vertex,VT-14,SN82684966,MegaMart Electronics,2022-11-05,569.44,12,2023-10-31,2023-05-24,200,160,Compressor failure,True,0,SN82684966,True,"receipt,warranty_card,product_photo,serial_evidence,fault_evidence",0,False,False,Valid Claim,2023-05-17,,160,0,validation
CLM-000436,Smartphone,Electronics,Nova,NV-X1,SN60502752,TechHub Store,2022-01-20,753.18,36,2025-01-04,2024-12-15,1060,20,Compressor failure,True,0,SN60502752,True,"receipt,warranty_card,product_photo,serial_evidence,fault_evidence",0,False,False,Valid Claim,2024-12-08,,20,0,test
CLM-000437,Laptop,Electronics,Vertex,VT-14,SN66346728,HomeStyle Retail,2023-09-22,300.34,12,2024-09-16,2024-05-27,248,112,Manufacturing defect,True,0,SN66346728,True,"receipt,warranty_card,product_photo,serial_evidence,fault_evidence",0,False,False,Valid Claim,2024-05-20,,112,0,train
CLM-000438,Smartphone,Electronics,Nova,NV-100,SN79760901,HomeStyle Retail,2022-10-19,710.91,24,2024-10-08,2024-06-22,612,108,Motor malfunction,True,0,SN79760901,True,"receipt,warranty_card,product_photo,serial_evidence,fault_evidence",0,False,False,Valid Claim,2024-06-15,,108,0,train
CLM-000439,Smartphone,Electronics,Nova,NV-100,SN77837366,MegaMart Electronics,2024-07-27,744.31,36,2027-07-12,2026-01-30,552,528,Display fault,True,0,SN77837366,True,"receipt,warranty_card,product_photo,serial_evidence,fault_evidence",0,False,False,Valid Claim,2026-01-23,,528,0,train
CLM-000440,Smartphone,Electronics,Nova,NV-X1,SN27543369,MegaMart Electronics,2022-06-03,474.3,24,2024-05-23,2024-03-17,653,67,Motor malfunction,True,0,SN27543369,True,"receipt,warranty_card,product_photo,serial_evidence,fault_evidence",0,False,False,Valid Claim,2024-03-10,,67,0,train
CLM-000441,Washing Machine,Home Appliance,Cleanwave,CW-750D,SN52688984,HomeStyle Retail,2023-10-08,995.35,36,2026-09-22,2026-05-04,939,141,Component failure,True,0,SN52688984,True,"receipt,warranty_card,product_photo,serial_evidence,fault_evidence",0,False,False,Valid Claim,2026-04-27,,141,0,train
CLM-000442,Smartphone,Electronics,Nova,NV-X1,SN24626086,MegaMart Electronics,2022-06-02,528.48,36,2025-05-17,2025-04-09,1042,38,Component failure,True,0,SN24626086,True,"receipt,warranty_card,product_photo,serial_evidence,fault_evidence",0,False,False,Valid Claim,2025-04-02,,38,0,validation
CLM-000443,Laptop,Electronics,Vertex,VT-15Pro,SN37868462,HomeStyle Retail,2024-07-09,399.57,18,2025-12-31,2025-12-11,520,20,Display fault,True,0,SN37868462,True,"receipt,warranty_card,product_photo,serial_evidence,fault_evidence",0,False,False,Valid Claim,2025-12-04,,20,0,train
CLM-000444,Smartphone,Electronics,Nova,NV-X1,SN50831043,TechHub Store,2023-06-27,488.18,36,2026-06-11,2026-05-22,1060,20,Compressor failure,True,0,SN50831043,True,"receipt,warranty_card,product_photo,serial_evidence,fault_evidence",0,False,False,Valid Claim,2026-05-15,,20,0,test
CLM-000445,Air Conditioner,Home Appliance,Chillmax,CM-1.5T,SN29907683,MegaMart Electronics,2025-05-20,704.13,12,2026-05-15,2026-04-25,340,20,Component failure,True,0,SN29907683,True,"receipt,warranty_card,product_photo,serial_evidence,fault_evidence",0,False,False,Valid Claim,2026-04-18,,20,0,train
CLM-000446,Smartphone,Electronics,Nova,NV-200,SN44918995,TechHub Store,2023-12-30,809.56,18,2025-06-22,2024-10-11,286,254,Component failure,True,0,SN44918995,True,"receipt,warranty_card,product_photo,serial_evidence,fault_evidence",0,False,False,Valid Claim,2024-10-04,,254,0,test
CLM-000447,Air Conditioner,Home Appliance,Chillmax,CM-1T,SN22713811,HomeStyle Retail,2022-03-05,530.63,36,2025-02-17,2024-11-18,989,91,Component failure,True,0,SN22713811,True,"receipt,warranty_card,product_photo,serial_evidence,fault_evidence",0,False,False,Valid Claim,2024-11-11,,91,0,validation
CLM-000448,Air Conditioner,Home Appliance,Chillmax,CM-1T,SN27544302,MegaMart Electronics,2022-09-06,511.46,12,2023-09-01,2022-09-21,15,345,Display fault,True,0,SN27544302,True,"receipt,warranty_card,product_photo,serial_evidence,fault_evidence",0,False,False,Valid Claim,2022-09-14,,345,0,train
CLM-000449,Television,Electronics,Vistara,VS-43,SN88158177,HomeStyle Retail,2024-02-02,590.74,24,2026-01-22,2025-10-17,623,97,Manufacturing defect,True,0,SN88158177,True,"receipt,warranty_card,product_photo,serial_evidence,fault_evidence",0,False,False,Valid Claim,2025-10-10,,97,0,validation
CLM-000450,Smartphone,Electronics,Nova,NV-X1,SN69516344,TechHub Store,2022-02-14,1042.85,36,2025-01-29,2024-10-22,981,99,Manufacturing defect,True,1,SN69516344,True,"receipt,warranty_card,product_photo,serial_evidence,fault_evidence",0,False,False,Valid Claim,2024-10-15,2024-08-29,99,0,train
CLM-000451,Television,Electronics,Vistara,VS-43,SN32547129,CityWide Appliances,2023-11-11,688.53,12,2024-11-05,2024-06-18,220,140,Display fault,True,0,SN32547129,True,"receipt,warranty_card,product_photo,serial_evidence,fault_evidence",0,False,False,Valid Claim,2024-06-11,,140,0,train
CLM-000452,Washing Machine,Home Appliance,Cleanwave,CW-750D,SN33193791,HomeStyle Retail,2024-03-19,454.68,18,2025-09-10,2025-07-01,469,71,Component failure,True,1,SN33193791,True,"receipt,warranty_card,product_photo,serial_evidence,fault_evidence",0,False,False,Valid Claim,2025-06-24,2024-08-07,71,0,train
CLM-000453,Smartphone,Electronics,Nova,NV-X1,SN93104469,HomeStyle Retail,2023-07-28,528.54,18,2025-01-18,2024-09-09,409,131,Compressor failure,True,0,SN93104469,True,"receipt,warranty_card,product_photo,serial_evidence,fault_evidence",0,False,False,Valid Claim,2024-09-02,,131,0,train
CLM-000454,Television,Electronics,Vistara,VS-55UHD,SN18184472,MegaMart Electronics,2023-08-28,329.87,18,2025-02-18,2023-09-12,15,525,Display fault,True,1,SN18184472,True,"receipt,warranty_card,product_photo,serial_evidence,fault_evidence",0,False,False,Valid Claim,2023-09-05,2023-08-31,525,0,train
CLM-000455,Television,Electronics,Vistara,VS-43,SN94658420,CityWide Appliances,2024-05-08,1177.65,12,2025-05-03,2024-09-24,139,221,Battery defect,True,0,SN94658420,True,"receipt,warranty_card,product_photo,serial_evidence,fault_evidence",0,False,False,Valid Claim,2024-09-17,,221,0,train
CLM-000456,Air Conditioner,Home Appliance,Chillmax,CM-1.5T,SN74382155,HomeStyle Retail,2022-02-09,1023.9,36,2025-01-24,2024-08-09,912,168,Display fault,True,0,SN74382155,True,"receipt,warranty_card,product_photo,serial_evidence,fault_evidence",0,False,False,Valid Claim,2024-08-02,,168,0,train
CLM-000457,Laptop,Electronics,Vertex,VT-15Pro,SN46297263,MegaMart Electronics,2023-12-06,811.09,36,2026-11-20,2026-04-25,871,209,Motor malfunction,True,0,SN46297263,True,"receipt,warranty_card,product_photo,serial_evidence,fault_evidence",0,False,False,Valid Claim,2026-04-18,,209,0,test
CLM-000458,Television,Electronics,Vistara,VS-55UHD,SN17863981,TechHub Store,2025-05-07,867.65,12,2026-05-02,2026-03-20,317,43,Display fault,True,0,SN17863981,True,"receipt,warranty_card,product_photo,serial_evidence,fault_evidence",0,False,False,Valid Claim,2026-03-13,,43,0,validation
CLM-000459,Laptop,Electronics,Vertex,VT-14,SN31424479,MegaMart Electronics,2024-12-20,232.26,18,2026-06-13,2026-04-21,487,53,Compressor failure,True,0,SN31424479,True,"receipt,warranty_card,product_photo,serial_evidence,fault_evidence",0,False,False,Valid Claim,2026-04-14,,53,0,test
CLM-000460,Air Conditioner,Home Appliance,Chillmax,CM-1T,SN39448924,HomeStyle Retail,2023-05-09,1060.02,12,2024-05-03,2024-02-22,289,71,Display fault,True,0,SN39448924,True,"receipt,warranty_card,product_photo,serial_evidence,fault_evidence",0,False,False,Valid Claim,2024-02-15,,71,0,test
CLM-000461,Television,Electronics,Vistara,VS-43,SN33635791,MegaMart Electronics,2023-12-28,648.62,36,2026-12-12,2026-09-16,993,87,Motor malfunction,True,2,SN33635791,True,"receipt,warranty_card,product_photo,serial_evidence,fault_evidence",0,False,False,Valid Claim,2026-09-09,2026-04-02,87,0,train
CLM-000462,Smartphone,Electronics,Nova,NV-X1,SN57201978,CityWide Appliances,2024-01-05,840.76,36,2026-12-20,2026-02-03,760,320,Battery defect,True,0,SN57201978,True,"receipt,warranty_card,product_photo,serial_evidence,fault_evidence",0,False,False,Valid Claim,2026-01-27,,320,0,train
CLM-000463,Smartphone,Electronics,Nova,NV-200,SN82762732,MegaMart Electronics,2022-10-19,859.09,24,2024-10-08,2024-03-18,516,204,Display fault,True,1,SN82762732,True,"receipt,warranty_card,product_photo,serial_evidence,fault_evidence",0,False,False,Valid Claim,2024-03-11,2022-11-27,204,0,train
CLM-000464,Refrigerator,Home Appliance,FrostLine,FL-220,SN80658723,HomeStyle Retail,2022-07-04,808.56,12,2023-06-29,2022-12-24,173,187,Motor malfunction,True,0,SN80658723,True,"receipt,warranty_card,product_photo,serial_evidence,fault_evidence",0,False,False,Valid Claim,2022-12-17,,187,0,validation
CLM-000465,Washing Machine,Home Appliance,Cleanwave,CW-700,SN53431355,MegaMart Electronics,2023-02-17,525.81,24,2025-02-06,2025-01-17,700,20,Component failure,True,0,SN53431355,True,"receipt,warranty_card,product_photo,serial_evidence,fault_evidence",0,False,False,Valid Claim,2025-01-10,,20,0,train
CLM-000466,Smartphone,Electronics,Nova,NV-100,SN80638102,CityWide Appliances,2025-04-16,569.69,24,2027-04-06,2027-02-15,670,50,Manufacturing defect,True,1,SN80638102,True,"receipt,warranty_card,product_photo,serial_evidence,fault_evidence",0,False,False,Valid Claim,2027-02-08,2026-05-04,50,0,train
CLM-000467,Washing Machine,Home Appliance,Cleanwave,CW-750D,SN28314232,CityWide Appliances,2024-03-21,892.12,24,2026-03-11,2025-08-16,513,207,Compressor failure,True,0,SN28314232,True,"receipt,warranty_card,product_photo,serial_evidence,fault_evidence",0,False,False,Valid Claim,2025-08-09,,207,0,test
CLM-000468,Television,Electronics,Vistara,VS-55UHD,SN33381086,TechHub Store,2024-06-13,836.04,24,2026-06-03,2025-12-12,547,173,Battery defect,True,0,SN33381086,True,"receipt,warranty_card,product_photo,serial_evidence,fault_evidence",0,False,False,Valid Claim,2025-12-05,,173,0,train
CLM-000469,Laptop,Electronics,Vertex,VT-14,SN60785855,MegaMart Electronics,2024-01-01,407.69,12,2024-12-26,2024-10-04,277,83,Compressor failure,True,0,SN60785855,True,"receipt,warranty_card,product_photo,serial_evidence,fault_evidence",0,False,False,Valid Claim,2024-09-27,,83,0,validation
CLM-000470,Refrigerator,Home Appliance,FrostLine,FL-300X,SN86166246,MegaMart Electronics,2023-08-27,803.85,12,2024-08-21,2024-08-01,340,20,Battery defect,True,0,SN86166246,True,"receipt,warranty_card,product_photo,serial_evidence,fault_evidence",0,False,False,Valid Claim,2024-07-25,,20,0,train
CLM-000471,Television,Electronics,Vistara,VS-43,SN95851936,HomeStyle Retail,2023-10-14,662.89,36,2026-09-28,2026-09-08,1060,20,Display fault,True,1,SN95851936,True,"receipt,warranty_card,product_photo,serial_evidence,fault_evidence",0,False,False,Valid Claim,2026-09-01,2024-07-29,20,0,train
CLM-000472,Washing Machine,Home Appliance,Cleanwave,CW-750D,SN32533467,TechHub Store,2023-11-10,1066.85,24,2025-10-30,2025-09-16,676,44,Manufacturing defect,True,0,SN32533467,True,"receipt,warranty_card,product_photo,serial_evidence,fault_evidence",0,False,False,Valid Claim,2025-09-09,,44,0,train
CLM-000473,Washing Machine,Home Appliance,Cleanwave,CW-700,SN19099261,HomeStyle Retail,2023-11-19,989.24,18,2025-05-12,2025-03-04,471,69,Manufacturing defect,True,0,SN19099261,True,"receipt,warranty_card,product_photo,serial_evidence,fault_evidence",0,False,False,Valid Claim,2025-02-25,,69,0,train
CLM-000474,Laptop,Electronics,Vertex,VT-15Pro,SN32325567,CityWide Appliances,2022-01-03,469.53,12,2022-12-29,2022-09-05,245,115,Display fault,True,0,SN32325567,True,"receipt,warranty_card,product_photo,serial_evidence,fault_evidence",0,False,False,Valid Claim,2022-08-29,,115,0,test
CLM-000475,Washing Machine,Home Appliance,Cleanwave,CW-750D,SN87585294,TechHub Store,2024-02-15,683.07,18,2025-08-08,2025-07-19,520,20,Compressor failure,True,1,SN87585294,True,"receipt,warranty_card,product_photo,serial_evidence,fault_evidence",0,False,False,Valid Claim,2025-07-12,2024-10-03,20,0,train
CLM-000476,Air Conditioner,Home Appliance,Chillmax,CM-1T,SN49581964,MegaMart Electronics,2022-11-30,880.26,18,2024-05-23,2024-01-02,398,142,Motor malfunction,True,1,SN49581964,True,"receipt,warranty_card,product_photo,serial_evidence,fault_evidence",0,False,False,Valid Claim,2023-12-26,2023-01-23,142,0,train
CLM-000477,Television,Electronics,Vistara,VS-43,SN20066654,HomeStyle Retail,2022-06-01,566.46,12,2023-05-27,2023-05-07,340,20,Manufacturing defect,True,0,SN20066654,True,"receipt,warranty_card,product_photo,serial_evidence,fault_evidence",0,False,False,Valid Claim,2023-04-30,,20,0,validation
CLM-000478,Refrigerator,Home Appliance,FrostLine,FL-300X,SN14159837,HomeStyle Retail,2023-11-24,677.37,24,2025-11-13,2025-06-25,579,141,Compressor failure,True,0,SN14159837,True,"receipt,warranty_card,product_photo,serial_evidence,fault_evidence",0,False,False,Valid Claim,2025-06-18,,141,0,train
CLM-000479,Laptop,Electronics,Vertex,VT-14,SN23590593,MegaMart Electronics,2022-12-04,300.95,24,2024-11-23,2024-08-30,635,85,Component failure,True,0,SN23590593,True,"receipt,warranty_card,product_photo,serial_evidence,fault_evidence",0,False,False,Valid Claim,2024-08-23,,85,0,train
CLM-000480,Refrigerator,Home Appliance,FrostLine,FL-300X,SN98663948,MegaMart Electronics,2024-04-18,1187.42,24,2026-04-08,2026-01-09,631,89,Component failure,True,0,SN98663948,True,"receipt,warranty_card,product_photo,serial_evidence,fault_evidence",0,False,False,Valid Claim,2026-01-02,,89,0,train
CLM-000481,Laptop,Electronics,Vertex,VT-15Pro,SN30614492,MegaMart Electronics,2022-07-16,620.76,12,2023-07-11,2023-06-21,340,20,Manufacturing defect,True,0,SN30614492,True,"receipt,warranty_card,product_photo,serial_evidence,fault_evidence",0,False,False,Valid Claim,2023-06-14,,20,0,test
CLM-000482,Air Conditioner,Home Appliance,Chillmax,CM-1.5T,SN36799898,MegaMart Electronics,2024-05-25,1211.65,12,2025-05-20,2025-03-26,305,55,Component failure,True,0,SN36799898,True,"receipt,warranty_card,product_photo,serial_evidence,fault_evidence",0,False,False,Valid Claim,2025-03-19,,55,0,train
CLM-000483,Television,Electronics,Vistara,VS-55UHD,SN25503345,MegaMart Electronics,2022-12-16,849.89,24,2024-12-05,2024-05-09,510,210,Display fault,True,0,SN25503345,True,"receipt,warranty_card,product_photo,serial_evidence,fault_evidence",0,False,False,Valid Claim,2024-05-02,,210,0,validation
CLM-000484,Refrigerator,Home Appliance,FrostLine,FL-220,SN96149847,HomeStyle Retail,2024-08-22,1140.09,18,2026-02-13,2025-12-11,476,64,Component failure,True,0,SN96149847,True,"receipt,warranty_card,product_photo,serial_evidence,fault_evidence",0,False,False,Valid Claim,2025-12-04,,64,0,train
CLM-000485,Washing Machine,Home Appliance,Cleanwave,CW-750D,SN15988382,MegaMart Electronics,2024-01-30,1171.88,36,2027-01-14,2026-12-25,1060,20,Display fault,True,0,SN15988382,True,"receipt,warranty_card,product_photo,serial_evidence,fault_evidence",0,False,False,Valid Claim,2026-12-18,,20,0,train
CLM-000486,Washing Machine,Home Appliance,Cleanwave,CW-700,SN30284415,TechHub Store,2023-06-24,649.12,12,2024-06-18,2024-03-19,269,91,Compressor failure,True,0,SN30284415,True,"receipt,warranty_card,product_photo,serial_evidence,fault_evidence",0,False,False,Valid Claim,2024-03-12,,91,0,train
CLM-000487,Washing Machine,Home Appliance,Cleanwave,CW-750D,SN89151743,MegaMart Electronics,2022-07-18,586.86,12,2023-07-13,2023-06-23,340,20,Manufacturing defect,True,0,SN89151743,True,"receipt,warranty_card,product_photo,serial_evidence,fault_evidence",0,False,False,Valid Claim,2023-06-16,,20,0,validation
CLM-000488,Laptop,Electronics,Vertex,VT-15Pro,SN86868410,CityWide Appliances,2024-03-03,642.96,24,2026-02-21,2025-12-11,648,72,Display fault,True,1,SN86868410,True,"receipt,warranty_card,product_photo,serial_evidence,fault_evidence",0,False,False,Valid Claim,2025-12-04,2025-01-04,72,0,train
CLM-000489,Air Conditioner,Home Appliance,Chillmax,CM-1T,SN77390918,HomeStyle Retail,2022-06-11,760.37,18,2023-12-03,2023-09-14,460,80,Battery defect,True,0,SN77390918,True,"receipt,warranty_card,product_photo,serial_evidence,fault_evidence",0,False,False,Valid Claim,2023-09-07,,80,0,validation
CLM-000490,Refrigerator,Home Appliance,FrostLine,FL-220,SN70269093,MegaMart Electronics,2025-03-16,621.29,24,2027-03-06,2026-12-19,643,77,Component failure,True,0,SN70269093,True,"receipt,warranty_card,product_photo,serial_evidence,fault_evidence",0,False,False,Valid Claim,2026-12-12,,77,0,train
CLM-000491,Smartphone,Electronics,Nova,NV-200,SN20518444,CityWide Appliances,2023-03-10,984.69,24,2025-02-27,2024-12-29,660,60,Display fault,True,2,SN20518444,True,"receipt,warranty_card,product_photo,serial_evidence,fault_evidence",0,False,False,Valid Claim,2024-12-22,2023-10-03,60,0,train
CLM-000492,Washing Machine,Home Appliance,Cleanwave,CW-700,SN21680625,HomeStyle Retail,2022-10-30,834.06,24,2024-10-19,2024-09-04,675,45,Display fault,True,0,SN21680625,True,"receipt,warranty_card,product_photo,serial_evidence,fault_evidence",0,False,False,Valid Claim,2024-08-28,,45,0,train
CLM-000493,Washing Machine,Home Appliance,Cleanwave,CW-750D,SN11659440,TechHub Store,2025-02-04,1113.55,12,2026-01-30,2025-11-22,291,69,Battery defect,True,0,SN11659440,True,"receipt,warranty_card,product_photo,serial_evidence,fault_evidence",0,False,False,Valid Claim,2025-11-15,,69,0,test
CLM-000494,Laptop,Electronics,Vertex,VT-15Pro,SN30084652,MegaMart Electronics,2025-04-18,539.0,18,2026-10-10,2026-01-05,262,278,Battery defect,True,0,SN30084652,True,"receipt,warranty_card,product_photo,serial_evidence,fault_evidence",0,False,False,Valid Claim,2025-12-29,,278,0,train
CLM-000495,Television,Electronics,Vistara,VS-43,SN85522135,TechHub Store,2025-04-08,818.83,24,2027-03-29,2026-11-28,599,121,Motor malfunction,True,0,SN85522135,True,"receipt,warranty_card,product_photo,serial_evidence,fault_evidence",0,False,False,Valid Claim,2026-11-21,,121,0,train
CLM-000496,Television,Electronics,Vistara,VS-55UHD,SN61411224,TechHub Store,2025-01-01,718.09,36,2027-12-17,2027-08-25,966,114,Battery defect,True,0,SN61411224,True,"receipt,warranty_card,product_photo,serial_evidence,fault_evidence",0,False,False,Valid Claim,2027-08-18,,114,0,train
CLM-000497,Smartphone,Electronics,Nova,NV-200,SN29307578,HomeStyle Retail,2025-06-01,754.64,18,2026-11-23,2026-08-28,453,87,Compressor failure,True,0,SN29307578,True,"receipt,warranty_card,product_photo,serial_evidence,fault_evidence",0,False,False,Valid Claim,2026-08-21,,87,0,test
CLM-000498,Television,Electronics,Vistara,VS-55UHD,SN41887353,MegaMart Electronics,2024-04-02,495.82,12,2025-03-28,2024-11-12,224,136,Display fault,True,0,SN41887353,True,"receipt,warranty_card,product_photo,serial_evidence,fault_evidence",0,False,False,Valid Claim,2024-11-05,,136,0,train
CLM-000499,Smartphone,Electronics,Nova,NV-200,SN51734908,MegaMart Electronics,2023-07-05,566.89,36,2026-06-19,2026-05-30,1060,20,Display fault,True,0,SN51734908,True,"receipt,warranty_card,product_photo,serial_evidence,fault_evidence",0,False,False,Valid Claim,2026-05-23,,20,0,train
CLM-000500,Washing Machine,Home Appliance,Cleanwave,CW-750D,SN69473299,TechHub Store,2022-07-21,958.17,36,2025-07-05,2025-06-15,1060,20,Motor malfunction,True,1,SN69473299,True,"receipt,warranty_card,product_photo,serial_evidence,fault_evidence",0,False,False,Valid Claim,2025-06-08,2024-01-24,20,0,test
CLM-000501,Air Conditioner,Home Appliance,Chillmax,CM-1.5T,SN17543817,HomeStyle Retail,2024-02-01,591.01,12,2025-01-26,2025-03-21,414,-54,Power surge (external),False,2,SN17543817,True,"receipt,warranty_card,product_photo,serial_evidence,fault_evidence",0,False,False,Invalid Claim,2025-03-14,2024-04-23,54,0,train
CLM-000502,Air Conditioner,Home Appliance,Chillmax,CM-1T,SN14438720,HomeStyle Retail,2020-05-14,481.71,12,2021-05-09,2020-04-18,-26,386,Battery defect,True,0,SN58368724,False,"receipt,warranty_card,product_photo,serial_evidence,fault_evidence",0,True,False,Invalid Claim,2020-04-17,,386,0,validation
CLM-000503,Refrigerator,Home Appliance,FrostLine,FL-220,SN14102122,MegaMart Electronics,2023-12-14,989.0,12,2024-12-08,2024-07-14,213,147,Battery defect,True,1,SN75603845,False,"receipt,warranty_card,product_photo,serial_evidence,fault_evidence",0,False,False,Invalid Claim,2024-07-07,2024-05-15,147,0,train
CLM-000504,Air Conditioner,Home Appliance,Chillmax,CM-1T,SN48261364,MegaMart Electronics,2022-07-02,677.03,12,2023-06-27,2022-05-29,-34,394,Motor malfunction,True,0,SN48261364,True,"receipt,warranty_card,product_photo,serial_evidence,fault_evidence",0,True,False,Invalid Claim,2022-05-28,,394,0,train
CLM-000505,Washing Machine,Home Appliance,Cleanwave,CW-750D,SN78891441,MegaMart Electronics,2020-04-11,1213.76,12,2021-04-06,2020-08-14,125,235,Physical/drop damage,False,1,SN78891441,True,"receipt,warranty_card,product_photo,serial_evidence,fault_evidence",0,False,False,Invalid Claim,2020-08-07,2020-07-20,235,0,validation
CLM-000506,Smartphone,Electronics,Nova,NV-200,SN91650533,TechHub Store,2024-04-20,477.83,18,2025-10-12,2024-10-24,187,353,Compressor failure,True,1,SN91650533,True,"receipt,warranty_card,product_photo,serial_evidence,fault_evidence",0,False,True,Invalid Claim,2024-10-17,2024-03-11,353,0,train
CLM-000507,Laptop,Electronics,Vertex,VT-14,SN72639147,MegaMart Electronics,2023-12-30,713.97,24,2025-12-19,2024-12-31,367,353,Display fault,True,3,SN79878835,False,"receipt,warranty_card,product_photo,serial_evidence,fault_evidence",0,False,False,Invalid Claim,2024-12-24,2024-11-14,353,0,train
CLM-000508,Television,Electronics,Vistara,VS-55UHD,SN85357498,TechHub Store,2022-03-24,439.42,18,2023-09-15,2024-08-06,866,-326,Compressor failure,True,1,SN85357498,True,"receipt,warranty_card,product_photo,serial_evidence,fault_evidence",0,False,False,Invalid Claim,2024-07-30,2023-12-08,326,0,train
CLM-000509,Television,Electronics,Vistara,VS-55UHD,SN47162866,MegaMart Electronics,2021-08-01,981.15,12,2022-07-27,2023-07-28,726,-366,Motor malfunction,True,3,SN47162866,True,"receipt,warranty_card,product_photo,serial_evidence,fault_evidence",0,False,False,Invalid Claim,2023-07-21,2023-05-31,366,0,validation
CLM-000510,Refrigerator,Home Appliance,FrostLine,FL-220,SN97966375,HomeStyle Retail,2021-09-03,1466.77,12,2022-08-29,2022-04-07,216,144,Unauthorized repair damage,False,2,SN97966375,True,"receipt,warranty_card,product_photo,serial_evidence,fault_evidence",0,False,False,Invalid Claim,2022-03-31,2021-11-18,144,0,train
CLM-000511,Laptop,Electronics,Vertex,VT-14,SN56059101,TechHub Store,2021-06-15,412.31,24,2023-06-05,2023-02-12,607,113,Manufacturing defect,True,3,SN56059101,True,"receipt,warranty_card,product_photo,serial_evidence,fault_evidence",0,False,True,Invalid Claim,2023-02-05,2021-05-17,113,0,train
CLM-000512,Air Conditioner,Home Appliance,Chillmax,CM-1T,SN49431028,MegaMart Electronics,2023-11-06,280.6,18,2025-04-29,2024-11-17,377,163,Compressor failure,True,1,SN49431028,True,"receipt,warranty_card,product_photo,serial_evidence,fault_evidence",0,False,True,Invalid Claim,2024-11-10,2023-10-20,163,0,train
CLM-000513,Washing Machine,Home Appliance,Cleanwave,CW-700,SN51216287,HomeStyle Retail,2024-02-26,966.3,12,2025-02-20,2025-02-05,345,15,Water damage,False,1,SN51216287,True,"receipt,warranty_card,product_photo,serial_evidence,fault_evidence",0,False,False,Invalid Claim,2025-01-29,2024-08-14,15,0,train
CLM-000514,Smartphone,Electronics,Nova,NV-X1,SN88326059,HomeStyle Retail,2022-01-31,612.56,12,2023-01-26,2022-10-08,250,110,Manufacturing defect,True,4,SN93302863,False,"receipt,warranty_card,product_photo,serial_evidence,fault_evidence",0,False,False,Invalid Claim,2022-10-01,2022-02-19,110,0,test
CLM-000515,Laptop,Electronics,Vertex,VT-15Pro,SN17256074,CityWide Appliances,2022-08-25,926.12,24,2024-08-14,2025-01-02,861,-141,Display fault,True,3,SN17256074,True,"receipt,warranty_card,product_photo,serial_evidence,fault_evidence",0,False,False,Invalid Claim,2024-12-26,2023-01-27,141,0,validation
CLM-000516,Smartphone,Electronics,Nova,NV-X1,SN34207075,TechHub Store,2020-10-08,618.14,24,2022-09-28,2022-01-29,478,242,Battery defect,True,3,SN75441993,False,"receipt,warranty_card,product_photo,serial_evidence,fault_evidence",0,False,False,Invalid Claim,2022-01-22,2021-03-28,242,0,train
CLM-000517,Washing Machine,Home Appliance,Cleanwave,CW-700,SN87346846,TechHub Store,2023-07-16,870.27,24,2025-07-05,2024-10-30,472,248,Manufacturing defect,True,2,SN75709924,False,"receipt,warranty_card,product_photo,serial_evidence,fault_evidence",0,False,False,Invalid Claim,2024-10-23,2024-08-22,248,0,train
CLM-000518,Laptop,Electronics,Vertex,VT-15Pro,SN61447859,MegaMart Electronics,2024-04-12,630.46,24,2026-04-02,2025-07-05,449,271,Power surge (external),False,3,SN61447859,True,"receipt,warranty_card,product_photo,serial_evidence,fault_evidence",0,False,False,Invalid Claim,2025-06-28,2025-01-11,271,0,train
CLM-000519,Smartphone,Electronics,Nova,NV-X1,SN10553491,HomeStyle Retail,2021-02-12,217.94,18,2022-08-06,2022-11-09,635,-95,Battery defect,True,3,SN10553491,True,"receipt,warranty_card,product_photo,serial_evidence,fault_evidence",0,False,False,Invalid Claim,2022-11-02,2021-10-25,95,0,train
CLM-000520,Laptop,Electronics,Vertex,VT-15Pro,SN32417070,MegaMart Electronics,2021-04-08,667.84,18,2022-09-30,2022-05-15,402,138,Manufacturing defect,True,1,SN16136213,False,"receipt,warranty_card,product_photo,serial_evidence,fault_evidence",0,False,False,Invalid Claim,2022-05-08,2021-09-08,138,0,train
CLM-000521,Washing Machine,Home Appliance,Cleanwave,CW-750D,SN58217837,TechHub Store,2021-08-18,821.1,12,2022-08-13,2021-11-04,78,282,Compressor failure,True,1,SN32130289,False,"receipt,warranty_card,product_photo,serial_evidence,fault_evidence",0,False,False,Invalid Claim,2021-10-28,2021-10-09,282,0,test
CLM-000522,Smartphone,Electronics,Nova,NV-200,SN97314051,TechHub Store,2020-02-09,645.54,12,2021-02-03,2020-12-16,311,49,Normal wear and tear,False,1,SN97314051,True,"receipt,warranty_card,product_photo,serial_evidence,fault_evidence",0,False,False,Invalid Claim,2020-12-09,2020-08-20,49,0,test
CLM-000523,Refrigerator,Home Appliance,FrostLine,FL-220,SN16473999,TechHub Store,2024-11-30,717.14,18,2026-05-24,2026-07-24,601,-61,Manufacturing defect,True,3,SN16473999,True,"receipt,warranty_card,product_photo,serial_evidence,fault_evidence",0,False,False,Invalid Claim,2026-07-17,2026-01-31,61,0,train
CLM-000524,Refrigerator,Home Appliance,FrostLine,FL-220,SN50415166,HomeStyle Retail,2022-06-28,1085.4,12,2023-06-23,2022-10-21,115,245,Component failure,True,2,SN23553285,False,"receipt,warranty_card,product_photo,serial_evidence,fault_evidence",0,False,False,Invalid Claim,2022-10-14,2022-09-21,245,0,train
CLM-000525,Smartphone,Electronics,Nova,NV-100,SN24262473,HomeStyle Retail,2022-12-01,320.16,12,2023-11-26,2023-08-29,271,89,Normal wear and tear,False,0,SN24262473,True,"receipt,warranty_card,product_photo,serial_evidence,fault_evidence",0,False,False,Invalid Claim,2023-08-22,,89,0,train
CLM-000526,Refrigerator,Home Appliance,FrostLine,FL-300X,SN31524980,MegaMart Electronics,2023-06-01,551.51,12,2024-05-26,2023-12-11,193,167,Component failure,True,3,SN76619601,False,"receipt,warranty_card,product_photo,serial_evidence,fault_evidence",0,False,False,Invalid Claim,2023-12-04,2023-07-25,167,0,train
CLM-000527,Smartphone,Electronics,Nova,NV-100,SN87061479,TechHub Store,2023-11-10,1042.88,24,2025-10-30,2025-10-07,697,23,Manufacturing defect,True,2,SN30017834,False,"receipt,warranty_card,product_photo,serial_evidence,fault_evidence",0,False,False,Invalid Claim,2025-09-30,2024-02-11,23,0,train
CLM-000528,Washing Machine,Home Appliance,Cleanwave,CW-750D,SN45450260,HomeStyle Retail,2024-05-15,774.11,18,2025-11-06,2026-01-07,602,-62,Compressor failure,True,1,SN45450260,True,"receipt,warranty_card,product_photo,serial_evidence,fault_evidence",0,False,False,Invalid Claim,2025-12-31,2024-08-26,62,0,validation
CLM-000529,Air Conditioner,Home Appliance,Chillmax,CM-1.5T,SN67176108,TechHub Store,2024-07-23,1267.46,12,2025-07-18,2025-10-27,461,-101,Motor malfunction,True,0,SN67176108,True,"receipt,warranty_card,product_photo,serial_evidence,fault_evidence",0,False,False,Invalid Claim,2025-10-20,,101,0,train
CLM-000530,Washing Machine,Home Appliance,Cleanwave,CW-750D,SN93457527,MegaMart Electronics,2020-07-13,719.51,24,2022-07-03,2022-10-05,814,-94,Physical/drop damage,False,2,SN93457527,True,"receipt,warranty_card,product_photo,serial_evidence,fault_evidence",0,False,False,Invalid Claim,2022-09-28,2022-08-03,94,0,train
CLM-000531,Air Conditioner,Home Appliance,Chillmax,CM-1.5T,SN66604960,TechHub Store,2020-07-09,1385.76,12,2021-07-04,2021-03-09,243,117,Unauthorized repair damage,False,2,SN32384662,False,"receipt,warranty_card,product_photo,serial_evidence,fault_evidence",0,False,False,Invalid Claim,2021-03-02,2020-08-07,117,0,train
CLM-000532,Smartphone,Electronics,Nova,NV-X1,SN74783521,TechHub Store,2020-09-28,1106.39,18,2022-03-22,2022-08-31,702,-162,Component failure,True,1,SN74783521,True,"receipt,warranty_card,product_photo,serial_evidence,fault_evidence",0,False,False,Invalid Claim,2022-08-24,2022-08-24,162,0,train
CLM-000533,Television,Electronics,Vistara,VS-43,SN74837853,CityWide Appliances,2022-06-16,463.86,12,2023-06-11,2022-07-10,24,336,Battery defect,True,1,SN74837853,True,"receipt,warranty_card,product_photo,serial_evidence,fault_evidence",0,False,True,Invalid Claim,2022-07-03,2022-06-01,336,0,validation
CLM-000534,Laptop,Electronics,Vertex,VT-14,SN99904987,CityWide Appliances,2024-12-22,649.23,12,2025-12-17,2024-09-26,-87,447,Motor malfunction,True,0,SN99904987,True,"receipt,warranty_card,product_photo,serial_evidence,fault_evidence",0,True,False,Invalid Claim,2024-09-25,,447,0,train
CLM-000535,Washing Machine,Home Appliance,Cleanwave,CW-750D,SN99081734,TechHub Store,2022-11-29,763.98,18,2024-05-22,2024-07-28,607,-67,Compressor failure,True,1,SN99081734,True,"receipt,warranty_card,product_photo,serial_evidence,fault_evidence",0,False,False,Invalid Claim,2024-07-21,2023-12-29,67,0,test
CLM-000536,Air Conditioner,Home Appliance,Chillmax,CM-1T,SN20048242,TechHub Store,2020-10-31,620.9,24,2022-10-21,2022-11-27,757,-37,Power surge (external),False,5,SN20048242,True,"receipt,warranty_card,product_photo,serial_evidence,fault_evidence",0,False,False,Invalid Claim,2022-11-20,2021-09-25,37,0,train
CLM-000537,Refrigerator,Home Appliance,FrostLine,FL-300X,SN41541166,MegaMart Electronics,2021-05-08,789.87,12,2022-05-03,2022-08-16,465,-105,Battery defect,True,2,SN69618021,False,"receipt,warranty_card,product_photo,serial_evidence,fault_evidence",0,False,False,Invalid Claim,2022-08-09,2022-06-23,105,0,train
CLM-000538,Smartphone,Electronics,Nova,NV-200,SN65343143,MegaMart Electronics,2023-03-19,709.53,12,2024-03-13,2023-12-08,264,96,Manufacturing defect,True,2,SN65343143,True,"receipt,warranty_card,product_photo,serial_evidence,fault_evidence",0,False,True,Invalid Claim,2023-12-01,2023-01-07,96,0,train
CLM-000539,Refrigerator,Home Appliance,FrostLine,FL-300X,SN55748676,HomeStyle Retail,2020-01-01,455.59,24,2021-12-21,2020-08-09,221,499,Battery defect,True,0,SN17284695,False,"receipt,warranty_card,product_photo,serial_evidence,fault_evidence",0,False,False,Invalid Claim,2020-08-02,,499,0,train
CLM-000540,Washing Machine,Home Appliance,Cleanwave,CW-750D,SN25303956,MegaMart Electronics,2024-07-30,530.04,12,2025-07-25,2024-05-06,-85,445,Battery defect,True,0,SN25303956,True,"receipt,warranty_card,product_photo,serial_evidence,fault_evidence",0,True,False,Invalid Claim,2024-05-05,,445,0,train
CLM-000541,Laptop,Electronics,Vertex,VT-15Pro,SN24270328,MegaMart Electronics,2023-09-11,529.93,12,2024-09-05,2024-02-17,159,201,Compressor failure,True,1,SN32032560,False,"receipt,warranty_card,product_photo,serial_evidence,fault_evidence",0,False,False,Invalid Claim,2024-02-10,2024-01-16,201,0,validation
CLM-000542,Smartphone,Electronics,Nova,NV-100,SN55356673,MegaMart Electronics,2020-10-14,825.5,24,2022-10-04,2020-08-24,-51,771,Component failure,True,0,SN65629268,False,"receipt,warranty_card,product_photo,serial_evidence,fault_evidence",0,True,False,Invalid Claim,2020-08-23,,771,0,train
CLM-000543,Laptop,Electronics,Vertex,VT-14,SN76951647,MegaMart Electronics,2020-04-05,766.84,24,2022-03-26,2022-05-30,785,-65,Display fault,True,1,SN76951647,True,"receipt,warranty_card,product_photo,serial_evidence,fault_evidence",0,False,False,Invalid Claim,2022-05-23,2022-04-29,65,0,train
CLM-000544,Television,Electronics,Vistara,VS-43,SN27231111,MegaMart Electronics,2020-04-09,528.81,18,2021-10-01,2021-09-21,530,10,Display fault,True,1,SN27231111,True,"receipt,warranty_card,product_photo,serial_evidence,fault_evidence",0,False,True,Invalid Claim,2021-09-14,2020-01-15,10,0,validation
CLM-000545,Television,Electronics,Vistara,VS-43,SN46721417,HomeStyle Retail,2023-05-14,696.79,18,2024-11-04,2024-07-25,438,102,Display fault,True,1,SN56017729,False,"receipt,warranty_card,product_photo,serial_evidence,fault_evidence",0,False,False,Invalid Claim,2024-07-18,2023-10-12,102,0,train
CLM-000546,Air Conditioner,Home Appliance,Chillmax,CM-1.5T,SN84300459,TechHub Store,2022-07-16,780.79,24,2024-07-05,2024-01-01,534,186,Unauthorized repair damage,False,2,SN84300459,True,"receipt,warranty_card,product_photo,serial_evidence,fault_evidence",0,False,False,Invalid Claim,2023-12-25,2023-02-07,186,0,train
CLM-000547,Television,Electronics,Vistara,VS-43,SN77631432,HomeStyle Retail,2021-03-05,422.87,18,2022-08-27,2021-07-28,145,395,Compressor failure,True,3,SN95480242,False,"receipt,warranty_card,product_photo,serial_evidence,fault_evidence",0,False,False,Invalid Claim,2021-07-21,2021-05-27,395,0,train
CLM-000548,Television,Electronics,Vistara,VS-55UHD,SN81659221,MegaMart Electronics,2023-12-25,718.66,12,2024-12-19,2024-10-22,302,58,Battery defect,True,0,SN66691738,False,"receipt,warranty_card,product_photo,serial_evidence,fault_evidence",0,False,False,Invalid Claim,2024-10-15,,58,0,validation
CLM-000549,Smartphone,Electronics,Nova,NV-100,SN48468887,TechHub Store,2024-07-13,450.26,12,2025-07-08,2025-08-21,404,-44,Water damage,False,1,SN48468887,True,"receipt,warranty_card,product_photo,serial_evidence,fault_evidence",0,False,False,Invalid Claim,2025-08-14,2024-09-26,44,0,test
CLM-000550,Washing Machine,Home Appliance,Cleanwave,CW-750D,SN23754633,HomeStyle Retail,2024-09-15,639.53,12,2025-09-10,2024-10-11,26,334,Battery defect,True,1,SN85414925,False,"receipt,warranty_card,product_photo,serial_evidence,fault_evidence",0,False,False,Invalid Claim,2024-10-04,2024-09-23,334,0,validation
CLM-000551,Smartphone,Electronics,Nova,NV-200,SN62016704,HomeStyle Retail,2024-02-29,989.59,18,2025-08-22,2024-12-29,304,236,Compressor failure,True,1,SN62016704,True,"receipt,warranty_card,product_photo,serial_evidence,fault_evidence",0,False,True,Invalid Claim,2024-12-22,2023-12-03,236,0,test
CLM-000552,Refrigerator,Home Appliance,FrostLine,FL-300X,SN40272606,CityWide Appliances,2021-10-02,814.6,24,2023-09-22,2023-12-06,795,-75,Component failure,True,0,SN96923747,False,"receipt,warranty_card,product_photo,serial_evidence,fault_evidence",0,False,False,Invalid Claim,2023-11-29,,75,0,train
CLM-000553,Smartphone,Electronics,Nova,NV-X1,SN19995059,MegaMart Electronics,2022-01-23,673.12,24,2024-01-13,2022-11-30,311,409,Power surge (external),False,1,SN19995059,True,"receipt,warranty_card,product_photo,serial_evidence,fault_evidence",0,False,False,Invalid Claim,2022-11-23,2022-04-22,409,0,test
CLM-000554,Smartphone,Electronics,Nova,NV-200,SN30777669,MegaMart Electronics,2024-02-14,392.69,18,2025-08-07,2024-01-12,-33,573,Physical/drop damage,False,0,SN30777669,True,"receipt,warranty_card,product_photo,serial_evidence,fault_evidence",0,True,False,Invalid Claim,2024-01-11,,573,0,validation
CLM-000555,Smartphone,Electronics,Nova,NV-X1,SN52662313,HomeStyle Retail,2021-10-22,706.21,18,2023-04-15,2022-11-02,376,164,Battery defect,True,2,SN34678492,False,"receipt,warranty_card,product_photo,serial_evidence,fault_evidence",0,False,False,Invalid Claim,2022-10-26,2022-07-16,164,0,test
CLM-000556,Washing Machine,Home Appliance,Cleanwave,CW-700,SN99031246,MegaMart Electronics,2020-05-19,927.51,24,2022-05-09,2021-07-16,423,297,Water damage,False,1,SN99031246,True,"receipt,warranty_card,product_photo,serial_evidence,fault_evidence",0,False,False,Invalid Claim,2021-07-09,2020-11-20,297,0,train
CLM-000557,Laptop,Electronics,Vertex,VT-14,SN15352233,TechHub Store,2021-08-24,830.7,12,2022-08-19,2021-07-10,-45,405,Compressor failure,True,0,SN15352233,True,"receipt,warranty_card,product_photo,serial_evidence,fault_evidence",0,True,False,Invalid Claim,2021-07-09,,405,0,train
CLM-000558,Refrigerator,Home Appliance,FrostLine,FL-220,SN79372824,TechHub Store,2021-10-19,504.9,12,2022-10-14,2023-01-11,449,-89,Battery defect,True,3,SN79372824,True,"receipt,warranty_card,product_photo,serial_evidence,fault_evidence",0,False,False,Invalid Claim,2023-01-04,2022-04-29,89,0,train
CLM-000559,Smartphone,Electronics,Nova,NV-100,SN32467350,CityWide Appliances,2022-11-19,482.88,24,2024-11-08,2022-09-14,-66,786,Motor malfunction,True,0,SN32467350,True,"receipt,warranty_card,product_photo,serial_evidence,fault_evidence",0,True,False,Invalid Claim,2022-09-13,,786,0,test
CLM-000560,Refrigerator,Home Appliance,FrostLine,FL-220,SN66936428,TechHub Store,2024-05-02,644.77,18,2025-10-24,2026-05-04,732,-192,Component failure,True,1,SN66936428,True,"receipt,warranty_card,product_photo,serial_evidence,fault_evidence",0,False,False,Invalid Claim,2026-04-27,2024-11-29,192,0,train
CLM-000561,Refrigerator,Home Appliance,FrostLine,FL-220,SN21746856,MegaMart Electronics,2023-01-06,1019.54,24,2024-12-26,2022-11-08,-59,779,Manufacturing defect,True,0,SN21746856,True,"receipt,warranty_card,product_photo,serial_evidence,fault_evidence",0,True,False,Invalid Claim,2022-11-07,,779,0,train
CLM-000562,Television,Electronics,Vistara,VS-55UHD,SN62080854,HomeStyle Retail,2020-12-30,1062.12,24,2022-12-20,2023-02-28,790,-70,Component failure,True,1,SN62080854,True,"receipt,warranty_card,product_photo,serial_evidence,fault_evidence",0,False,False,Invalid Claim,2023-02-21,2022-02-18,70,0,validation
CLM-000563,Refrigerator,Home Appliance,FrostLine,FL-220,SN19742790,HomeStyle Retail,2022-06-05,758.76,12,2023-05-31,2022-06-18,13,347,Battery defect,True,2,SN19742790,True,"receipt,warranty_card,product_photo,serial_evidence,fault_evidence",0,False,True,Invalid Claim,2022-06-11,2022-04-01,347,0,validation
CLM-000564,Washing Machine,Home Appliance,Cleanwave,CW-700,SN73617549,MegaMart Electronics,2020-08-05,1533.15,12,2021-07-31,2021-03-27,234,126,Motor malfunction,True,0,SN39509878,False,"receipt,warranty_card,product_photo,serial_evidence,fault_evidence",0,False,False,Invalid Claim,2021-03-20,,126,0,train
CLM-000565,Refrigerator,Home Appliance,FrostLine,FL-300X,SN11496555,HomeStyle Retail,2020-10-06,1340.13,18,2022-03-30,2021-08-17,315,225,Component failure,True,1,SN84500200,False,"receipt,warranty_card,product_photo,serial_evidence,fault_evidence",0,False,False,Invalid Claim,2021-08-10,2020-12-18,225,0,validation
CLM-000566,Smartphone,Electronics,Nova,NV-X1,SN78793658,MegaMart Electronics,2020-09-09,662.97,12,2021-09-04,2020-07-26,-45,405,Manufacturing defect,True,0,SN78793658,True,"receipt,warranty_card,product_photo,serial_evidence,fault_evidence",0,True,False,Invalid Claim,2020-07-25,,405,0,train
CLM-000567,Air Conditioner,Home Appliance,Chillmax,CM-1T,SN83665549,HomeStyle Retail,2021-01-11,747.94,12,2022-01-06,2022-02-16,401,-41,Compressor failure,True,2,SN83774735,False,"receipt,warranty_card,product_photo,serial_evidence,fault_evidence",0,False,False,Invalid Claim,2022-02-09,2021-02-18,41,0,train
CLM-000568,Washing Machine,Home Appliance,Cleanwave,CW-700,SN23427820,MegaMart Electronics,2021-08-18,599.7,18,2023-02-09,2023-01-08,508,32,Battery defect,True,3,SN19369589,False,"receipt,warranty_card,product_photo,serial_evidence,fault_evidence",0,False,True,Invalid Claim,2023-01-01,2021-07-24,32,0,train
CLM-000569,Smartphone,Electronics,Nova,NV-X1,SN58921480,TechHub Store,2021-10-12,722.22,12,2022-10-07,2022-08-17,309,51,Motor malfunction,True,1,SN67486445,False,"receipt,warranty_card,product_photo,serial_evidence,fault_evidence",0,False,False,Invalid Claim,2022-08-10,2022-01-07,51,0,train
CLM-000570,Air Conditioner,Home Appliance,Chillmax,CM-1T,SN54501625,CityWide Appliances,2020-01-10,889.95,12,2021-01-04,2020-08-30,233,127,Unauthorized repair damage,False,0,SN54501625,True,"receipt,warranty_card,product_photo,serial_evidence,fault_evidence",0,False,False,Invalid Claim,2020-08-23,,127,0,train
CLM-000571,Refrigerator,Home Appliance,FrostLine,FL-220,SN47663633,CityWide Appliances,2022-08-05,1178.18,12,2023-07-31,2022-11-12,99,261,Manufacturing defect,True,2,SN28790705,False,"receipt,warranty_card,product_photo,serial_evidence,fault_evidence",0,False,False,Invalid Claim,2022-11-05,2022-10-13,261,0,train
CLM-000572,Air Conditioner,Home Appliance,Chillmax,CM-1T,SN88100019,HomeStyle Retail,2021-02-06,875.48,12,2022-02-01,2022-05-23,471,-111,Manufacturing defect,True,2,SN88100019,True,"receipt,warranty_card,product_photo,serial_evidence,fault_evidence",0,False,False,Invalid Claim,2022-05-16,2022-03-07,111,0,test
CLM-000573,Television,Electronics,Vistara,VS-55UHD,SN97766064,TechHub Store,2023-04-23,675.77,12,2024-04-17,2025-02-26,675,-315,Battery defect,True,1,SN97766064,True,"receipt,warranty_card,product_photo,serial_evidence,fault_evidence",0,False,False,Invalid Claim,2025-02-19,2024-05-02,315,0,train
CLM-000574,Smartphone,Electronics,Nova,NV-100,SN92414513,TechHub Store,2022-03-14,322.79,12,2023-03-09,2022-01-08,-65,425,Battery defect,True,0,SN79006257,False,"receipt,warranty_card,product_photo,serial_evidence,fault_evidence",0,True,False,Invalid Claim,2022-01-07,,425,0,train
CLM-000575,Refrigerator,Home Appliance,FrostLine,FL-300X,SN58156722,MegaMart Electronics,2020-10-14,921.37,12,2021-10-09,2021-09-26,347,13,Physical/drop damage,False,0,SN58156722,True,"receipt,warranty_card,product_photo,serial_evidence,fault_evidence",0,False,False,Invalid Claim,2021-09-19,,13,0,train
CLM-000576,Smartphone,Electronics,Nova,NV-100,SN79509378,CityWide Appliances,2024-04-08,844.01,12,2025-04-03,2025-08-03,482,-122,Component failure,True,2,SN79509378,True,"receipt,warranty_card,product_photo,serial_evidence,fault_evidence",0,False,False,Invalid Claim,2025-07-27,2024-10-10,122,0,train
CLM-000577,Refrigerator,Home Appliance,FrostLine,FL-300X,SN45341684,HomeStyle Retail,2022-03-05,816.35,12,2023-02-28,2021-12-28,-67,427,Manufacturing defect,True,0,SN45341684,True,"receipt,warranty_card,product_photo,serial_evidence,fault_evidence",0,True,False,Invalid Claim,2021-12-27,,427,0,train
CLM-000578,Washing Machine,Home Appliance,Cleanwave,CW-700,SN79306247,HomeStyle Retail,2023-03-13,1052.28,12,2024-03-07,2023-05-01,49,311,Compressor failure,True,1,SN79306247,True,"receipt,warranty_card,product_photo,serial_evidence,fault_evidence",0,False,True,Invalid Claim,2023-04-24,2023-01-27,311,0,train
CLM-000579,Laptop,Electronics,Vertex,VT-14,SN20346606,HomeStyle Retail,2022-09-24,717.79,24,2024-09-13,2024-10-16,753,-33,Component failure,True,0,SN20346606,True,"receipt,warranty_card,product_photo,serial_evidence,fault_evidence",0,False,False,Invalid Claim,2024-10-09,,33,0,train
CLM-000580,Refrigerator,Home Appliance,FrostLine,FL-300X,SN74265413,HomeStyle Retail,2021-07-29,1139.68,12,2022-07-24,2021-06-16,-43,403,Physical/drop damage,False,0,SN74265413,True,"receipt,warranty_card,product_photo,serial_evidence,fault_evidence",0,True,False,Invalid Claim,2021-06-15,,403,0,train
CLM-000581,Smartphone,Electronics,Nova,NV-X1,SN78805754,MegaMart Electronics,2023-04-24,655.51,12,2024-04-18,2024-11-11,567,-207,Component failure,True,4,SN78805754,True,"receipt,warranty_card,product_photo,serial_evidence,fault_evidence",0,False,True,Invalid Claim,2024-11-04,2023-02-09,207,0,test
CLM-000582,Laptop,Electronics,Vertex,VT-14,SN98817918,TechHub Store,2020-10-27,971.28,12,2021-10-22,2021-06-01,217,143,Battery defect,True,0,SN21508969,False,"receipt,warranty_card,product_photo,serial_evidence,fault_evidence",0,False,False,Invalid Claim,2021-05-25,,143,0,train
CLM-000583,Refrigerator,Home Appliance,FrostLine,FL-220,SN93646063,TechHub Store,2021-03-19,841.05,12,2022-03-14,2021-07-19,122,238,Component failure,True,1,SN93646063,True,"receipt,warranty_card,product_photo,serial_evidence,fault_evidence",0,False,True,Invalid Claim,2021-07-12,2021-02-13,238,0,train
CLM-000584,Washing Machine,Home Appliance,Cleanwave,CW-750D,SN27745355,MegaMart Electronics,2020-12-09,1210.5,18,2022-06-02,2021-02-27,80,460,Battery defect,True,0,SN37158762,False,"receipt,warranty_card,product_photo,serial_evidence,fault_evidence",0,False,False,Invalid Claim,2021-02-20,,460,0,train
CLM-000585,Laptop,Electronics,Vertex,VT-14,SN22507745,HomeStyle Retail,2022-12-06,920.13,24,2024-11-25,2022-09-18,-79,799,Battery defect,True,0,SN22507745,True,"receipt,warranty_card,product_photo,serial_evidence,fault_evidence",0,True,False,Invalid Claim,2022-09-17,,799,0,train
CLM-000586,Refrigerator,Home Appliance,FrostLine,FL-300X,SN59711219,CityWide Appliances,2020-09-23,1715.71,24,2022-09-13,2023-01-24,853,-133,Compressor failure,True,0,SN59711219,True,"receipt,warranty_card,product_photo,serial_evidence,fault_evidence",0,False,False,Invalid Claim,2023-01-17,,133,0,train
CLM-000587,Laptop,Electronics,Vertex,VT-14,SN67108220,MegaMart Electronics,2023-11-29,711.65,18,2025-05-22,2025-01-02,400,140,Unauthorized repair damage,False,2,SN67108220,True,"receipt,warranty_card,product_photo,serial_evidence,fault_evidence",0,False,False,Invalid Claim,2024-12-26,2024-07-31,140,0,train
CLM-000588,Laptop,Electronics,Vertex,VT-14,SN10734097,TechHub Store,2024-04-17,719.2,12,2025-04-12,2025-06-23,432,-72,Battery defect,True,2,SN10734097,True,"receipt,warranty_card,product_photo,serial_evidence,fault_evidence",0,False,False,Invalid Claim,2025-06-16,2025-05-27,72,0,test
CLM-000589,Refrigerator,Home Appliance,FrostLine,FL-300X,SN64874257,HomeStyle Retail,2020-01-15,743.02,18,2021-07-08,2021-09-22,616,-76,Display fault,True,0,SN64874257,True,"receipt,warranty_card,product_photo,serial_evidence,fault_evidence",0,False,False,Invalid Claim,2021-09-15,,76,0,test
CLM-000590,Laptop,Electronics,Vertex,VT-15Pro,SN63345392,TechHub Store,2020-11-12,875.84,12,2021-11-07,2021-06-26,226,134,Battery defect,True,2,SN65462544,False,"receipt,warranty_card,product_photo,serial_evidence,fault_evidence",0,False,False,Invalid Claim,2021-06-19,2021-04-03,134,0,train
CLM-000591,Television,Electronics,Vistara,VS-55UHD,SN63436070,TechHub Store,2024-05-24,521.4,18,2025-11-15,2025-10-11,505,35,Unauthorized repair damage,False,1,SN63436070,True,"receipt,warranty_card,product_photo,serial_evidence,fault_evidence",0,False,False,Invalid Claim,2025-10-04,2025-08-05,35,0,train
CLM-000592,Smartphone,Electronics,Nova,NV-200,SN55424358,TechHub Store,2024-11-04,556.56,18,2026-04-28,2025-04-28,175,365,Water damage,False,3,SN55424358,True,"receipt,warranty_card,product_photo,serial_evidence,fault_evidence",0,False,False,Invalid Claim,2025-04-21,2025-04-11,365,0,test
CLM-000593,Air Conditioner,Home Appliance,Chillmax,CM-1.5T,SN90563579,HomeStyle Retail,2023-11-28,1027.17,18,2025-05-21,2025-11-17,720,-180,Manufacturing defect,True,1,SN90563579,True,"receipt,warranty_card,product_photo,serial_evidence,fault_evidence",0,False,True,Invalid Claim,2025-11-10,2023-11-19,180,0,train
CLM-000594,Washing Machine,Home Appliance,Cleanwave,CW-750D,SN92405066,TechHub Store,2021-06-22,892.38,12,2022-06-17,2022-10-11,476,-116,Compressor failure,True,1,SN92405066,True,"receipt,warranty_card,product_photo,serial_evidence,fault_evidence",0,False,False,Invalid Claim,2022-10-04,2021-11-16,116,0,train
CLM-000595,Refrigerator,Home Appliance,FrostLine,FL-300X,SN11437525,MegaMart Electronics,2023-12-28,989.24,24,2025-12-17,2026-01-07,741,-21,Component failure,True,0,SN11437525,True,"receipt,warranty_card,product_photo,serial_evidence,fault_evidence",0,False,False,Invalid Claim,2025-12-31,,21,0,train
CLM-000596,Refrigerator,Home Appliance,FrostLine,FL-220,SN58283485,MegaMart Electronics,2023-09-07,818.44,24,2025-08-27,2025-02-26,538,182,Battery defect,True,1,SN10038556,False,"receipt,warranty_card,product_photo,serial_evidence,fault_evidence",0,False,True,Invalid Claim,2025-02-19,2023-08-17,182,0,train
CLM-000597,Laptop,Electronics,Vertex,VT-14,SN22101856,HomeStyle Retail,2020-06-26,963.01,24,2022-06-16,2021-08-25,425,295,Display fault,True,1,SN22101856,True,"receipt,warranty_card,product_photo,serial_evidence,fault_evidence",0,False,True,Invalid Claim,2021-08-18,2020-04-15,295,0,train
CLM-000598,Refrigerator,Home Appliance,FrostLine,FL-220,SN71036720,CityWide Appliances,2025-02-16,1218.95,18,2026-08-10,2025-10-15,241,299,Motor malfunction,True,0,SN87162674,False,"receipt,warranty_card,product_photo,serial_evidence,fault_evidence",0,False,False,Invalid Claim,2025-10-08,,299,0,train
CLM-000599,Washing Machine,Home Appliance,Cleanwave,CW-700,SN78892172,CityWide Appliances,2020-01-10,1061.88,12,2021-01-04,2020-02-26,47,313,Battery defect,True,4,SN78892172,True,"receipt,warranty_card,product_photo,serial_evidence,fault_evidence",0,False,True,Invalid Claim,2020-02-19,2019-11-02,313,0,validation
CLM-000600,Laptop,Electronics,Vertex,VT-14,SN55588495,CityWide Appliances,2024-07-23,690.85,24,2026-07-13,2026-03-01,586,134,Display fault,True,3,SN71585593,False,"receipt,warranty_card,product_photo,serial_evidence,fault_evidence",0,False,False,Invalid Claim,2026-02-22,2025-11-07,134,0,test
CLM-000601,Smartphone,Electronics,Nova,NV-X1,SN39579214,TechHub Store,2025-01-10,901.86,18,2026-07-04,2026-09-10,608,-68,Motor malfunction,True,1,SN39579214,True,"receipt,warranty_card,product_photo,serial_evidence,fault_evidence",0,False,False,Invalid Claim,2026-09-03,2025-09-03,68,0,validation
CLM-000602,Washing Machine,Home Appliance,Cleanwave,CW-700,SN63543563,TechHub Store,2024-06-26,862.08,12,2025-06-21,2024-11-17,144,216,Manufacturing defect,True,1,SN55901507,False,"receipt,warranty_card,product_photo,serial_evidence,fault_evidence",0,False,False,Invalid Claim,2024-11-10,2024-07-16,216,0,train
CLM-000603,Television,Electronics,Vistara,VS-43,SN76974557,TechHub Store,2023-02-09,528.21,24,2025-01-29,2022-11-13,-88,808,Component failure,True,0,SN76974557,True,"receipt,warranty_card,product_photo,serial_evidence,fault_evidence",0,True,False,Invalid Claim,2022-11-12,,808,0,test
CLM-000604,Air Conditioner,Home Appliance,Chillmax,CM-1.5T,SN30937370,TechHub Store,2021-04-25,871.48,18,2022-10-17,2022-01-15,265,275,Component failure,True,2,SN26089818,False,"receipt,warranty_card,product_photo,serial_evidence,fault_evidence",0,False,False,Invalid Claim,2022-01-08,2021-06-05,275,0,train
CLM-000605,Washing Machine,Home Appliance,Cleanwave,CW-750D,SN76080806,CityWide Appliances,2023-10-16,1132.73,24,2025-10-05,2023-12-08,53,667,Battery defect,True,1,SN76080806,True,"receipt,warranty_card,product_photo,serial_evidence,fault_evidence",0,False,True,Invalid Claim,2023-12-01,2023-08-03,667,0,train
CLM-000606,Washing Machine,Home Appliance,Cleanwave,CW-700,SN17267644,HomeStyle Retail,2024-11-14,1093.84,12,2025-11-09,2025-04-16,153,207,Power surge (external),False,2,SN17267644,True,"receipt,warranty_card,product_photo,serial_evidence,fault_evidence",0,False,False,Invalid Claim,2025-04-09,2025-03-03,207,0,validation
CLM-000607,Television,Electronics,Vistara,VS-43,SN71363812,CityWide Appliances,2022-09-06,800.01,24,2024-08-26,2025-02-16,894,-174,Display fault,True,0,SN71363812,True,"receipt,warranty_card,product_photo,serial_evidence,fault_evidence",0,False,False,Invalid Claim,2025-02-09,,174,0,test
CLM-000608,Washing Machine,Home Appliance,Cleanwave,CW-700,SN53679307,HomeStyle Retail,2023-12-01,778.26,18,2025-05-24,2024-07-13,225,315,Manufacturing defect,True,2,SN44856447,False,"receipt,warranty_card,product_photo,serial_evidence,fault_evidence",0,False,False,Invalid Claim,2024-07-06,2024-01-18,315,0,train
CLM-000609,Washing Machine,Home Appliance,Cleanwave,CW-750D,SN66900650,MegaMart Electronics,2023-01-28,306.16,12,2024-01-23,2023-08-01,185,175,Battery defect,True,1,SN59970552,False,"receipt,warranty_card,product_photo,serial_evidence,fault_evidence",0,False,False,Invalid Claim,2023-07-25,2023-05-02,175,0,train
CLM-000610,Air Conditioner,Home Appliance,Chillmax,CM-1.5T,SN41649234,HomeStyle Retail,2024-10-15,806.68,12,2025-10-10,2025-11-26,407,-47,Battery defect,True,1,SN41649234,True,"receipt,warranty_card,product_photo,serial_evidence,fault_evidence",0,False,True,Invalid Claim,2025-11-19,2024-08-27,47,0,train
CLM-000611,Laptop,Electronics,Vertex,VT-15Pro,SN75313057,MegaMart Electronics,2021-02-05,866.19,12,2022-01-31,2021-05-16,100,260,Power surge (external),False,1,SN75313057,True,"receipt,warranty_card,product_photo,serial_evidence,fault_evidence",0,False,False,Invalid Claim,2021-05-09,2021-04-18,260,0,train
CLM-000612,Laptop,Electronics,Vertex,VT-14,SN70378491,TechHub Store,2024-10-24,1039.16,18,2026-04-17,2024-09-21,-33,573,Manufacturing defect,True,0,SN70378491,True,"receipt,warranty_card,product_photo,serial_evidence,fault_evidence",0,True,False,Invalid Claim,2024-09-20,,573,0,train
CLM-000613,Washing Machine,Home Appliance,Cleanwave,CW-700,SN87424000,HomeStyle Retail,2021-06-16,922.07,12,2022-06-11,2021-08-27,72,288,Display fault,True,0,SN97124881,False,"receipt,warranty_card,product_photo,serial_evidence,fault_evidence",0,False,False,Invalid Claim,2021-08-20,,288,0,train
CLM-000614,Laptop,Electronics,Vertex,VT-15Pro,SN20523679,HomeStyle Retail,2023-01-07,914.33,12,2024-01-02,2023-10-05,271,89,Compressor failure,True,2,SN48456543,False,"receipt,warranty_card,product_photo,serial_evidence,fault_evidence",0,False,False,Invalid Claim,2023-09-28,2023-09-02,89,0,train
CLM-000615,Laptop,Electronics,Vertex,VT-14,SN20618223,MegaMart Electronics,2023-07-17,871.86,24,2025-07-06,2024-09-30,441,279,Normal wear and tear,False,3,SN20618223,True,"receipt,warranty_card,product_photo,serial_evidence,fault_evidence",0,False,False,Invalid Claim,2024-09-23,2023-11-11,279,0,train
CLM-000616,Washing Machine,Home Appliance,Cleanwave,CW-750D,SN58743159,TechHub Store,2021-10-04,1057.84,12,2022-09-29,2022-09-09,340,20,Battery defect,True,1,SN79918804,False,"receipt,warranty_card,product_photo,serial_evidence,fault_evidence",0,False,False,Invalid Claim,2022-09-02,2022-05-23,20,0,train
CLM-000617,Television,Electronics,Vistara,VS-43,SN38262427,MegaMart Electronics,2022-04-27,851.52,12,2023-04-22,2023-09-17,508,-148,Unauthorized repair damage,False,2,SN38262427,True,"receipt,warranty_card,product_photo,serial_evidence,fault_evidence",0,False,False,Invalid Claim,2023-09-10,2022-06-19,148,0,train
CLM-000618,Television,Electronics,Vistara,VS-43,SN45225746,HomeStyle Retail,2020-07-14,702.33,12,2021-07-09,2021-02-12,213,147,Manufacturing defect,True,2,SN45225746,True,"receipt,warranty_card,product_photo,serial_evidence,fault_evidence",0,False,True,Invalid Claim,2021-02-05,2020-07-03,147,0,train
CLM-000619,Smartphone,Electronics,Nova,NV-100,SN13834774,MegaMart Electronics,2023-09-03,430.35,24,2025-08-23,2023-08-17,-17,737,Component failure,True,0,SN13834774,True,"receipt,warranty_card,product_photo,serial_evidence,fault_evidence",0,True,False,Invalid Claim,2023-08-16,,737,0,train
CLM-000620,Television,Electronics,Vistara,VS-55UHD,SN28134815,CityWide Appliances,2021-12-31,656.86,24,2023-12-21,2023-07-17,563,157,Display fault,True,4,SN82381952,False,"receipt,warranty_card,product_photo,serial_evidence,fault_evidence",0,False,False,Invalid Claim,2023-07-10,2022-07-01,157,0,train
CLM-000621,Laptop,Electronics,Vertex,VT-14,SN22019737,HomeStyle Retail,2023-04-25,508.35,18,2024-10-16,2024-03-17,327,213,Compressor failure,True,1,SN22019737,True,"receipt,warranty_card,product_photo,serial_evidence,fault_evidence",0,False,True,Invalid Claim,2024-03-10,2023-03-09,213,0,train
CLM-000622,Smartphone,Electronics,Nova,NV-200,SN74030858,MegaMart Electronics,2022-04-24,694.27,12,2023-04-19,2022-02-14,-69,429,Component failure,True,0,SN67772049,False,"receipt,warranty_card,product_photo,serial_evidence,fault_evidence",0,True,False,Invalid Claim,2022-02-13,,429,0,test
CLM-000623,Laptop,Electronics,Vertex,VT-15Pro,SN62982727,MegaMart Electronics,2024-06-22,552.33,12,2025-06-17,2025-01-09,201,159,Physical/drop damage,False,2,SN62982727,True,"receipt,warranty_card,product_photo,serial_evidence,fault_evidence",0,False,False,Invalid Claim,2025-01-02,2024-12-23,159,0,train
CLM-000624,Laptop,Electronics,Vertex,VT-15Pro,SN48208680,TechHub Store,2024-02-18,492.47,18,2025-08-11,2025-05-05,442,98,Manufacturing defect,True,1,SN48208680,True,"receipt,warranty_card,product_photo,serial_evidence,fault_evidence",0,False,True,Invalid Claim,2025-04-28,2023-12-11,98,0,train
CLM-000625,Smartphone,Electronics,Nova,NV-200,SN92910238,HomeStyle Retail,2024-07-14,307.68,12,2025-07-09,2024-10-01,79,281,Unauthorized repair damage,False,0,SN92910238,True,"receipt,warranty_card,product_photo,serial_evidence,fault_evidence",0,False,False,Invalid Claim,2024-09-24,,281,0,train
CLM-000626,Smartphone,Electronics,Nova,NV-100,SN47864772,MegaMart Electronics,2023-12-05,822.91,18,2025-05-28,2024-02-03,60,480,Normal wear and tear,False,1,SN47864772,True,"receipt,warranty_card,product_photo,serial_evidence,fault_evidence",0,False,False,Invalid Claim,2024-01-27,2024-01-20,480,0,train
CLM-000627,Washing Machine,Home Appliance,Cleanwave,CW-750D,SN76893545,CityWide Appliances,2022-06-16,802.6,18,2023-12-08,2023-12-23,555,-15,Physical/drop damage,False,2,SN76893545,True,"receipt,warranty_card,product_photo,serial_evidence,fault_evidence",0,False,False,Invalid Claim,2023-12-16,2023-10-04,15,0,train
CLM-000628,Washing Machine,Home Appliance,Cleanwave,CW-750D,SN19581091,HomeStyle Retail,2023-11-28,663.07,24,2025-11-17,2026-01-02,766,-46,Manufacturing defect,True,2,SN34374441,False,"receipt,warranty_card,product_photo,serial_evidence,fault_evidence",0,False,False,Invalid Claim,2025-12-26,2024-06-12,46,0,train
CLM-000629,Washing Machine,Home Appliance,Cleanwave,CW-700,SN36733470,HomeStyle Retail,2025-01-08,620.84,24,2026-12-29,2024-11-12,-57,777,Manufacturing defect,True,0,SN36733470,True,"receipt,warranty_card,product_photo,serial_evidence,fault_evidence",0,True,False,Invalid Claim,2024-11-11,,777,0,validation
CLM-000630,Smartphone,Electronics,Nova,NV-X1,SN15662097,TechHub Store,2024-04-27,711.12,12,2025-04-22,2024-10-13,169,191,Unauthorized repair damage,False,4,SN15662097,True,"receipt,warranty_card,product_photo,serial_evidence,fault_evidence",0,False,False,Invalid Claim,2024-10-06,2024-09-15,191,0,train
CLM-000631,Television,Electronics,Vistara,VS-43,SN25157001,MegaMart Electronics,2022-12-02,488.84,12,2023-11-27,2023-06-14,194,166,Component failure,True,1,SN25157001,True,"receipt,warranty_card,product_photo,serial_evidence,fault_evidence",0,False,True,Invalid Claim,2023-06-07,2022-10-07,166,0,test
CLM-000632,Smartphone,Electronics,Nova,NV-100,SN87990837,TechHub Store,2021-10-26,305.63,12,2022-10-21,2022-03-09,134,226,Display fault,True,3,SN73789750,False,"receipt,warranty_card,product_photo,serial_evidence,fault_evidence",0,False,False,Invalid Claim,2022-03-02,2021-12-05,226,0,train
CLM-000633,Washing Machine,Home Appliance,Cleanwave,CW-700,SN18022882,HomeStyle Retail,2022-01-30,945.63,24,2024-01-20,2024-07-09,891,-171,Normal wear and tear,False,1,SN18022882,True,"receipt,warranty_card,product_photo,serial_evidence,fault_evidence",0,False,False,Invalid Claim,2024-07-02,2022-07-07,171,0,train
CLM-000634,Air Conditioner,Home Appliance,Chillmax,CM-1.5T,SN68883853,TechHub Store,2023-12-07,706.35,18,2025-05-30,2025-07-27,598,-58,Normal wear and tear,False,1,SN68883853,True,"receipt,warranty_card,product_photo,serial_evidence,fault_evidence",0,False,False,Invalid Claim,2025-07-20,2023-12-29,58,0,train
CLM-000635,Laptop,Electronics,Vertex,VT-15Pro,SN35471281,HomeStyle Retail,2023-11-12,601.97,12,2024-11-06,2024-07-27,258,102,Power surge (external),False,1,SN35471281,True,"receipt,warranty_card,product_photo,serial_evidence,fault_evidence",0,False,False,Invalid Claim,2024-07-20,2024-05-09,102,0,test
CLM-000636,Smartphone,Electronics,Nova,NV-100,SN70315326,MegaMart Electronics,2021-10-24,425.42,18,2023-04-17,2022-04-16,174,366,Battery defect,True,0,SN45346140,False,"receipt,warranty_card,product_photo,serial_evidence,fault_evidence",0,False,False,Invalid Claim,2022-04-09,,366,0,validation
CLM-000637,Washing Machine,Home Appliance,Cleanwave,CW-700,SN12512536,HomeStyle Retail,2023-01-14,953.13,12,2024-01-09,2024-03-03,414,-54,Battery defect,True,1,SN12512536,True,"receipt,warranty_card,product_photo,serial_evidence,fault_evidence",0,False,False,Invalid Claim,2024-02-25,2023-07-20,54,0,train
CLM-000638,Smartphone,Electronics,Nova,NV-X1,SN76779917,TechHub Store,2024-05-08,750.54,18,2025-10-30,2025-06-18,406,134,Compressor failure,True,1,SN30687181,False,"receipt,warranty_card,product_photo,serial_evidence,fault_evidence",0,False,False,Invalid Claim,2025-06-11,2025-03-18,134,0,train
CLM-000639,Smartphone,Electronics,Nova,NV-100,SN37122588,MegaMart Electronics,2021-08-02,811.12,12,2022-07-28,2021-07-16,-17,377,Compressor failure,True,0,SN35718350,False,"receipt,warranty_card,product_photo,serial_evidence,fault_evidence",0,True,False,Invalid Claim,2021-07-15,,377,0,validation
CLM-000640,Washing Machine,Home Appliance,Cleanwave,CW-750D,SN39624910,HomeStyle Retail,2020-07-21,973.46,12,2021-07-16,2021-06-15,329,31,Battery defect,True,1,SN39624910,True,"receipt,warranty_card,product_photo,serial_evidence,fault_evidence",0,False,True,Invalid Claim,2021-06-08,2020-07-11,31,0,train
CLM-000641,Washing Machine,Home Appliance,Cleanwave,CW-750D,SN59535555,TechHub Store,2020-01-27,539.73,24,2022-01-16,2021-05-30,489,231,Water damage,False,0,SN59535555,True,"receipt,warranty_card,product_photo,serial_evidence,fault_evidence",0,False,False,Invalid Claim,2021-05-23,,231,0,train
CLM-000642,Air Conditioner,Home Appliance,Chillmax,CM-1T,SN38977615,CityWide Appliances,2020-04-29,934.2,24,2022-04-19,2020-07-20,82,638,Compressor failure,True,1,SN23035125,False,"receipt,warranty_card,product_photo,serial_evidence,fault_evidence",0,False,False,Invalid Claim,2020-07-13,2020-05-12,638,0,train
CLM-000643,Television,Electronics,Vistara,VS-55UHD,SN24161873,TechHub Store,2024-01-25,1259.27,12,2025-01-19,2024-06-10,137,223,Compressor failure,True,1,SN87385064,False,"receipt,warranty_card,product_photo,serial_evidence,fault_evidence",0,False,True,Invalid Claim,2024-06-03,2023-12-10,223,0,train
CLM-000644,Laptop,Electronics,Vertex,VT-14,SN81658908,CityWide Appliances,2023-10-13,539.51,12,2024-10-07,2024-01-23,102,258,Component failure,True,1,SN81658908,True,"receipt,warranty_card,product_photo,serial_evidence,fault_evidence",0,False,True,Invalid Claim,2024-01-16,2023-08-17,258,0,train
CLM-000645,Laptop,Electronics,Vertex,VT-15Pro,SN91659860,MegaMart Electronics,2021-12-22,204.24,24,2023-12-12,2023-10-11,658,62,Display fault,True,4,SN83232714,False,"receipt,warranty_card,product_photo,serial_evidence,fault_evidence",0,False,False,Invalid Claim,2023-10-04,2022-07-30,62,0,train
CLM-000646,Television,Electronics,Vistara,VS-43,SN14652375,CityWide Appliances,2022-02-07,816.68,24,2024-01-28,2023-05-21,468,252,Display fault,True,1,SN89961933,False,"receipt,warranty_card,product_photo,serial_evidence,fault_evidence",0,False,False,Invalid Claim,2023-05-14,2022-02-16,252,0,train
CLM-000647,Air Conditioner,Home Appliance,Chillmax,CM-1T,SN47038339,CityWide Appliances,2022-11-26,816.28,12,2023-11-21,2024-01-07,407,-47,Component failure,True,4,SN78621697,False,"receipt,warranty_card,product_photo,serial_evidence,fault_evidence",0,False,False,Invalid Claim,2023-12-31,2023-09-07,47,0,train
CLM-000648,Washing Machine,Home Appliance,Cleanwave,CW-700,SN41271945,MegaMart Electronics,2023-03-14,1351.53,24,2025-03-03,2023-08-30,169,551,Physical/drop damage,False,1,SN50305910,False,"receipt,warranty_card,product_photo,serial_evidence,fault_evidence",0,False,False,Invalid Claim,2023-08-23,2023-04-07,551,0,train
CLM-000649,Smartphone,Electronics,Nova,NV-X1,SN87340611,TechHub Store,2023-03-14,946.74,12,2024-03-08,2023-09-06,176,184,Power surge (external),False,2,SN87340611,True,"receipt,warranty_card,product_photo,serial_evidence,fault_evidence",0,False,False,Invalid Claim,2023-08-30,2023-04-08,184,0,train
CLM-000650,Washing Machine,Home Appliance,Cleanwave,CW-700,SN54881018,MegaMart Electronics,2023-05-04,376.32,18,2024-10-25,2024-11-25,571,-31,Battery defect,True,1,SN54881018,True,"receipt,warranty_card,product_photo,serial_evidence,fault_evidence",0,False,False,Invalid Claim,2024-11-18,2024-07-22,31,0,test
CLM-000651,Air Conditioner,Home Appliance,Chillmax,CM-1T,SN95078886,TechHub Store,2022-05-03,596.21,24,2024-04-22,2024-11-21,933,-213,Component failure,True,0,SN95078886,True,"receipt,warranty_card,product_photo,serial_evidence,fault_evidence",0,False,False,Invalid Claim,2024-11-14,,213,0,train
CLM-000652,Smartphone,Electronics,Nova,NV-X1,SN39634895,MegaMart Electronics,2022-02-22,552.14,12,2023-02-17,2023-06-05,468,-108,Battery defect,True,1,SN39634895,True,"receipt,warranty_card,product_photo,serial_evidence,fault_evidence",0,False,False,Invalid Claim,2023-05-29,2023-02-02,108,0,test
CLM-000653,Washing Machine,Home Appliance,Cleanwave,CW-750D,SN29865888,MegaMart Electronics,2024-02-07,852.56,24,2026-01-27,2023-12-13,-56,776,Battery defect,True,0,SN29865888,True,"receipt,warranty_card,product_photo,serial_evidence,fault_evidence",0,True,False,Invalid Claim,2023-12-12,,776,0,train
CLM-000654,Smartphone,Electronics,Nova,NV-X1,SN68316409,TechHub Store,2020-06-18,487.62,12,2021-06-13,2021-09-19,458,-98,Motor malfunction,True,1,SN68316409,True,"receipt,warranty_card,product_photo,serial_evidence,fault_evidence",0,False,False,Invalid Claim,2021-09-12,2020-08-24,98,0,train
CLM-000655,Laptop,Electronics,Vertex,VT-14,SN42522981,MegaMart Electronics,2024-04-09,643.99,12,2025-04-04,2025-02-05,302,58,Physical/drop damage,False,1,SN42522981,True,"receipt,warranty_card,product_photo,serial_evidence,fault_evidence",0,False,False,Invalid Claim,2025-01-29,2024-11-16,58,0,train
CLM-000656,Washing Machine,Home Appliance,Cleanwave,CW-700,SN53048774,MegaMart Electronics,2021-10-24,988.25,18,2023-04-17,2023-06-30,614,-74,Display fault,True,0,SN97967622,False,"receipt,warranty_card,product_photo,serial_evidence,fault_evidence",0,False,False,Invalid Claim,2023-06-23,,74,0,train
CLM-000657,Smartphone,Electronics,Nova,NV-100,SN41338443,MegaMart Electronics,2020-02-19,774.28,24,2022-02-08,2021-05-26,462,258,Normal wear and tear,False,1,SN41338443,True,"receipt,warranty_card,product_photo,serial_evidence,fault_evidence",0,False,False,Invalid Claim,2021-05-19,2020-08-29,258,0,validation
CLM-000658,Television,Electronics,Vistara,VS-55UHD,SN11843251,MegaMart Electronics,2020-11-15,651.46,24,2022-11-05,2022-11-22,737,-17,Normal wear and tear,False,1,SN11843251,True,"receipt,warranty_card,product_photo,serial_evidence,fault_evidence",0,False,False,Invalid Claim,2022-11-15,2021-03-09,17,0,train
CLM-000659,Laptop,Electronics,Vertex,VT-14,SN83339816,HomeStyle Retail,2021-09-16,591.12,12,2022-09-11,2022-09-28,377,-17,Compressor failure,True,2,SN83339816,True,"receipt,warranty_card,product_photo,serial_evidence,fault_evidence",0,False,False,Invalid Claim,2022-09-21,2022-01-27,17,0,train
CLM-000660,Laptop,Electronics,Vertex,VT-14,SN44286770,MegaMart Electronics,2023-01-28,1013.69,12,2024-01-23,2023-02-16,19,341,Power surge (external),False,3,SN44286770,True,"receipt,warranty_card,product_photo,serial_evidence,fault_evidence",0,False,False,Invalid Claim,2023-02-09,2023-02-07,341,0,train
CLM-000661,Refrigerator,Home Appliance,FrostLine,FL-300X,SN24480943,MegaMart Electronics,2021-02-15,415.01,24,2023-02-05,2021-01-11,-35,755,Manufacturing defect,True,0,SN97162488,False,"receipt,warranty_card,product_photo,serial_evidence,fault_evidence",0,True,False,Invalid Claim,2021-01-10,,755,0,test
CLM-000662,Laptop,Electronics,Vertex,VT-14,SN35020518,MegaMart Electronics,2022-03-02,311.87,12,2023-02-25,2022-05-01,60,300,Compressor failure,True,1,SN35020518,True,"receipt,warranty_card,product_photo,serial_evidence,fault_evidence",0,False,True,Invalid Claim,2022-04-24,2022-01-02,300,0,validation
CLM-000663,Air Conditioner,Home Appliance,Chillmax,CM-1T,SN56544010,TechHub Store,2023-02-22,1395.44,24,2025-02-11,2023-01-02,-51,771,Motor malfunction,True,0,SN56544010,True,"receipt,warranty_card,product_photo,serial_evidence,fault_evidence",0,True,False,Invalid Claim,2023-01-01,,771,0,validation
CLM-000664,Refrigerator,Home Appliance,FrostLine,FL-300X,SN13954845,CityWide Appliances,2021-12-28,978.89,18,2023-06-21,2022-10-16,292,248,Water damage,False,1,SN13954845,True,"receipt,warranty_card,product_photo,serial_evidence,fault_evidence",0,False,False,Invalid Claim,2022-10-09,2022-05-21,248,0,train
CLM-000665,Refrigerator,Home Appliance,FrostLine,FL-220,SN66013532,MegaMart Electronics,2021-04-06,847.03,12,2022-04-01,2021-10-28,205,155,Manufacturing defect,True,2,SN66013532,True,"receipt,warranty_card,product_photo,serial_evidence,fault_evidence",0,False,True,Invalid Claim,2021-10-21,2021-03-17,155,0,train
CLM-000666,Refrigerator,Home Appliance,FrostLine,FL-220,SN28536762,MegaMart Electronics,2022-05-23,751.29,24,2024-05-12,2022-12-30,221,499,Component failure,True,1,SN80303981,False,"receipt,warranty_card,product_photo,serial_evidence,fault_evidence",0,False,False,Invalid Claim,2022-12-23,2022-06-27,499,0,train
CLM-000667,Smartphone,Electronics,Nova,NV-X1,SN25889673,MegaMart Electronics,2022-05-30,610.9,24,2024-05-19,2022-11-17,171,549,Unauthorized repair damage,False,2,SN25889673,True,"receipt,warranty_card,product_photo,serial_evidence,fault_evidence",0,False,False,Invalid Claim,2022-11-10,2022-07-07,549,0,test
CLM-000668,Washing Machine,Home Appliance,Cleanwave,CW-750D,SN30395330,TechHub Store,2024-01-29,550.93,12,2025-01-23,2024-09-05,220,140,Display fault,True,4,SN24330619,False,"receipt,warranty_card,product_photo,serial_evidence,fault_evidence",0,False,False,Invalid Claim,2024-08-29,2024-03-03,140,0,train
CLM-000669,Laptop,Electronics,Vertex,VT-14,SN13501001,HomeStyle Retail,2021-01-13,548.1,12,2022-01-08,2021-05-21,128,232,Battery defect,True,0,SN73968467,False,"receipt,warranty_card,product_photo,serial_evidence,fault_evidence",0,False,False,Invalid Claim,2021-05-14,,232,0,train
CLM-000670,Laptop,Electronics,Vertex,VT-14,SN31983035,MegaMart Electronics,2020-10-01,359.75,18,2022-03-25,2021-04-17,198,342,Motor malfunction,True,2,SN31983035,True,"receipt,warranty_card,product_photo,serial_evidence,fault_evidence",0,False,True,Invalid Claim,2021-04-10,2020-09-26,342,0,test
CLM-000671,Washing Machine,Home Appliance,Cleanwave,CW-700,SN37455861,MegaMart Electronics,2022-04-16,979.93,24,2024-04-05,2025-02-13,1034,-314,Display fault,True,2,SN37455861,True,"receipt,warranty_card,product_photo,serial_evidence,fault_evidence",0,False,False,Invalid Claim,2025-02-06,2024-10-02,314,0,train
CLM-000672,Laptop,Electronics,Vertex,VT-14,SN91594977,TechHub Store,2024-11-10,756.4,18,2026-05-04,2026-01-31,447,93,Component failure,True,1,SN61052956,False,"receipt,warranty_card,product_photo,serial_evidence,fault_evidence",0,False,False,Invalid Claim,2026-01-24,2025-11-14,93,0,validation
CLM-000673,Laptop,Electronics,Vertex,VT-14,SN42980201,HomeStyle Retail,2021-10-02,791.41,12,2022-09-27,2023-03-03,517,-157,Display fault,True,1,SN42980201,True,"receipt,warranty_card,product_photo,serial_evidence,fault_evidence",0,False,False,Invalid Claim,2023-02-24,2022-11-12,157,0,train
CLM-000674,Washing Machine,Home Appliance,Cleanwave,CW-750D,SN48374806,HomeStyle Retail,2024-02-14,783.57,12,2025-02-08,2023-12-19,-57,417,Compressor failure,True,0,SN48374806,True,"receipt,warranty_card,product_photo,serial_evidence,fault_evidence",0,True,False,Invalid Claim,2023-12-18,,417,0,train
CLM-000675,Laptop,Electronics,Vertex,VT-15Pro,SN22138759,TechHub Store,2022-05-15,246.64,12,2023-05-10,2023-11-20,554,-194,Component failure,True,1,SN22138759,True,"receipt,warranty_card,product_photo,serial_evidence,fault_evidence",0,False,False,Invalid Claim,2023-11-13,2022-09-08,194,0,test
CLM-000676,Smartphone,Electronics,Nova,NV-X1,SN37102854,CityWide Appliances,2021-01-03,937.09,24,2022-12-24,2022-04-19,471,249,Water damage,False,2,SN37102854,True,"receipt,warranty_card,product_photo,serial_evidence,fault_evidence",0,False,False,Invalid Claim,2022-04-12,2021-02-19,249,0,train
CLM-000677,Refrigerator,Home Appliance,FrostLine,FL-300X,SN21449650,HomeStyle Retail,2021-05-27,1755.52,12,2022-05-22,2021-07-22,56,304,Water damage,False,4,SN21449650,True,"receipt,warranty_card,product_photo,serial_evidence,fault_evidence",0,False,False,Invalid Claim,2021-07-15,2021-06-21,304,0,train
CLM-000678,Television,Electronics,Vistara,VS-43,SN31759927,CityWide Appliances,2024-01-28,588.64,24,2026-01-17,2024-03-22,54,666,Physical/drop damage,False,2,SN31759927,True,"receipt,warranty_card,product_photo,serial_evidence,fault_evidence",0,False,False,Invalid Claim,2024-03-15,2024-02-09,666,0,train
CLM-000679,Smartphone,Electronics,Nova,NV-100,SN37226295,MegaMart Electronics,2024-04-24,915.22,18,2025-10-16,2024-03-31,-24,564,Compressor failure,True,0,SN37226295,True,"receipt,warranty_card,product_photo,serial_evidence,fault_evidence",0,True,False,Invalid Claim,2024-03-30,,564,0,train
CLM-000680,Refrigerator,Home Appliance,FrostLine,FL-300X,SN41927492,MegaMart Electronics,2024-04-16,835.6,12,2025-04-11,2025-01-29,288,72,Display fault,True,2,SN41927492,True,"receipt,warranty_card,product_photo,serial_evidence,fault_evidence",0,False,True,Invalid Claim,2025-01-22,2024-01-22,72,0,train
CLM-000681,Washing Machine,Home Appliance,Cleanwave,CW-700,SN16565770,MegaMart Electronics,2022-09-01,1106.61,12,2023-08-27,2023-01-14,135,225,Manufacturing defect,True,1,SN17390556,False,"receipt,warranty_card,product_photo,serial_evidence,fault_evidence",0,False,True,Invalid Claim,2023-01-07,2022-06-09,225,0,train
CLM-000682,Washing Machine,Home Appliance,Cleanwave,CW-700,SN16580878,MegaMart Electronics,2021-12-15,961.34,12,2022-12-10,2023-02-21,433,-73,Battery defect,True,3,SN16580878,True,"receipt,warranty_card,product_photo,serial_evidence,fault_evidence",0,False,False,Invalid Claim,2023-02-14,2022-03-17,73,0,train
CLM-000683,Smartphone,Electronics,Nova,NV-200,SN53328415,HomeStyle Retail,2020-11-26,428.95,18,2022-05-20,2021-12-09,378,162,Water damage,False,1,SN53328415,True,"receipt,warranty_card,product_photo,serial_evidence,fault_evidence",0,False,False,Invalid Claim,2021-12-02,2021-06-09,162,0,train
CLM-000684,Refrigerator,Home Appliance,FrostLine,FL-300X,SN54185620,HomeStyle Retail,2024-08-06,465.42,12,2025-08-01,2024-07-21,-16,376,Manufacturing defect,True,0,SN54185620,True,"receipt,warranty_card,product_photo,serial_evidence,fault_evidence",0,True,False,Invalid Claim,2024-07-20,,376,0,train
CLM-000685,Television,Electronics,Vistara,VS-55UHD,SN91171931,CityWide Appliances,2022-12-10,528.15,12,2023-12-05,2023-10-08,302,58,Normal wear and tear,False,0,SN91171931,True,"receipt,warranty_card,product_photo,serial_evidence,fault_evidence",0,False,False,Invalid Claim,2023-10-01,,58,0,train
CLM-000686,Washing Machine,Home Appliance,Cleanwave,CW-700,SN92448605,HomeStyle Retail,2023-12-18,1169.83,12,2024-12-12,2024-11-11,329,31,Battery defect,True,3,SN79753731,False,"receipt,warranty_card,product_photo,serial_evidence,fault_evidence",0,False,False,Invalid Claim,2024-11-04,2024-11-06,31,0,train
CLM-000687,Smartphone,Electronics,Nova,NV-100,SN72395893,HomeStyle Retail,2022-10-16,832.09,12,2023-10-11,2023-03-23,158,202,Physical/drop damage,False,4,SN72395893,True,"receipt,warranty_card,product_photo,serial_evidence,fault_evidence",0,False,False,Invalid Claim,2023-03-16,2022-11-16,202,0,train
CLM-000688,Refrigerator,Home Appliance,FrostLine,FL-220,SN95982334,MegaMart Electronics,2024-02-19,1137.6,24,2026-02-08,2025-02-21,368,352,Motor malfunction,True,1,SN95982334,True,"receipt,warranty_card,product_photo,serial_evidence,fault_evidence",0,False,True,Invalid Claim,2025-02-14,2024-01-13,352,0,test
CLM-000689,Air Conditioner,Home Appliance,Chillmax,CM-1T,SN54732472,MegaMart Electronics,2021-06-05,383.32,24,2023-05-26,2022-05-12,341,379,Battery defect,True,0,SN86359356,False,"receipt,warranty_card,product_photo,serial_evidence,fault_evidence",0,False,False,Invalid Claim,2022-05-05,,379,0,test
CLM-000690,Air Conditioner,Home Appliance,Chillmax,CM-1T,SN74625235,MegaMart Electronics,2023-06-15,385.74,24,2025-06-04,2024-10-27,500,220,Power surge (external),False,1,SN71823092,False,"receipt,warranty_card,product_photo,serial_evidence,fault_evidence",0,False,False,Invalid Claim,2024-10-20,2024-09-14,220,0,test
CLM-000691,Air Conditioner,Home Appliance,Chillmax,CM-1.5T,SN85825317,TechHub Store,2024-11-06,303.51,18,2026-04-30,2025-01-12,67,473,Display fault,True,0,SN52346074,False,"receipt,warranty_card,product_photo,serial_evidence,fault_evidence",0,False,False,Invalid Claim,2025-01-05,,473,0,validation
CLM-000692,Television,Electronics,Vistara,VS-55UHD,SN14183991,MegaMart Electronics,2023-02-11,698.52,18,2024-08-04,2024-02-18,372,168,Water damage,False,3,SN14183991,True,"receipt,warranty_card,product_photo,serial_evidence,fault_evidence",0,False,False,Invalid Claim,2024-02-11,2023-08-23,168,0,test
CLM-000693,Smartphone,Electronics,Nova,NV-200,SN52211394,TechHub Store,2023-07-07,613.29,18,2024-12-28,2024-01-24,201,339,Normal wear and tear,False,1,SN52211394,True,"receipt,warranty_card,product_photo,serial_evidence,fault_evidence",0,False,False,Invalid Claim,2024-01-17,2023-09-15,339,0,train
CLM-000694,Washing Machine,Home Appliance,Cleanwave,CW-700,SN60226379,TechHub Store,2022-04-27,676.48,12,2023-04-22,2022-08-25,120,240,Normal wear and tear,False,1,SN60226379,True,"receipt,warranty_card,product_photo,serial_evidence,fault_evidence",0,False,False,Invalid Claim,2022-08-18,2022-08-05,240,0,train
CLM-000695,Television,Electronics,Vistara,VS-55UHD,SN53934556,MegaMart Electronics,2021-02-17,614.75,24,2023-02-07,2021-01-04,-44,764,Display fault,True,0,SN53934556,True,"receipt,warranty_card,product_photo,serial_evidence,fault_evidence",0,True,False,Invalid Claim,2021-01-03,,764,0,train
CLM-000696,Refrigerator,Home Appliance,FrostLine,FL-220,SN10551617,MegaMart Electronics,2024-11-20,1120.73,12,2025-11-15,2025-07-23,245,115,Power surge (external),False,0,SN10551617,True,"receipt,warranty_card,product_photo,serial_evidence,fault_evidence",0,False,False,Invalid Claim,2025-07-16,,115,0,train
CLM-000697,Smartphone,Electronics,Nova,NV-X1,SN51940463,MegaMart Electronics,2020-03-31,663.63,18,2021-09-22,2022-01-07,647,-107,Manufacturing defect,True,1,SN51940463,True,"receipt,warranty_card,product_photo,serial_evidence,fault_evidence",0,False,False,Invalid Claim,2021-12-31,2021-02-14,107,0,train
CLM-000698,Laptop,Electronics,Vertex,VT-15Pro,SN25790828,MegaMart Electronics,2023-08-01,713.1,24,2025-07-21,2024-05-20,293,427,Motor malfunction,True,0,SN31138757,False,"receipt,warranty_card,product_photo,serial_evidence,fault_evidence",0,False,False,Invalid Claim,2024-05-13,,427,0,train
CLM-000699,Laptop,Electronics,Vertex,VT-15Pro,SN28999435,CityWide Appliances,2021-07-14,40.0,12,2022-07-09,2023-02-06,572,-212,Motor malfunction,True,2,SN28999435,True,"receipt,warranty_card,product_photo,serial_evidence,fault_evidence",0,False,False,Invalid Claim,2023-01-30,2022-05-01,212,0,train
CLM-000700,Laptop,Electronics,Vertex,VT-14,SN27458237,MegaMart Electronics,2023-03-21,691.83,12,2024-03-15,2024-07-11,478,-118,Motor malfunction,True,0,SN27458237,True,"receipt,warranty_card,product_photo,serial_evidence,fault_evidence",0,False,False,Invalid Claim,2024-07-04,,118,0,train
CLM-000701,Laptop,Electronics,Vertex,VT-14,SN90010054,CityWide Appliances,2025-01-23,758.37,18,2026-07-17,2026-11-21,667,-127,Manufacturing defect,True,2,SN90010054,True,"receipt,warranty_card,product_photo,serial_evidence,fault_evidence",0,False,False,Invalid Claim,2026-11-14,2026-10-30,127,0,validation
CLM-000702,Refrigerator,Home Appliance,FrostLine,FL-220,SN72504573,HomeStyle Retail,2024-09-08,1059.22,18,2026-03-02,2025-08-24,350,190,Motor malfunction,True,1,SN72504573,True,"receipt,warranty_card,product_photo,serial_evidence,fault_evidence",0,False,True,Invalid Claim,2025-08-17,2024-08-27,190,0,validation
CLM-000703,Smartphone,Electronics,Nova,NV-X1,SN44635255,CityWide Appliances,2024-07-22,232.91,24,2026-07-12,2024-06-23,-29,749,Power surge (external),False,0,SN44635255,True,"receipt,warranty_card,product_photo,serial_evidence,fault_evidence",0,True,False,Invalid Claim,2024-06-22,,749,0,train
CLM-000704,Laptop,Electronics,Vertex,VT-14,SN73798298,MegaMart Electronics,2022-03-13,643.61,12,2023-03-08,2022-11-10,242,118,Motor malfunction,True,1,SN74243595,False,"receipt,warranty_card,product_photo,serial_evidence,fault_evidence",0,False,False,Invalid Claim,2022-11-03,2022-07-10,118,0,train
CLM-000705,Smartphone,Electronics,Nova,NV-X1,SN24358786,MegaMart Electronics,2024-09-28,462.9,12,2025-09-23,2025-06-25,270,90,Component failure,True,0,SN97167893,False,"receipt,warranty_card,product_photo,serial_evidence,fault_evidence",0,False,False,Invalid Claim,2025-06-18,,90,0,train
CLM-000706,Laptop,Electronics,Vertex,VT-15Pro,SN61514973,MegaMart Electronics,2020-05-25,905.03,24,2022-05-15,2021-02-03,254,466,Display fault,True,1,SN61514973,True,"receipt,warranty_card,product_photo,serial_evidence,fault_evidence",0,False,True,Invalid Claim,2021-01-27,2020-04-28,466,0,test
CLM-000707,Washing Machine,Home Appliance,Cleanwave,CW-700,SN87066247,TechHub Store,2024-07-24,1200.86,18,2026-01-15,2025-07-19,360,180,Display fault,True,1,SN87066247,True,"receipt,warranty_card,product_photo,serial_evidence,fault_evidence",0,False,True,Invalid Claim,2025-07-12,2024-07-09,180,0,train
CLM-000708,Washing Machine,Home Appliance,Cleanwave,CW-750D,SN19342578,HomeStyle Retail,2023-04-27,574.65,18,2024-10-18,2023-11-03,190,350,Display fault,True,1,SN90048179,False,"receipt,warranty_card,product_photo,serial_evidence,fault_evidence",0,False,False,Invalid Claim,2023-10-27,2023-08-03,350,0,validation
CLM-000709,Air Conditioner,Home Appliance,Chillmax,CM-1T,SN70797197,HomeStyle Retail,2021-11-01,629.59,12,2022-10-27,2022-12-06,400,-40,Water damage,False,0,SN70797197,True,"receipt,warranty_card,product_photo,serial_evidence,fault_evidence",0,False,False,Invalid Claim,2022-11-29,,40,0,train
CLM-000710,Television,Electronics,Vistara,VS-55UHD,SN68348074,TechHub Store,2022-03-09,906.07,18,2023-08-31,2023-01-19,316,224,Motor malfunction,True,1,SN56206415,False,"receipt,warranty_card,product_photo,serial_evidence,fault_evidence",0,False,True,Invalid Claim,2023-01-12,2022-02-25,224,0,train
CLM-000711,Television,Electronics,Vistara,VS-43,SN85165988,TechHub Store,2023-04-08,541.66,12,2024-04-02,2023-01-27,-71,431,Motor malfunction,True,0,SN85165988,True,"receipt,warranty_card,product_photo,serial_evidence,fault_evidence",0,True,False,Invalid Claim,2023-01-26,,431,0,train
CLM-000712,Refrigerator,Home Appliance,FrostLine,FL-300X,SN93914843,MegaMart Electronics,2022-01-05,1175.43,12,2022-12-31,2022-08-24,231,129,Component failure,True,1,SN61377152,False,"receipt,warranty_card,product_photo,serial_evidence,fault_evidence",0,False,False,Invalid Claim,2022-08-17,2022-04-19,129,0,train
CLM-000713,Laptop,Electronics,Vertex,VT-15Pro,SN66000400,MegaMart Electronics,2022-02-20,635.09,12,2023-02-15,2022-05-12,81,279,Physical/drop damage,False,1,SN66000400,True,"receipt,warranty_card,product_photo,serial_evidence,fault_evidence",0,False,False,Invalid Claim,2022-05-05,2022-03-09,279,0,validation
CLM-000714,Laptop,Electronics,Vertex,VT-14,SN21363335,MegaMart Electronics,2020-10-02,1100.83,12,2021-09-27,2022-01-29,484,-124,Compressor failure,True,0,SN65815175,False,"receipt,warranty_card,product_photo,serial_evidence,fault_evidence",0,False,False,Invalid Claim,2022-01-22,,124,0,validation
CLM-000715,Washing Machine,Home Appliance,Cleanwave,CW-700,SN34936450,HomeStyle Retail,2024-10-27,1064.51,12,2025-10-22,2024-08-30,-58,418,Display fault,True,0,SN34936450,True,"receipt,warranty_card,product_photo,serial_evidence,fault_evidence",0,True,False,Invalid Claim,2024-08-29,,418,0,test
CLM-000716,Laptop,Electronics,Vertex,VT-14,SN15082158,HomeStyle Retail,2020-01-16,464.27,18,2021-07-09,2021-03-21,430,110,Normal wear and tear,False,0,SN15082158,True,"receipt,warranty_card,product_photo,serial_evidence,fault_evidence",0,False,False,Invalid Claim,2021-03-14,,110,0,validation
CLM-000717,Laptop,Electronics,Vertex,VT-15Pro,SN72402697,HomeStyle Retail,2023-12-14,790.09,12,2024-12-08,2024-03-05,82,278,Manufacturing defect,True,1,SN72402697,True,"receipt,warranty_card,product_photo,serial_evidence,fault_evidence",0,False,True,Invalid Claim,2024-02-27,2023-10-08,278,0,validation
CLM-000718,Air Conditioner,Home Appliance,Chillmax,CM-1.5T,SN92280717,MegaMart Electronics,2024-12-27,1279.22,18,2026-06-20,2025-03-26,89,451,Normal wear and tear,False,2,SN92280717,True,"receipt,warranty_card,product_photo,serial_evidence,fault_evidence",0,False,False,Invalid Claim,2025-03-19,2025-02-09,451,0,validation
CLM-000719,Laptop,Electronics,Vertex,VT-15Pro,SN48816900,MegaMart Electronics,2022-12-31,321.52,24,2024-12-20,2024-08-19,597,123,Display fault,True,1,SN48816900,True,"receipt,warranty_card,product_photo,serial_evidence,fault_evidence",0,False,True,Invalid Claim,2024-08-12,2022-10-03,123,0,train
CLM-000720,Smartphone,Electronics,Nova,NV-200,SN93794410,MegaMart Electronics,2023-05-08,127.62,18,2024-10-29,2023-11-07,183,357,Normal wear and tear,False,1,SN75063411,False,"receipt,warranty_card,product_photo,serial_evidence,fault_evidence",0,False,False,Invalid Claim,2023-10-31,2023-05-30,357,0,train
CLM-000721,Washing Machine,Home Appliance,Cleanwave,CW-750D,SN11906295,TechHub Store,2020-09-16,1289.06,18,2022-03-10,2021-07-10,297,243,Battery defect,True,1,SN91043555,False,"receipt,warranty_card,product_photo,serial_evidence,fault_evidence",0,False,False,Invalid Claim,2021-07-03,2020-12-15,243,0,train
CLM-000722,Air Conditioner,Home Appliance,Chillmax,CM-1T,SN75084661,MegaMart Electronics,2025-02-06,799.17,18,2026-07-31,2025-08-14,189,351,Unauthorized repair damage,False,3,SN75084661,True,"receipt,warranty_card,product_photo,serial_evidence,fault_evidence",0,False,False,Invalid Claim,2025-08-07,2025-06-22,351,0,train
CLM-000723,Television,Electronics,Vistara,VS-43,SN76565050,TechHub Store,2024-10-31,296.52,12,2025-10-26,2026-02-19,476,-116,Battery defect,True,0,SN76565050,True,"receipt,warranty_card,product_photo,serial_evidence,fault_evidence",0,False,False,Invalid Claim,2026-02-12,,116,0,train
CLM-000724,Smartphone,Electronics,Nova,NV-X1,SN56315279,MegaMart Electronics,2022-04-25,836.07,24,2024-04-14,2024-02-16,662,58,Physical/drop damage,False,2,SN56315279,True,"receipt,warranty_card,product_photo,serial_evidence,fault_evidence",0,False,False,Invalid Claim,2024-02-09,2023-01-21,58,0,train
CLM-000725,Washing Machine,Home Appliance,Cleanwave,CW-700,SN60975999,TechHub Store,2024-03-27,1387.62,24,2026-03-17,2026-07-03,828,-108,Display fault,True,0,SN62354374,False,"receipt,warranty_card,product_photo,serial_evidence,fault_evidence",0,False,False,Invalid Claim,2026-06-26,,108,0,train
CLM-000726,Refrigerator,Home Appliance,FrostLine,FL-220,SN23068017,CityWide Appliances,2022-08-29,660.16,12,2023-08-24,2023-08-21,357,3,Unauthorized repair damage,False,2,SN23068017,True,"receipt,warranty_card,product_photo,serial_evidence,fault_evidence",0,False,True,Invalid Claim,2023-08-14,2022-06-08,3,0,train
CLM-000727,Air Conditioner,Home Appliance,Chillmax,CM-1.5T,SN97824468,HomeStyle Retail,2021-12-25,350.69,24,2023-12-15,2021-11-20,-35,755,Compressor failure,True,0,SN97824468,True,"receipt,warranty_card,product_photo,serial_evidence,fault_evidence",0,True,False,Invalid Claim,2021-11-19,,755,0,validation
CLM-000728,Washing Machine,Home Appliance,Cleanwave,CW-700,SN52046364,HomeStyle Retail,2022-08-02,937.49,24,2024-07-22,2023-02-27,209,511,Normal wear and tear,False,1,SN52046364,True,"receipt,warranty_card,product_photo,serial_evidence,fault_evidence",0,False,False,Invalid Claim,2023-02-20,2023-01-22,511,0,train
CLM-000729,Smartphone,Electronics,Nova,NV-200,SN57179735,MegaMart Electronics,2020-01-18,597.99,24,2022-01-07,2022-01-23,736,-16,Battery defect,True,1,SN57179735,True,"receipt,warranty_card,product_photo,serial_evidence,fault_evidence",0,False,False,Invalid Claim,2022-01-16,2020-11-04,16,0,train
CLM-000730,Television,Electronics,Vistara,VS-43,SN90448089,TechHub Store,2021-05-30,423.79,12,2022-05-25,2022-08-16,443,-83,Manufacturing defect,True,1,SN90448089,True,"receipt,warranty_card,product_photo,serial_evidence,fault_evidence",0,False,False,Invalid Claim,2022-08-09,2022-05-28,83,0,train
CLM-000731,Television,Electronics,Vistara,VS-43,SN44002147,MegaMart Electronics,2020-09-02,772.41,12,2021-08-28,2021-06-28,299,61,Physical/drop damage,False,2,SN44002147,True,"receipt,warranty_card,product_photo,serial_evidence,fault_evidence",0,False,False,Invalid Claim,2021-06-21,2020-10-11,61,0,validation
CLM-000732,Air Conditioner,Home Appliance,Chillmax,CM-1.5T,SN44539133,MegaMart Electronics,2023-08-01,886.87,12,2024-07-26,2024-07-17,351,9,Compressor failure,True,4,SN19931717,False,"receipt,warranty_card,product_photo,serial_evidence,fault_evidence",0,False,False,Invalid Claim,2024-07-10,2023-12-21,9,0,train
CLM-000733,Washing Machine,Home Appliance,Cleanwave,CW-750D,SN19314506,HomeStyle Retail,2024-05-10,825.13,12,2025-05-05,2024-09-29,142,218,Manufacturing defect,True,1,SN19314506,True,"receipt,warranty_card,product_photo,serial_evidence,fault_evidence",0,False,True,Invalid Claim,2024-09-22,2024-04-14,218,0,train
CLM-000734,Smartphone,Electronics,Nova,NV-200,SN44761889,MegaMart Electronics,2023-06-03,693.73,12,2024-05-28,2023-10-02,121,239,Display fault,True,1,SN19787090,False,"receipt,warranty_card,product_photo,serial_evidence,fault_evidence",0,False,True,Invalid Claim,2023-09-25,2023-05-24,239,0,train
CLM-000735,Washing Machine,Home Appliance,Cleanwave,CW-750D,SN62523472,HomeStyle Retail,2023-03-16,219.11,18,2024-09-06,2023-03-26,10,530,Water damage,False,1,SN62523472,True,"receipt,warranty_card,product_photo,serial_evidence,fault_evidence",0,False,True,Invalid Claim,2023-03-19,2023-01-09,530,0,train
CLM-000736,Smartphone,Electronics,Nova,NV-X1,SN74701849,MegaMart Electronics,2023-12-20,708.14,24,2025-12-09,2024-03-10,81,639,Display fault,True,1,SN74701849,True,"receipt,warranty_card,product_photo,serial_evidence,fault_evidence",0,False,True,Invalid Claim,2024-03-03,2023-10-12,639,0,test
CLM-000737,Smartphone,Electronics,Nova,NV-X1,SN55642455,MegaMart Electronics,2022-01-05,802.48,12,2022-12-31,2022-12-12,341,19,Compressor failure,True,1,SN71691749,False,"receipt,warranty_card,product_photo,serial_evidence,fault_evidence",0,False,False,Invalid Claim,2022-12-05,2022-06-03,19,0,validation
CLM-000738,Smartphone,Electronics,Nova,NV-X1,SN62358969,CityWide Appliances,2023-08-19,804.01,12,2024-08-13,2024-09-29,407,-47,Compressor failure,True,0,SN62358969,True,"receipt,warranty_card,product_photo,serial_evidence,fault_evidence",0,False,False,Invalid Claim,2024-09-22,,47,0,train
CLM-000739,Smartphone,Electronics,Nova,NV-X1,SN42008932,HomeStyle Retail,2023-07-15,480.94,18,2025-01-05,2023-06-20,-25,565,Display fault,True,0,SN18454727,False,"receipt,warranty_card,product_photo,serial_evidence,fault_evidence",0,True,False,Invalid Claim,2023-06-19,,565,0,train
CLM-000740,Smartphone,Electronics,Nova,NV-100,SN55327823,TechHub Store,2024-06-11,468.68,18,2025-12-03,2024-07-07,26,514,Display fault,True,0,SN15746469,False,"receipt,warranty_card,product_photo,serial_evidence,fault_evidence",0,False,False,Invalid Claim,2024-06-30,,514,0,train
CLM-000741,Washing Machine,Home Appliance,Cleanwave,CW-700,SN14949636,TechHub Store,2022-04-10,1069.18,12,2023-04-05,2022-07-05,86,274,Battery defect,True,1,SN14949636,True,"receipt,warranty_card,product_photo,serial_evidence,fault_evidence",0,False,True,Invalid Claim,2022-06-28,2022-02-06,274,0,train
CLM-000742,Smartphone,Electronics,Nova,NV-100,SN94914383,MegaMart Electronics,2023-09-01,661.75,12,2024-08-26,2024-10-20,415,-55,Compressor failure,True,0,SN94914383,True,"receipt,warranty_card,product_photo,serial_evidence,fault_evidence",0,False,False,Invalid Claim,2024-10-13,,55,0,test
CLM-000743,Air Conditioner,Home Appliance,Chillmax,CM-1T,SN24271532,MegaMart Electronics,2021-09-21,1006.73,24,2023-09-11,2023-10-15,754,-34,Component failure,True,2,SN24271532,True,"receipt,warranty_card,product_photo,serial_evidence,fault_evidence",0,False,False,Invalid Claim,2023-10-08,2023-05-24,34,0,train
CLM-000744,Washing Machine,Home Appliance,Cleanwave,CW-750D,SN53518077,MegaMart Electronics,2024-06-24,586.83,18,2025-12-16,2026-05-29,704,-164,Display fault,True,2,SN53518077,True,"receipt,warranty_card,product_photo,serial_evidence,fault_evidence",0,False,False,Invalid Claim,2026-05-22,2026-05-26,164,0,test
CLM-000745,Laptop,Electronics,Vertex,VT-15Pro,SN18485498,MegaMart Electronics,2023-03-25,465.53,18,2024-09-15,2023-05-20,56,484,Component failure,True,2,SN28956482,False,"receipt,warranty_card,product_photo,serial_evidence,fault_evidence",0,False,False,Invalid Claim,2023-05-13,2023-05-13,484,0,train
CLM-000746,Television,Electronics,Vistara,VS-43,SN27900736,MegaMart Electronics,2022-04-30,363.9,12,2023-04-25,2022-09-11,134,226,Display fault,True,2,SN94851724,False,"receipt,warranty_card,product_photo,serial_evidence,fault_evidence",0,False,False,Invalid Claim,2022-09-04,2022-08-05,226,0,train
CLM-000747,Refrigerator,Home Appliance,FrostLine,FL-300X,SN65864403,TechHub Store,2024-05-11,556.94,12,2025-05-06,2025-06-04,389,-29,Component failure,True,2,SN65864403,True,"receipt,warranty_card,product_photo,serial_evidence,fault_evidence",0,False,True,Invalid Claim,2025-05-28,2024-03-11,29,0,train
CLM-000748,Washing Machine,Home Appliance,Cleanwave,CW-700,SN91945021,TechHub Store,2023-11-18,850.92,12,2024-11-12,2024-07-15,240,120,Power surge (external),False,2,SN91945021,True,"receipt,warranty_card,product_photo,serial_evidence,fault_evidence",0,False,False,Invalid Claim,2024-07-08,2024-04-19,120,0,train
CLM-000749,Washing Machine,Home Appliance,Cleanwave,CW-700,SN84854623,MegaMart Electronics,2021-01-03,843.18,18,2022-06-27,2022-08-09,583,-43,Motor malfunction,True,1,SN84854623,True,"receipt,warranty_card,product_photo,serial_evidence,fault_evidence",0,False,False,Invalid Claim,2022-08-02,2021-05-04,43,0,train
CLM-000750,Smartphone,Electronics,Nova,NV-X1,SN98493393,MegaMart Electronics,2022-12-21,962.32,24,2024-12-10,2024-06-02,529,191,Battery defect,True,0,SN17122803,False,"receipt,warranty_card,product_photo,serial_evidence,fault_evidence",0,False,False,Invalid Claim,2024-05-26,,191,0,train
CLM-000751,Smartphone,Electronics,Nova,NV-100,SN17251463,TechHub Store,2021-01-31,604.33,12,2022-01-26,2021-10-22,264,96,Physical/drop damage,False,0,SN17251463,True,"receipt,warranty_card,product_photo,serial_evidence,fault_evidence",0,False,False,Invalid Claim,2021-10-15,,96,0,train
CLM-000752,Smartphone,Electronics,Nova,NV-100,SN82123324,MegaMart Electronics,2021-08-06,369.69,12,2022-08-01,2021-09-07,32,328,Display fault,True,0,SN13901068,False,"receipt,warranty_card,product_photo,serial_evidence,fault_evidence",0,False,False,Invalid Claim,2021-08-31,,328,0,validation
CLM-000753,Laptop,Electronics,Vertex,VT-15Pro,SN66246123,MegaMart Electronics,2022-09-20,552.35,18,2024-03-13,2024-09-11,722,-182,Compressor failure,True,1,SN66246123,True,"receipt,warranty_card,product_photo,serial_evidence,fault_evidence",0,False,False,Invalid Claim,2024-09-04,2024-08-14,182,0,test
CLM-000754,Washing Machine,Home Appliance,Cleanwave,CW-750D,SN36837617,HomeStyle Retail,2025-01-13,1085.39,12,2026-01-08,2026-10-22,647,-287,Manufacturing defect,True,4,SN36837617,True,"receipt,warranty_card,product_photo,serial_evidence,fault_evidence",0,False,False,Invalid Claim,2026-10-15,2025-08-27,287,0,train
CLM-000755,Washing Machine,Home Appliance,Cleanwave,CW-750D,SN36059032,TechHub Store,2020-05-30,1537.66,12,2021-05-25,2020-04-10,-50,410,Normal wear and tear,False,0,SN36059032,True,"receipt,warranty_card,product_photo,serial_evidence,fault_evidence",0,True,False,Invalid Claim,2020-04-09,,410,0,validation
CLM-000756,Laptop,Electronics,Vertex,VT-14,SN56113991,MegaMart Electronics,2021-07-06,339.88,12,2022-07-01,2021-05-07,-60,420,Physical/drop damage,False,0,SN56113991,True,"receipt,warranty_card,product_photo,serial_evidence,fault_evidence",0,True,False,Invalid Claim,2021-05-06,,420,0,train
CLM-000757,Laptop,Electronics,Vertex,VT-15Pro,SN39050434,HomeStyle Retail,2021-08-27,746.89,18,2023-02-18,2022-04-29,245,295,Water damage,False,1,SN39050434,True,"receipt,warranty_card,product_photo,serial_evidence,fault_evidence",0,False,False,Invalid Claim,2022-04-22,2022-03-30,295,0,validation
CLM-000758,Washing Machine,Home Appliance,Cleanwave,CW-700,SN87000815,CityWide Appliances,2022-08-05,906.03,12,2023-07-31,2022-05-22,-75,435,Component failure,True,0,SN87000815,True,"receipt,warranty_card,product_photo,serial_evidence,fault_evidence",0,True,False,Invalid Claim,2022-05-21,,435,0,test
CLM-000759,Air Conditioner,Home Appliance,Chillmax,CM-1T,SN67136170,HomeStyle Retail,2022-05-05,598.72,24,2024-04-24,2024-08-09,827,-107,Compressor failure,True,2,SN67136170,True,"receipt,warranty_card,product_photo,serial_evidence,fault_evidence",0,False,False,Invalid Claim,2024-08-02,2023-09-08,107,0,train
CLM-000760,Smartphone,Electronics,Nova,NV-100,SN64575354,CityWide Appliances,2024-07-16,757.47,24,2026-07-06,2026-07-22,736,-16,Component failure,True,0,SN64575354,True,"receipt,warranty_card,product_photo,serial_evidence,fault_evidence",0,False,False,Invalid Claim,2026-07-15,,16,0,validation
CLM-000761,Refrigerator,Home Appliance,FrostLine,FL-220,SN71643898,CityWide Appliances,2020-09-28,1094.82,12,2021-09-23,2020-10-16,18,342,Power surge (external),False,0,SN71643898,True,"receipt,warranty_card,product_photo,serial_evidence,fault_evidence",0,False,False,Invalid Claim,2020-10-09,,342,0,validation
CLM-000762,Refrigerator,Home Appliance,FrostLine,FL-220,SN94195455,MegaMart Electronics,2024-03-10,834.64,18,2025-09-01,2024-01-22,-48,588,Component failure,True,0,SN94195455,True,"receipt,warranty_card,product_photo,serial_evidence,fault_evidence",0,True,False,Invalid Claim,2024-01-21,,588,0,train
CLM-000763,Refrigerator,Home Appliance,FrostLine,FL-220,SN20866138,HomeStyle Retail,2025-01-03,1047.92,18,2026-06-27,2026-08-15,589,-49,Motor malfunction,True,0,SN20866138,True,"receipt,warranty_card,product_photo,serial_evidence,fault_evidence",0,False,False,Invalid Claim,2026-08-08,,49,0,train
CLM-000764,Washing Machine,Home Appliance,Cleanwave,CW-700,SN24893677,HomeStyle Retail,2021-11-18,1124.94,18,2023-05-12,2023-07-16,605,-65,Compressor failure,True,0,SN24893677,True,"receipt,warranty_card,product_photo,serial_evidence,fault_evidence",0,False,False,Invalid Claim,2023-07-09,,65,0,test
CLM-000765,Laptop,Electronics,Vertex,VT-14,SN28576512,CityWide Appliances,2022-08-11,1127.69,18,2024-02-02,2022-10-28,78,462,Compressor failure,True,0,SN42028739,False,"receipt,warranty_card,product_photo,serial_evidence,fault_evidence",0,False,False,Invalid Claim,2022-10-21,,462,0,test
CLM-000766,Air Conditioner,Home Appliance,Chillmax,CM-1.5T,SN57340158,CityWide Appliances,2023-01-10,822.19,12,2024-01-05,2023-05-07,117,243,Battery defect,True,1,SN57340158,True,"receipt,warranty_card,product_photo,serial_evidence,fault_evidence",0,False,True,Invalid Claim,2023-04-30,2022-11-06,243,0,train
CLM-000767,Laptop,Electronics,Vertex,VT-14,SN73104323,TechHub Store,2023-10-25,502.27,12,2024-10-19,2025-06-17,601,-241,Display fault,True,4,SN81518649,False,"receipt,warranty_card,product_photo,serial_evidence,fault_evidence",0,False,False,Invalid Claim,2025-06-10,2024-08-20,241,0,train
CLM-000768,Smartphone,Electronics,Nova,NV-100,SN48704726,CityWide Appliances,2022-07-14,950.6,18,2024-01-05,2024-02-28,594,-54,Manufacturing defect,True,1,SN20327693,False,"receipt,warranty_card,product_photo,serial_evidence,fault_evidence",0,False,False,Invalid Claim,2024-02-21,2022-11-03,54,0,validation
CLM-000769,Washing Machine,Home Appliance,Cleanwave,CW-700,SN73606441,MegaMart Electronics,2020-12-03,279.42,12,2021-11-28,2021-09-05,276,84,Water damage,False,1,SN73606441,True,"receipt,warranty_card,product_photo,serial_evidence,fault_evidence",0,False,False,Invalid Claim,2021-08-29,2021-07-19,84,0,train
CLM-000770,Air Conditioner,Home Appliance,Chillmax,CM-1.5T,SN65256328,HomeStyle Retail,2024-02-19,1181.17,18,2025-08-12,2025-09-15,574,-34,Component failure,True,1,SN98014684,False,"receipt,warranty_card,product_photo,serial_evidence,fault_evidence",0,False,False,Invalid Claim,2025-09-08,2025-01-19,34,0,validation
CLM-000771,Washing Machine,Home Appliance,Cleanwave,CW-750D,SN40438156,HomeStyle Retail,2022-09-22,419.22,18,2024-03-15,2023-02-14,145,395,Battery defect,True,1,SN40438156,True,"receipt,warranty_card,product_photo,serial_evidence,fault_evidence",0,False,True,Invalid Claim,2023-02-07,2022-08-16,395,0,test
CLM-000772,Television,Electronics,Vistara,VS-55UHD,SN34465275,CityWide Appliances,2024-04-25,657.41,24,2026-04-15,2024-10-22,180,540,Normal wear and tear,False,0,SN34465275,True,"receipt,warranty_card,product_photo,serial_evidence,fault_evidence",0,False,False,Invalid Claim,2024-10-15,,540,0,train
CLM-000773,Laptop,Electronics,Vertex,VT-15Pro,SN44951262,HomeStyle Retail,2024-09-14,557.4,18,2026-03-08,2026-04-09,572,-32,Unauthorized repair damage,False,2,SN44951262,True,"receipt,warranty_card,product_photo,serial_evidence,fault_evidence",0,False,False,Invalid Claim,2026-04-02,2025-04-13,32,0,train
CLM-000774,Laptop,Electronics,Vertex,VT-14,SN81624345,MegaMart Electronics,2023-02-25,806.14,18,2024-08-18,2024-03-22,391,149,Component failure,True,2,SN13345404,False,"receipt,warranty_card,product_photo,serial_evidence,fault_evidence",0,False,False,Invalid Claim,2024-03-15,2023-09-21,149,0,test
CLM-000775,Laptop,Electronics,Vertex,VT-15Pro,SN96871612,TechHub Store,2022-10-19,445.53,24,2024-10-08,2022-11-02,14,706,Component failure,True,5,SN96871612,True,"receipt,warranty_card,product_photo,serial_evidence,fault_evidence",0,False,True,Invalid Claim,2022-10-26,2022-08-19,706,0,train
CLM-000776,Refrigerator,Home Appliance,FrostLine,FL-300X,SN15379569,MegaMart Electronics,2025-01-08,480.95,12,2026-01-03,2025-09-01,236,124,Unauthorized repair damage,False,1,SN15379569,True,"receipt,warranty_card,product_photo,serial_evidence,fault_evidence",0,False,False,Invalid Claim,2025-08-25,2025-05-30,124,0,train
CLM-000777,Smartphone,Electronics,Nova,NV-X1,SN36192555,HomeStyle Retail,2020-08-27,365.08,12,2021-08-22,2020-07-16,-42,402,Component failure,True,0,SN36192555,True,"receipt,warranty_card,product_photo,serial_evidence,fault_evidence",0,True,False,Invalid Claim,2020-07-15,,402,0,test
CLM-000778,Air Conditioner,Home Appliance,Chillmax,CM-1T,SN78690958,HomeStyle Retail,2021-03-30,1014.54,24,2023-03-20,2023-04-10,741,-21,Battery defect,True,0,SN75829146,False,"receipt,warranty_card,product_photo,serial_evidence,fault_evidence",0,False,False,Invalid Claim,2023-04-03,,21,0,train
CLM-000779,Washing Machine,Home Appliance,Cleanwave,CW-750D,SN59610894,HomeStyle Retail,2021-10-12,79.67,18,2023-04-05,2023-12-30,809,-269,Motor malfunction,True,2,SN59610894,True,"receipt,warranty_card,product_photo,serial_evidence,fault_evidence",0,False,False,Invalid Claim,2023-12-23,2021-10-25,269,0,train
CLM-000780,Smartphone,Electronics,Nova,NV-200,SN65782199,TechHub Store,2021-08-05,695.26,12,2022-07-31,2021-09-28,54,306,Battery defect,True,3,SN48739802,False,"receipt,warranty_card,product_photo,serial_evidence,fault_evidence",0,False,False,Invalid Claim,2021-09-21,2021-08-16,306,0,validation
CLM-000781,Laptop,Electronics,Vertex,VT-14,SN37888268,MegaMart Electronics,2024-07-08,674.9,18,2025-12-30,2024-12-07,152,388,Display fault,True,1,SN37888268,True,"receipt,warranty_card,product_photo,serial_evidence,fault_evidence",0,False,True,Invalid Claim,2024-11-30,2024-05-01,388,0,train
CLM-000782,Refrigerator,Home Appliance,FrostLine,FL-220,SN36743897,MegaMart Electronics,2021-11-17,1231.55,12,2022-11-12,2021-09-18,-60,420,Power surge (external),False,0,SN36743897,True,"receipt,warranty_card,product_photo,serial_evidence,fault_evidence",0,True,False,Invalid Claim,2021-09-17,,420,0,train
CLM-000783,Laptop,Electronics,Vertex,VT-14,SN10328387,MegaMart Electronics,2022-02-20,729.1,12,2023-02-15,2022-08-04,165,195,Power surge (external),False,1,SN10328387,True,"receipt,warranty_card,product_photo,serial_evidence,fault_evidence",0,False,True,Invalid Claim,2022-07-28,2022-01-12,195,0,train
CLM-000784,Refrigerator,Home Appliance,FrostLine,FL-220,SN26019511,TechHub Store,2023-08-04,746.52,24,2025-07-24,2023-05-07,-89,809,Motor malfunction,True,0,SN76176080,False,"receipt,warranty_card,product_photo,serial_evidence,fault_evidence",0,True,False,Invalid Claim,2023-05-06,,809,0,train
CLM-000785,Television,Electronics,Vistara,VS-55UHD,SN26050250,HomeStyle Retail,2020-05-16,483.58,18,2021-11-07,2021-08-15,456,84,Battery defect,True,1,SN87210585,False,"receipt,warranty_card,product_photo,serial_evidence,fault_evidence",0,False,False,Invalid Claim,2021-08-08,2020-05-25,84,0,train
CLM-000786,Smartphone,Electronics,Nova,NV-100,SN17098551,MegaMart Electronics,2024-09-27,417.22,12,2025-09-22,2025-10-07,375,-15,Compressor failure,True,2,SN66306216,False,"receipt,warranty_card,product_photo,serial_evidence,fault_evidence",0,False,False,Invalid Claim,2025-09-30,2025-08-19,15,0,train
CLM-000787,Refrigerator,Home Appliance,FrostLine,FL-220,SN78969993,MegaMart Electronics,2025-02-10,1109.89,24,2027-01-31,2027-05-23,832,-112,Battery defect,True,1,SN78969993,True,"receipt,warranty_card,product_photo,serial_evidence,fault_evidence",0,False,False,Invalid Claim,2027-05-16,2026-11-16,112,0,train
CLM-000788,Washing Machine,Home Appliance,Cleanwave,CW-750D,SN22862542,HomeStyle Retail,2021-01-10,1045.72,24,2022-12-31,2022-12-22,711,9,Unauthorized repair damage,False,1,SN22862542,True,"receipt,warranty_card,product_photo,serial_evidence,fault_evidence",0,False,False,Invalid Claim,2022-12-15,2022-01-06,9,0,train
CLM-000789,Washing Machine,Home Appliance,Cleanwave,CW-700,SN23746292,MegaMart Electronics,2024-08-13,753.71,12,2025-08-08,2025-04-28,258,102,Power surge (external),False,4,SN23746292,True,"receipt,warranty_card,product_photo,serial_evidence,fault_evidence",0,False,False,Invalid Claim,2025-04-21,2025-04-28,102,0,validation
CLM-000790,Smartphone,Electronics,Nova,NV-100,SN12332623,HomeStyle Retail,2021-03-28,755.12,24,2023-03-18,2023-05-16,779,-59,Manufacturing defect,True,2,SN12332623,True,"receipt,warranty_card,product_photo,serial_evidence,fault_evidence",0,False,False,Invalid Claim,2023-05-09,2022-02-11,59,0,train
CLM-000791,Washing Machine,Home Appliance,Cleanwave,CW-750D,SN13860039,TechHub Store,2023-11-16,1467.68,12,2024-11-10,2024-08-19,277,83,Battery defect,True,1,SN13860039,True,"receipt,warranty_card,product_photo,serial_evidence,fault_evidence",0,False,True,Invalid Claim,2024-08-12,2023-10-31,83,0,train
CLM-000792,Smartphone,Electronics,Nova,NV-100,SN67016371,TechHub Store,2021-03-31,737.16,12,2022-03-26,2021-06-13,74,286,Physical/drop damage,False,3,SN67016371,True,"receipt,warranty_card,product_photo,serial_evidence,fault_evidence",0,False,False,Invalid Claim,2021-06-06,2021-04-15,286,0,train
CLM-000793,Laptop,Electronics,Vertex,VT-14,SN72959166,MegaMart Electronics,2020-06-08,797.98,12,2021-06-03,2020-03-15,-85,445,Manufacturing defect,True,0,SN72959166,True,"receipt,warranty_card,product_photo,serial_evidence,fault_evidence",0,True,False,Invalid Claim,2020-03-14,,445,0,validation
CLM-000794,Television,Electronics,Vistara,VS-43,SN88866745,CityWide Appliances,2021-06-02,308.05,12,2022-05-28,2021-08-14,73,287,Manufacturing defect,True,1,SN34800996,False,"receipt,warranty_card,product_photo,serial_evidence,fault_evidence",0,False,False,Invalid Claim,2021-08-07,2021-07-17,287,0,test
CLM-000795,Smartphone,Electronics,Nova,NV-X1,SN92269619,MegaMart Electronics,2020-02-29,1104.01,12,2021-02-23,2020-09-06,190,170,Motor malfunction,True,3,SN86535694,False,"receipt,warranty_card,product_photo,serial_evidence,fault_evidence",0,False,False,Invalid Claim,2020-08-30,2020-03-18,170,0,train
CLM-000796,Smartphone,Electronics,Nova,NV-200,SN33055043,CityWide Appliances,2020-07-21,1357.51,24,2022-07-11,2022-11-15,847,-127,Compressor failure,True,3,SN33055043,True,"receipt,warranty_card,product_photo,serial_evidence,fault_evidence",0,False,False,Invalid Claim,2022-11-08,2022-01-23,127,0,validation
CLM-000797,Air Conditioner,Home Appliance,Chillmax,CM-1.5T,SN59185834,TechHub Store,2020-01-09,1164.27,24,2021-12-29,2022-07-10,913,-193,Battery defect,True,0,SN59185834,True,"receipt,warranty_card,product_photo,serial_evidence,fault_evidence",0,False,False,Invalid Claim,2022-07-03,,193,0,train
CLM-000798,Laptop,Electronics,Vertex,VT-14,SN64704189,MegaMart Electronics,2021-01-14,509.57,12,2022-01-09,2022-03-03,413,-53,Display fault,True,3,SN52181984,False,"receipt,warranty_card,product_photo,serial_evidence,fault_evidence",0,False,False,Invalid Claim,2022-02-24,2021-03-19,53,0,train
CLM-000799,Refrigerator,Home Appliance,FrostLine,FL-220,SN54038904,HomeStyle Retail,2022-08-12,1044.2,12,2023-08-07,2023-01-16,157,203,Normal wear and tear,False,2,SN54038904,True,"receipt,warranty_card,product_photo,serial_evidence,fault_evidence",0,False,False,Invalid Claim,2023-01-09,2022-11-19,203,0,train
CLM-000800,Laptop,Electronics,Vertex,VT-15Pro,SN67440042,MegaMart Electronics,2021-08-03,1030.95,12,2022-07-29,2021-12-06,125,235,Display fault,True,0,SN19342782,False,"receipt,warranty_card,product_photo,serial_evidence,fault_evidence",0,False,False,Invalid Claim,2021-11-29,,235,0,train
CLM-000801,Laptop,Electronics,Vertex,VT-14,SN63199848,HomeStyle Retail,2025-01-06,808.23,24,2026-12-27,2024-10-11,-87,807,Motor malfunction,True,0,SN63199848,True,"receipt,warranty_card,product_photo,serial_evidence,fault_evidence",0,True,False,Invalid Claim,2024-10-10,,807,0,validation
CLM-000802,Laptop,Electronics,Vertex,VT-14,SN32645646,MegaMart Electronics,2023-09-10,843.17,18,2025-03-03,2025-08-29,719,-179,Compressor failure,True,0,SN36720922,False,"receipt,warranty_card,product_photo,serial_evidence,fault_evidence",0,False,False,Invalid Claim,2025-08-22,,179,0,train
CLM-000803,Air Conditioner,Home Appliance,Chillmax,CM-1.5T,SN96413557,CityWide Appliances,2021-11-24,421.87,12,2022-11-19,2022-08-16,265,95,Unauthorized repair damage,False,4,SN96413557,True,"receipt,warranty_card,product_photo,serial_evidence,fault_evidence",0,False,True,Invalid Claim,2022-08-09,2021-10-09,95,0,train
CLM-000804,Smartphone,Electronics,Nova,NV-200,SN75678288,HomeStyle Retail,2022-09-01,568.78,18,2024-02-23,2022-07-04,-59,599,Battery defect,True,0,SN75678288,True,"receipt,warranty_card,product_photo,serial_evidence,fault_evidence",0,True,False,Invalid Claim,2022-07-03,,599,0,validation
CLM-000805,Refrigerator,Home Appliance,FrostLine,FL-220,SN61356129,HomeStyle Retail,2023-07-10,221.7,24,2025-06-29,2025-12-05,879,-159,Power surge (external),False,0,SN61356129,True,"receipt,warranty_card,product_photo,serial_evidence,fault_evidence",0,False,False,Invalid Claim,2025-11-28,,159,0,train
CLM-000806,Air Conditioner,Home Appliance,Chillmax,CM-1.5T,SN72548391,MegaMart Electronics,2021-10-31,1245.6,12,2022-10-26,2023-05-09,555,-195,Compressor failure,True,0,SN72548391,True,"receipt,warranty_card,product_photo,serial_evidence,fault_evidence",0,False,False,Invalid Claim,2023-05-02,,195,0,train
CLM-000807,Smartphone,Electronics,Nova,NV-100,SN67768169,CityWide Appliances,2023-09-17,395.85,12,2024-09-11,2024-07-02,289,71,Battery defect,True,3,SN25989909,False,"receipt,warranty_card,product_photo,serial_evidence,fault_evidence",0,False,False,Invalid Claim,2024-06-25,2024-04-01,71,0,test
CLM-000808,Television,Electronics,Vistara,VS-55UHD,SN32031067,HomeStyle Retail,2022-07-10,419.75,12,2023-07-05,2022-04-16,-85,445,Manufacturing defect,True,0,SN32031067,True,"receipt,warranty_card,product_photo,serial_evidence,fault_evidence",0,True,False,Invalid Claim,2022-04-15,,445,0,train
CLM-000809,Refrigerator,Home Appliance,FrostLine,FL-300X,SN73875700,HomeStyle Retail,2020-10-02,783.68,12,2021-09-27,2021-07-30,301,59,Manufacturing defect,True,1,SN73875700,True,"receipt,warranty_card,product_photo,serial_evidence,fault_evidence",0,False,True,Invalid Claim,2021-07-23,2020-09-11,59,0,test
CLM-000810,Refrigerator,Home Appliance,FrostLine,FL-300X,SN53014471,MegaMart Electronics,2022-11-03,945.17,12,2023-10-29,2023-09-24,325,35,Display fault,True,1,SN89250658,False,"receipt,warranty_card,product_photo,serial_evidence,fault_evidence",0,False,False,Invalid Claim,2023-09-17,2022-11-27,35,0,validation
CLM-000811,Air Conditioner,Home Appliance,Chillmax,CM-1.5T,SN61079694,MegaMart Electronics,2020-09-19,420.46,24,2022-09-09,2020-10-26,37,683,Battery defect,True,2,SN56324312,False,"receipt,warranty_card,product_photo,serial_evidence,fault_evidence",0,False,False,Invalid Claim,2020-10-19,2020-10-12,683,0,train
CLM-000812,Smartphone,Electronics,Nova,NV-X1,SN18791292,CityWide Appliances,2022-04-23,903.14,12,2023-04-18,2022-10-09,169,191,Normal wear and tear,False,1,SN18791292,True,"receipt,warranty_card,product_photo,serial_evidence,fault_evidence",0,False,False,Invalid Claim,2022-10-02,2022-05-23,191,0,train
CLM-000813,Laptop,Electronics,Vertex,VT-14,SN73042053,HomeStyle Retail,2021-11-22,1062.54,12,2022-11-17,2022-09-18,300,60,Display fault,True,1,SN52481834,False,"receipt,warranty_card,product_photo,serial_evidence,fault_evidence",0,False,True,Invalid Claim,2022-09-11,2021-10-04,60,0,train
CLM-000814,Refrigerator,Home Appliance,FrostLine,FL-220,SN55092789,HomeStyle Retail,2023-03-14,692.91,12,2024-03-08,2024-05-04,417,-57,Manufacturing defect,True,4,SN55092789,True,"receipt,warranty_card,product_photo,serial_evidence,fault_evidence",0,False,False,Invalid Claim,2024-04-27,2024-05-03,57,0,test
CLM-000815,Laptop,Electronics,Vertex,VT-14,SN81918425,MegaMart Electronics,2024-04-15,995.88,18,2025-10-07,2025-07-15,456,84,Physical/drop damage,False,0,SN81918425,True,"receipt,warranty_card,product_photo,serial_evidence,fault_evidence",0,False,False,Invalid Claim,2025-07-08,,84,0,train
CLM-000816,Laptop,Electronics,Vertex,VT-15Pro,SN46690420,MegaMart Electronics,2021-06-27,537.44,12,2022-06-22,2021-08-23,57,303,Battery defect,True,1,SN46690420,True,"receipt,warranty_card,product_photo,serial_evidence,fault_evidence",0,False,True,Invalid Claim,2021-08-16,2021-04-20,303,0,test
CLM-000817,Laptop,Electronics,Vertex,VT-15Pro,SN68104261,TechHub Store,2022-08-31,728.21,12,2023-08-26,2023-02-11,164,196,Compressor failure,True,0,SN52057523,False,"receipt,warranty_card,product_photo,serial_evidence,fault_evidence",0,False,False,Invalid Claim,2023-02-04,,196,0,train
CLM-000818,Air Conditioner,Home Appliance,Chillmax,CM-1T,SN12496895,HomeStyle Retail,2021-02-13,884.67,12,2022-02-08,2022-02-01,353,7,Display fault,True,1,SN79286427,False,"receipt,warranty_card,product_photo,serial_evidence,fault_evidence",0,False,False,Invalid Claim,2022-01-25,2021-05-20,7,0,train
CLM-000819,Air Conditioner,Home Appliance,Chillmax,CM-1.5T,SN85982862,TechHub Store,2023-03-27,1376.78,12,2024-03-21,2024-01-03,282,78,Compressor failure,True,2,SN85982862,True,"receipt,warranty_card,product_photo,serial_evidence,fault_evidence",0,False,True,Invalid Claim,2023-12-27,2023-03-19,78,0,train
CLM-000820,Washing Machine,Home Appliance,Cleanwave,CW-750D,SN65064200,MegaMart Electronics,2022-12-05,706.79,12,2023-11-30,2024-01-29,420,-60,Compressor failure,True,1,SN65064200,True,"receipt,warranty_card,product_photo,serial_evidence,fault_evidence",0,False,True,Invalid Claim,2024-01-22,2022-11-26,60,0,test
CLM-000821,Refrigerator,Home Appliance,FrostLine,FL-300X,SN42008703,MegaMart Electronics,2023-07-22,349.55,12,2024-07-16,2023-04-25,-88,448,Motor malfunction,True,0,SN42008703,True,"receipt,warranty_card,product_photo,serial_evidence,fault_evidence",0,True,False,Invalid Claim,2023-04-24,,448,0,train
CLM-000822,Laptop,Electronics,Vertex,VT-14,SN37110707,MegaMart Electronics,2021-01-28,620.87,12,2022-01-23,2021-09-18,233,127,Battery defect,True,2,SN28311409,False,"receipt,warranty_card,product_photo,serial_evidence,fault_evidence",0,False,False,Invalid Claim,2021-09-11,2021-02-05,127,0,train
CLM-000823,Air Conditioner,Home Appliance,Chillmax,CM-1.5T,SN12672106,MegaMart Electronics,2021-06-13,727.8,24,2023-06-03,2023-04-13,669,51,Component failure,True,2,SN21264832,False,"receipt,warranty_card,product_photo,serial_evidence,fault_evidence",0,False,False,Invalid Claim,2023-04-06,2022-05-01,51,0,train
CLM-000824,Television,Electronics,Vistara,VS-43,SN63270351,CityWide Appliances,2023-05-17,588.2,12,2024-05-11,2024-06-23,403,-43,Display fault,True,0,SN63270351,True,"receipt,warranty_card,product_photo,serial_evidence,fault_evidence",0,False,False,Invalid Claim,2024-06-16,,43,0,train
CLM-000825,Laptop,Electronics,Vertex,VT-15Pro,SN76632538,CityWide Appliances,2024-01-23,920.7,24,2026-01-12,2024-06-04,133,587,Normal wear and tear,False,1,SN76632538,True,"receipt,warranty_card,product_photo,serial_evidence,fault_evidence",0,False,True,Invalid Claim,2024-05-28,2023-12-23,587,0,train
CLM-000826,Air Conditioner,Home Appliance,Chillmax,CM-1T,SN66756516,MegaMart Electronics,2023-05-13,1219.31,12,2024-05-07,2023-12-08,209,151,Battery defect,True,1,SN24336334,False,"receipt,warranty_card,product_photo,serial_evidence,fault_evidence",0,False,False,Invalid Claim,2023-12-01,2023-06-27,151,0,train
CLM-000827,Refrigerator,Home Appliance,FrostLine,FL-220,SN52478561,HomeStyle Retail,2021-03-14,832.3,24,2023-03-04,2021-01-25,-48,768,Battery defect,True,0,SN52478561,True,"receipt,warranty_card,product_photo,serial_evidence,fault_evidence",0,True,False,Invalid Claim,2021-01-24,,768,0,validation
CLM-000828,Laptop,Electronics,Vertex,VT-15Pro,SN51362065,MegaMart Electronics,2022-08-30,712.97,18,2024-02-21,2023-09-15,381,159,Component failure,True,0,SN91311077,False,"receipt,warranty_card,product_photo,serial_evidence,fault_evidence",0,False,False,Invalid Claim,2023-09-08,,159,0,validation
CLM-000829,Washing Machine,Home Appliance,Cleanwave,CW-750D,SN51509315,TechHub Store,2020-03-12,796.96,24,2022-03-02,2022-06-03,813,-93,Compressor failure,True,3,SN51509315,True,"receipt,warranty_card,product_photo,serial_evidence,fault_evidence",0,False,False,Invalid Claim,2022-05-27,2022-02-28,93,0,test
CLM-000830,Air Conditioner,Home Appliance,Chillmax,CM-1.5T,SN11055770,CityWide Appliances,2022-01-13,388.58,24,2024-01-03,2024-04-27,835,-115,Component failure,True,1,SN11055770,True,"receipt,warranty_card,product_photo,serial_evidence,fault_evidence",0,False,False,Invalid Claim,2024-04-20,2023-02-20,115,0,train
CLM-000831,Washing Machine,Home Appliance,Cleanwave,CW-700,SN68900892,TechHub Store,2025-02-22,627.72,12,2026-02-17,2026-03-04,375,-15,Component failure,True,3,SN68900892,True,"receipt,warranty_card,product_photo,serial_evidence,fault_evidence",0,False,False,Invalid Claim,2026-02-25,2026-01-18,15,0,test
CLM-000832,Refrigerator,Home Appliance,FrostLine,FL-300X,SN66689004,CityWide Appliances,2022-04-12,855.61,24,2024-04-01,2023-08-17,492,228,Display fault,True,2,SN23474864,False,"receipt,warranty_card,product_photo,serial_evidence,fault_evidence",0,False,False,Invalid Claim,2023-08-10,2023-06-09,228,0,train
CLM-000833,Refrigerator,Home Appliance,FrostLine,FL-300X,SN70835762,TechHub Store,2020-11-24,1394.0,18,2022-05-18,2022-08-21,635,-95,Battery defect,True,0,SN70835762,True,"receipt,warranty_card,product_photo,serial_evidence,fault_evidence",0,False,False,Invalid Claim,2022-08-14,,95,0,train
CLM-000834,Laptop,Electronics,Vertex,VT-15Pro,SN52107027,HomeStyle Retail,2024-04-09,943.56,12,2025-04-04,2024-06-27,79,281,Water damage,False,1,SN52107027,True,"receipt,warranty_card,product_photo,serial_evidence,fault_evidence",0,False,False,Invalid Claim,2024-06-20,2024-04-24,281,0,train
CLM-000835,Laptop,Electronics,Vertex,VT-14,SN44987861,MegaMart Electronics,2020-11-19,716.94,12,2021-11-14,2021-06-27,220,140,Unauthorized repair damage,False,1,SN44987861,True,"receipt,warranty_card,product_photo,serial_evidence,fault_evidence",0,False,False,Invalid Claim,2021-06-20,2021-04-20,140,0,train
CLM-000836,Television,Electronics,Vistara,VS-43,SN12782955,CityWide Appliances,2024-08-20,596.67,12,2025-08-15,2024-12-01,103,257,Power surge (external),False,1,SN84964625,False,"receipt,warranty_card,product_photo,serial_evidence,fault_evidence",0,False,False,Invalid Claim,2024-11-24,2024-11-11,257,0,train
CLM-000837,Washing Machine,Home Appliance,Cleanwave,CW-700,SN16681756,HomeStyle Retail,2023-06-07,1437.08,18,2024-11-28,2025-01-10,583,-43,Component failure,True,2,SN16681756,True,"receipt,warranty_card,product_photo,serial_evidence,fault_evidence",0,False,False,Invalid Claim,2025-01-03,2024-08-20,43,0,train
CLM-000838,Television,Electronics,Vistara,VS-43,SN11894470,TechHub Store,2023-05-14,581.57,12,2024-05-08,2025-02-19,647,-287,Component failure,True,5,SN11894470,True,"receipt,warranty_card,product_photo,serial_evidence,fault_evidence",0,False,False,Invalid Claim,2025-02-12,2024-08-02,287,0,validation
CLM-000839,Smartphone,Electronics,Nova,NV-200,SN48649601,TechHub Store,2024-05-02,972.37,24,2026-04-22,2024-04-05,-27,747,Display fault,True,0,SN48649601,True,"receipt,warranty_card,product_photo,serial_evidence,fault_evidence",0,True,False,Invalid Claim,2024-04-04,,747,0,train
CLM-000840,Laptop,Electronics,Vertex,VT-15Pro,SN29588118,MegaMart Electronics,2022-02-21,805.0,12,2023-02-16,2023-02-12,356,4,Physical/drop damage,False,2,SN29588118,True,"receipt,warranty_card,product_photo,serial_evidence,fault_evidence",0,False,False,Invalid Claim,2023-02-05,2022-07-06,4,0,test
CLM-000841,Smartphone,Electronics,Nova,NV-100,SN53385340,CityWide Appliances,2021-04-27,259.2,18,2022-10-19,2022-08-19,479,61,Water damage,False,2,SN53385340,True,"receipt,warranty_card,product_photo,serial_evidence,fault_evidence",0,False,False,Invalid Claim,2022-08-12,2021-11-17,61,0,train
CLM-000842,Laptop,Electronics,Vertex,VT-14,SN54676053,CityWide Appliances,2023-11-07,714.81,12,2024-11-01,2023-10-25,-13,373,Compressor failure,True,0,SN54676053,True,"receipt,warranty_card,product_photo,serial_evidence,fault_evidence",0,True,False,Invalid Claim,2023-10-24,,373,0,train
CLM-000843,Refrigerator,Home Appliance,FrostLine,FL-220,SN85102924,MegaMart Electronics,2022-08-22,709.15,24,2024-08-11,2022-07-02,-51,771,Battery defect,True,0,SN85102924,True,"receipt,warranty_card,product_photo,serial_evidence,fault_evidence",0,True,False,Invalid Claim,2022-07-01,,771,0,train
CLM-000844,Laptop,Electronics,Vertex,VT-15Pro,SN25682275,MegaMart Electronics,2021-01-02,1041.16,12,2021-12-28,2020-10-26,-68,428,Display fault,True,0,SN25682275,True,"receipt,warranty_card,product_photo,serial_evidence,fault_evidence",0,True,False,Invalid Claim,2020-10-25,,428,0,test
CLM-000845,Television,Electronics,Vistara,VS-55UHD,SN92266282,TechHub Store,2020-09-18,561.93,12,2021-09-13,2021-02-19,154,206,Display fault,True,1,SN45400991,False,"receipt,warranty_card,product_photo,serial_evidence,fault_evidence",0,False,False,Invalid Claim,2021-02-12,2021-01-29,206,0,test
CLM-000846,Air Conditioner,Home Appliance,Chillmax,CM-1.5T,SN17143361,MegaMart Electronics,2021-10-03,885.7,12,2022-09-28,2021-12-29,87,273,Normal wear and tear,False,0,SN17143361,True,"receipt,warranty_card,product_photo,serial_evidence,fault_evidence",0,False,False,Invalid Claim,2021-12-22,,273,0,test
CLM-000847,Refrigerator,Home Appliance,FrostLine,FL-300X,SN25572483,CityWide Appliances,2020-04-21,744.67,12,2021-04-16,2021-06-30,435,-75,Component failure,True,1,SN25572483,True,"receipt,warranty_card,product_photo,serial_evidence,fault_evidence",0,False,False,Invalid Claim,2021-06-23,2020-12-31,75,0,train
CLM-000848,Smartphone,Electronics,Nova,NV-200,SN34247098,TechHub Store,2020-03-24,978.43,12,2021-03-19,2020-03-12,-12,372,Manufacturing defect,True,0,SN34247098,True,"receipt,warranty_card,product_photo,serial_evidence,fault_evidence",0,True,False,Invalid Claim,2020-03-11,,372,0,train
CLM-000849,Laptop,Electronics,Vertex,VT-14,SN80600592,TechHub Store,2024-03-15,773.47,18,2025-09-06,2024-10-28,227,313,Compressor failure,True,3,SN34235540,False,"receipt,warranty_card,product_photo,serial_evidence,fault_evidence",0,False,False,Invalid Claim,2024-10-21,2024-06-30,313,0,test
CLM-000850,Smartphone,Electronics,Nova,NV-200,SN89233891,CityWide Appliances,2025-02-28,413.66,12,2026-02-23,2024-12-02,-88,448,Motor malfunction,True,0,SN89233891,True,"receipt,warranty_card,product_photo,serial_evidence,fault_evidence",0,True,False,Invalid Claim,2024-12-01,,448,0,train
CLM-000851,Laptop,Electronics,Vertex,VT-15Pro,SN89752745,TechHub Store,2020-08-05,672.66,24,2022-07-26,2022-06-21,685,35,Power surge (external),False,1,SN54214932,False,"receipt,warranty_card,product_photo,serial_evidence,fault_evidence",0,False,False,Invalid Claim,2022-06-14,2020-09-19,35,0,validation
CLM-000852,Air Conditioner,Home Appliance,Chillmax,CM-1.5T,SN53375256,TechHub Store,2023-09-05,377.18,18,2025-02-26,2023-08-29,-7,547,Compressor failure,True,0,SN53375256,True,"receipt,warranty_card,product_photo,serial_evidence,fault_evidence",0,True,False,Invalid Claim,2023-08-28,,547,0,train
CLM-000853,Smartphone,Electronics,Nova,NV-200,SN48243447,TechHub Store,2024-03-03,774.87,12,2025-02-26,2024-02-05,-27,387,Power surge (external),False,0,SN48243447,True,"receipt,warranty_card,product_photo,serial_evidence,fault_evidence",0,True,False,Invalid Claim,2024-02-04,,387,0,train
CLM-000854,Television,Electronics,Vistara,VS-43,SN58190104,TechHub Store,2023-09-01,592.0,12,2024-08-26,2024-02-16,168,192,Display fault,True,3,SN59319220,False,"receipt,warranty_card,product_photo,serial_evidence,fault_evidence",0,False,False,Invalid Claim,2024-02-09,2024-01-11,192,0,train
CLM-000855,Air Conditioner,Home Appliance,Chillmax,CM-1T,SN68264710,TechHub Store,2021-02-13,1235.44,12,2022-02-08,2020-12-20,-55,415,Battery defect,True,0,SN68264710,True,"receipt,warranty_card,product_photo,serial_evidence,fault_evidence",0,True,False,Invalid Claim,2020-12-19,,415,0,train
CLM-000856,Refrigerator,Home Appliance,FrostLine,FL-220,SN76481027,HomeStyle Retail,2020-07-09,225.82,12,2021-07-04,2020-11-10,124,236,Compressor failure,True,5,SN96869121,False,"receipt,warranty_card,product_photo,serial_evidence,fault_evidence",0,False,False,Invalid Claim,2020-11-03,2020-09-15,236,0,train
CLM-000857,Washing Machine,Home Appliance,Cleanwave,CW-700,SN80208227,HomeStyle Retail,2020-06-20,552.55,12,2021-06-15,2020-09-14,86,274,Physical/drop damage,False,1,SN80208227,True,"receipt,warranty_card,product_photo,serial_evidence,fault_evidence",0,False,True,Invalid Claim,2020-09-07,2020-04-08,274,0,train
CLM-000858,Laptop,Electronics,Vertex,VT-14,SN72365138,TechHub Store,2020-04-07,731.68,18,2021-09-29,2022-01-28,661,-121,Battery defect,True,0,SN72365138,True,"receipt,warranty_card,product_photo,serial_evidence,fault_evidence",0,False,False,Invalid Claim,2022-01-21,,121,0,train
CLM-000859,Smartphone,Electronics,Nova,NV-X1,SN98795539,HomeStyle Retail,2023-03-10,675.5,24,2025-02-27,2024-08-16,525,195,Manufacturing defect,True,0,SN34455561,False,"receipt,warranty_card,product_photo,serial_evidence,fault_evidence",0,False,False,Invalid Claim,2024-08-09,,195,0,train
CLM-000860,Washing Machine,Home Appliance,Cleanwave,CW-750D,SN99960756,HomeStyle Retail,2024-09-22,1449.56,12,2025-09-17,2025-10-09,382,-22,Compressor failure,True,0,SN99960756,True,"receipt,warranty_card,product_photo,serial_evidence,fault_evidence",0,False,False,Invalid Claim,2025-10-02,,22,0,test
CLM-000861,Television,Electronics,Vistara,VS-43,SN68223505,HomeStyle Retail,2024-07-12,488.57,12,2025-07-07,2025-05-27,319,41,Unauthorized repair damage,False,0,SN68223505,True,"receipt,warranty_card,product_photo,serial_evidence,fault_evidence",0,False,False,Invalid Claim,2025-05-20,,41,0,train
CLM-000862,Refrigerator,Home Appliance,FrostLine,FL-300X,SN50641125,HomeStyle Retail,2020-01-12,503.57,12,2021-01-06,2021-02-12,397,-37,Display fault,True,2,SN92778089,False,"receipt,warranty_card,product_photo,serial_evidence,fault_evidence",0,False,False,Invalid Claim,2021-02-05,2020-07-15,37,0,train
CLM-000863,Smartphone,Electronics,Nova,NV-100,SN35262608,CityWide Appliances,2023-11-15,616.77,18,2025-05-08,2023-10-21,-25,565,Manufacturing defect,True,0,SN35262608,True,"receipt,warranty_card,product_photo,serial_evidence,fault_evidence",0,True,False,Invalid Claim,2023-10-20,,565,0,train
CLM-000864,Smartphone,Electronics,Nova,NV-200,SN72199925,MegaMart Electronics,2021-03-04,515.11,12,2022-02-27,2022-01-28,330,30,Normal wear and tear,False,0,SN72199925,True,"receipt,warranty_card,product_photo,serial_evidence,fault_evidence",0,False,False,Invalid Claim,2022-01-21,,30,0,test
CLM-000865,Laptop,Electronics,Vertex,VT-15Pro,SN88547740,MegaMart Electronics,2022-05-14,675.61,12,2023-05-09,2023-01-06,237,123,Power surge (external),False,1,SN88547740,True,"receipt,warranty_card,product_photo,serial_evidence,fault_evidence",0,False,False,Invalid Claim,2022-12-30,2022-07-29,123,0,train
CLM-000866,Refrigerator,Home Appliance,FrostLine,FL-300X,SN76532158,TechHub Store,2023-03-12,1040.19,24,2025-03-01,2025-05-05,785,-65,Manufacturing defect,True,3,SN76532158,True,"receipt,warranty_card,product_photo,serial_evidence,fault_evidence",0,False,True,Invalid Claim,2025-04-28,2022-12-25,65,0,train
CLM-000867,Refrigerator,Home Appliance,FrostLine,FL-300X,SN41125867,TechHub Store,2024-02-06,69.74,18,2025-07-30,2025-07-25,535,5,Normal wear and tear,False,3,SN80908408,False,"receipt,warranty_card,product_photo,serial_evidence,fault_evidence",0,False,False,Invalid Claim,2025-07-18,2024-02-26,5,0,test
CLM-000868,Laptop,Electronics,Vertex,VT-15Pro,SN25695520,HomeStyle Retail,2022-05-14,650.77,18,2023-11-05,2024-02-11,638,-98,Compressor failure,True,0,SN25695520,True,"receipt,warranty_card,product_photo,serial_evidence,fault_evidence",0,False,False,Invalid Claim,2024-02-04,,98,0,train
CLM-000869,Laptop,Electronics,Vertex,VT-15Pro,SN90812511,CityWide Appliances,2023-08-16,446.31,12,2024-08-10,2023-07-17,-30,390,Power surge (external),False,0,SN90812511,True,"receipt,warranty_card,product_photo,serial_evidence,fault_evidence",0,True,False,Invalid Claim,2023-07-16,,390,0,train
CLM-000870,Air Conditioner,Home Appliance,Chillmax,CM-1.5T,SN73394367,TechHub Store,2024-01-04,771.45,18,2025-06-27,2025-02-16,409,131,Power surge (external),False,2,SN73394367,True,"receipt,warranty_card,product_photo,serial_evidence,fault_evidence",0,False,False,Invalid Claim,2025-02-09,2024-03-27,131,0,train
CLM-000871,Smartphone,Electronics,Nova,NV-100,SN91302255,HomeStyle Retail,2023-06-27,581.82,12,2024-06-21,2024-09-07,438,-78,Component failure,True,1,SN91302255,True,"receipt,warranty_card,product_photo,serial_evidence,fault_evidence",0,False,False,Invalid Claim,2024-08-31,2024-08-07,78,0,train
CLM-000872,Washing Machine,Home Appliance,Cleanwave,CW-750D,SN57921617,TechHub Store,2022-05-01,884.19,24,2024-04-20,2022-04-28,-3,723,Component failure,True,0,SN57921617,True,"receipt,warranty_card,product_photo,serial_evidence,fault_evidence",0,True,False,Invalid Claim,2022-04-27,,723,0,train
CLM-000873,Laptop,Electronics,Vertex,VT-14,SN26198473,HomeStyle Retail,2020-12-23,713.84,24,2022-12-13,2023-04-12,840,-120,Motor malfunction,True,4,SN26198473,True,"receipt,warranty_card,product_photo,serial_evidence,fault_evidence",0,False,False,Invalid Claim,2023-04-05,2022-05-06,120,0,test
CLM-000874,Television,Electronics,Vistara,VS-43,SN16767531,CityWide Appliances,2021-06-12,1050.09,24,2023-06-02,2022-03-22,283,437,Battery defect,True,2,SN68764105,False,"receipt,warranty_card,product_photo,serial_evidence,fault_evidence",0,False,False,Invalid Claim,2022-03-15,2022-02-02,437,0,train
CLM-000875,Air Conditioner,Home Appliance,Chillmax,CM-1T,SN85493830,MegaMart Electronics,2024-09-19,871.61,24,2026-09-09,2027-03-16,908,-188,Battery defect,True,0,SN85493830,True,"receipt,warranty_card,product_photo,serial_evidence,fault_evidence",0,False,False,Invalid Claim,2027-03-09,,188,0,train
CLM-000876,Smartphone,Electronics,Nova,NV-200,SN69259530,TechHub Store,2020-08-03,882.82,12,2021-07-29,2021-09-26,419,-59,Motor malfunction,True,2,SN69259530,True,"receipt,warranty_card,product_photo,serial_evidence,fault_evidence",0,False,False,Invalid Claim,2021-09-19,2021-04-16,59,0,train
CLM-000877,Air Conditioner,Home Appliance,Chillmax,CM-1.5T,SN65800998,TechHub Store,2024-02-09,1167.26,24,2026-01-29,2024-07-09,151,569,Water damage,False,1,SN65800998,True,"receipt,warranty_card,product_photo,serial_evidence,fault_evidence",0,False,False,Invalid Claim,2024-07-02,2024-02-11,569,0,train
CLM-000878,Refrigerator,Home Appliance,FrostLine,FL-300X,SN58404738,HomeStyle Retail,2021-05-17,192.23,24,2023-05-07,2021-03-30,-48,768,Battery defect,True,0,SN58404738,True,"receipt,warranty_card,product_photo,serial_evidence,fault_evidence",0,True,False,Invalid Claim,2021-03-29,,768,0,train
CLM-000879,Television,Electronics,Vistara,VS-55UHD,SN13994712,HomeStyle Retail,2021-05-17,923.02,12,2022-05-12,2021-03-25,-53,413,Component failure,True,0,SN13994712,True,"receipt,warranty_card,product_photo,serial_evidence,fault_evidence",0,True,False,Invalid Claim,2021-03-24,,413,0,train
CLM-000880,Television,Electronics,Vistara,VS-43,SN68260195,MegaMart Electronics,2024-04-26,538.09,12,2025-04-21,2025-06-09,409,-49,Display fault,True,0,SN14978636,False,"receipt,warranty_card,product_photo,serial_evidence,fault_evidence",0,False,False,Invalid Claim,2025-06-02,,49,0,validation
CLM-000881,Television,Electronics,Vistara,VS-55UHD,SN63955904,CityWide Appliances,2023-09-14,364.65,24,2025-09-03,2025-07-01,656,64,Normal wear and tear,False,0,SN63955904,True,"receipt,warranty_card,product_photo,serial_evidence,fault_evidence",0,False,False,Invalid Claim,2025-06-24,,64,0,train
CLM-000882,Smartphone,Electronics,Nova,NV-200,SN80839007,HomeStyle Retail,2023-12-06,315.37,18,2025-05-29,2024-12-02,362,178,Motor malfunction,True,1,SN29711458,False,"receipt,warranty_card,product_photo,serial_evidence,fault_evidence",0,False,False,Invalid Claim,2024-11-25,2024-11-29,178,0,train
CLM-000883,Refrigerator,Home Appliance,FrostLine,FL-300X,SN36480587,CityWide Appliances,2022-04-07,1182.58,12,2023-04-02,2023-02-27,326,34,Power surge (external),False,1,SN36480587,True,"receipt,warranty_card,product_photo,serial_evidence,fault_evidence",0,False,False,Invalid Claim,2023-02-20,2022-05-21,34,0,train
CLM-000884,Laptop,Electronics,Vertex,VT-14,SN22458031,HomeStyle Retail,2020-03-16,940.03,18,2021-09-07,2020-08-02,139,401,Compressor failure,True,1,SN22458031,True,"receipt,warranty_card,product_photo,serial_evidence,fault_evidence",0,False,True,Invalid Claim,2020-07-26,2020-02-05,401,0,train
CLM-000885,Washing Machine,Home Appliance,Cleanwave,CW-750D,SN77816807,MegaMart Electronics,2022-12-03,834.18,12,2023-11-28,2023-04-24,142,218,Physical/drop damage,False,1,SN77816807,True,"receipt,warranty_card,product_photo,serial_evidence,fault_evidence",0,False,True,Invalid Claim,2023-04-17,2022-11-25,218,0,train
CLM-000886,Laptop,Electronics,Vertex,VT-14,SN88060201,HomeStyle Retail,2024-09-19,1130.06,12,2025-09-14,2024-09-18,-1,361,Manufacturing defect,True,0,SN94254420,False,"receipt,warranty_card,product_photo,serial_evidence,fault_evidence",0,True,False,Invalid Claim,2024-09-17,,361,0,test
CLM-000887,Laptop,Electronics,Vertex,VT-14,SN24123318,MegaMart Electronics,2023-09-24,754.03,18,2025-03-17,2024-02-24,153,387,Power surge (external),False,3,SN24123318,True,"receipt,warranty_card,product_photo,serial_evidence,fault_evidence",0,False,False,Invalid Claim,2024-02-17,2024-02-21,387,0,train
CLM-000888,Air Conditioner,Home Appliance,Chillmax,CM-1T,SN22381399,MegaMart Electronics,2021-01-29,1358.58,24,2023-01-19,2022-04-19,445,275,Component failure,True,0,SN27456803,False,"receipt,warranty_card,product_photo,serial_evidence,fault_evidence",0,False,False,Invalid Claim,2022-04-12,,275,0,test
CLM-000889,Laptop,Electronics,Vertex,VT-15Pro,SN45392370,HomeStyle Retail,2022-09-02,969.27,12,2023-08-28,2023-12-21,475,-115,Battery defect,True,0,SN45392370,True,"receipt,warranty_card,product_photo,serial_evidence,fault_evidence",0,False,False,Invalid Claim,2023-12-14,,115,0,train
CLM-000890,Smartphone,Electronics,Nova,NV-100,SN75063976,TechHub Store,2023-07-27,808.77,12,2024-07-21,2024-03-06,223,137,Display fault,True,1,SN75063976,True,"receipt,warranty_card,product_photo,serial_evidence,fault_evidence",0,False,True,Invalid Claim,2024-02-28,2023-07-10,137,0,validation
CLM-000891,Laptop,Electronics,Vertex,VT-14,SN85031292,HomeStyle Retail,2023-12-13,730.99,18,2025-06-05,2026-01-04,753,-213,Display fault,True,4,SN85031292,True,"receipt,warranty_card,product_photo,serial_evidence,fault_evidence",0,False,False,Invalid Claim,2025-12-28,2024-04-13,213,0,train
CLM-000892,Smartphone,Electronics,Nova,NV-200,SN60259138,MegaMart Electronics,2023-05-17,699.59,24,2025-05-06,2023-04-27,-20,740,Motor malfunction,True,0,SN60259138,True,"receipt,warranty_card,product_photo,serial_evidence,fault_evidence",0,True,False,Invalid Claim,2023-04-26,,740,0,train
CLM-000893,Smartphone,Electronics,Nova,NV-X1,SN75604774,MegaMart Electronics,2022-09-22,1061.62,12,2023-09-17,2022-10-26,34,326,Unauthorized repair damage,False,1,SN75604774,True,"receipt,warranty_card,product_photo,serial_evidence,fault_evidence",0,False,True,Invalid Claim,2022-10-19,2022-07-13,326,0,train
CLM-000894,Washing Machine,Home Appliance,Cleanwave,CW-750D,SN55341868,TechHub Store,2021-12-15,831.32,12,2022-12-10,2023-01-27,408,-48,Battery defect,True,0,SN55341868,True,"receipt,warranty_card,product_photo,serial_evidence,fault_evidence",0,False,False,Invalid Claim,2023-01-20,,48,0,train
CLM-000895,Air Conditioner,Home Appliance,Chillmax,CM-1.5T,SN29996104,CityWide Appliances,2022-08-31,783.29,24,2024-08-20,2024-06-22,661,59,Power surge (external),False,2,SN29996104,True,"receipt,warranty_card,product_photo,serial_evidence,fault_evidence",0,False,False,Invalid Claim,2024-06-15,2023-07-31,59,0,train
CLM-000896,Television,Electronics,Vistara,VS-55UHD,SN47228655,TechHub Store,2020-07-01,330.23,24,2022-06-21,2021-06-23,357,363,Display fault,True,1,SN47228655,True,"receipt,warranty_card,product_photo,serial_evidence,fault_evidence",0,False,True,Invalid Claim,2021-06-16,2020-06-09,363,0,train
CLM-000897,Laptop,Electronics,Vertex,VT-14,SN93041052,HomeStyle Retail,2023-12-19,443.49,12,2024-12-13,2024-11-22,339,21,Manufacturing defect,True,3,SN17096679,False,"receipt,warranty_card,product_photo,serial_evidence,fault_evidence",0,False,False,Invalid Claim,2024-11-15,2024-10-06,21,0,train
CLM-000898,Laptop,Electronics,Vertex,VT-14,SN46904845,TechHub Store,2022-12-04,995.64,12,2023-11-29,2023-02-13,71,289,Manufacturing defect,True,1,SN46904845,True,"receipt,warranty_card,product_photo,serial_evidence,fault_evidence",0,False,True,Invalid Claim,2023-02-06,2022-11-02,289,0,train
CLM-000899,Laptop,Electronics,Vertex,VT-14,SN55628196,HomeStyle Retail,2024-08-26,689.09,18,2026-02-17,2024-08-20,-6,546,Battery defect,True,0,SN65691824,False,"receipt,warranty_card,product_photo,serial_evidence,fault_evidence",0,True,False,Invalid Claim,2024-08-19,,546,0,train
CLM-000900,Television,Electronics,Vistara,VS-43,SN48299260,MegaMart Electronics,2020-02-19,775.86,24,2022-02-08,2020-06-25,127,593,Manufacturing defect,True,0,SN44299947,False,"receipt,warranty_card,product_photo,serial_evidence,fault_evidence",0,False,False,Invalid Claim,2020-06-18,,593,0,train
CLM-000901,Smartphone,Electronics,Nova,NV-200,SN34354859,MegaMart Electronics,2024-04-22,419.47,12,2025-04-17,2024-07-27,96,264,Compressor failure,True,1,SN17851976,False,"receipt,warranty_card,product_photo,serial_evidence,fault_evidence",0,False,False,Invalid Claim,2024-07-20,2024-05-31,264,0,train
CLM-000902,Television,Electronics,Vistara,VS-43,SN16962963,MegaMart Electronics,2022-03-09,809.52,12,2023-03-04,2022-07-29,142,218,Power surge (external),False,4,SN16962963,True,"receipt,warranty_card,product_photo,serial_evidence,fault_evidence",0,False,False,Invalid Claim,2022-07-22,2022-05-09,218,0,validation
CLM-000903,Laptop,Electronics,Vertex,VT-15Pro,SN13879756,HomeStyle Retail,2022-10-06,709.25,18,2024-03-29,2022-07-27,-71,611,Motor malfunction,True,0,SN13879756,True,"receipt,warranty_card,product_photo,serial_evidence,fault_evidence",0,True,False,Invalid Claim,2022-07-26,,611,0,train
CLM-000904,Refrigerator,Home Appliance,FrostLine,FL-220,SN84451573,TechHub Store,2021-04-23,730.26,24,2023-04-13,2023-04-30,737,-17,Battery defect,True,1,SN84451573,True,"receipt,warranty_card,product_photo,serial_evidence,fault_evidence",0,False,False,Invalid Claim,2023-04-23,2021-08-30,17,0,validation
CLM-000905,Smartphone,Electronics,Nova,NV-X1,SN32573855,TechHub Store,2021-09-15,574.33,18,2023-03-09,2022-04-21,218,322,Battery defect,True,1,SN82146810,False,"receipt,warranty_card,product_photo,serial_evidence,fault_evidence",0,False,True,Invalid Claim,2022-04-14,2021-07-22,322,0,train
CLM-000906,Washing Machine,Home Appliance,Cleanwave,CW-700,SN10072871,MegaMart Electronics,2025-02-09,1054.84,18,2026-08-03,2026-11-24,653,-113,Battery defect,True,3,SN74717944,False,"receipt,warranty_card,product_photo,serial_evidence,fault_evidence",0,False,False,Invalid Claim,2026-11-17,2025-11-16,113,0,train
CLM-000907,Laptop,Electronics,Vertex,VT-14,SN31664929,TechHub Store,2023-05-09,726.23,12,2024-05-03,2023-09-04,118,242,Compressor failure,True,1,SN31664929,True,"receipt,warranty_card,product_photo,serial_evidence,fault_evidence",0,False,True,Invalid Claim,2023-08-28,2023-02-25,242,0,train
CLM-000908,Television,Electronics,Vistara,VS-43,SN91932582,HomeStyle Retail,2020-05-23,721.93,12,2021-05-18,2021-03-13,294,66,Component failure,True,1,SN91932582,True,"receipt,warranty_card,product_photo,serial_evidence,fault_evidence",0,False,True,Invalid Claim,2021-03-06,2020-04-12,66,0,train
CLM-000909,Washing Machine,Home Appliance,Cleanwave,CW-750D,SN55852776,MegaMart Electronics,2024-12-15,1265.84,18,2026-06-08,2026-04-02,473,67,Compressor failure,True,3,SN90465362,False,"receipt,warranty_card,product_photo,serial_evidence,fault_evidence",0,False,False,Invalid Claim,2026-03-26,2025-06-02,67,0,train
CLM-000910,Smartphone,Electronics,Nova,NV-100,SN33291610,HomeStyle Retail,2020-02-02,465.44,24,2022-01-22,2021-10-27,633,87,Power surge (external),False,0,SN33291610,True,"receipt,warranty_card,product_photo,serial_evidence,fault_evidence",0,False,False,Invalid Claim,2021-10-20,,87,0,train
CLM-000911,Refrigerator,Home Appliance,FrostLine,FL-220,SN82296289,MegaMart Electronics,2025-01-07,579.74,18,2026-07-01,2025-04-10,93,447,Battery defect,True,1,SN82296289,True,"receipt,warranty_card,product_photo,serial_evidence,fault_evidence",0,False,True,Invalid Claim,2025-04-03,2024-10-13,447,0,train
CLM-000912,Washing Machine,Home Appliance,Cleanwave,CW-700,SN26745522,HomeStyle Retail,2022-06-30,823.11,18,2023-12-22,2023-07-11,376,164,Display fault,True,2,SN35902794,False,"receipt,warranty_card,product_photo,serial_evidence,fault_evidence",0,False,False,Invalid Claim,2023-07-04,2023-02-13,164,0,train
CLM-000913,Television,Electronics,Vistara,VS-55UHD,SN35704262,MegaMart Electronics,2020-01-20,376.7,12,2021-01-14,2021-03-03,408,-48,Compressor failure,True,0,SN35704262,True,"receipt,warranty_card,product_photo,serial_evidence,fault_evidence",0,False,False,Invalid Claim,2021-02-24,,48,0,validation
CLM-000914,Washing Machine,Home Appliance,Cleanwave,CW-700,SN10957697,MegaMart Electronics,2023-06-10,1117.94,18,2024-12-01,2024-06-25,381,159,Water damage,False,3,SN10957697,True,"receipt,warranty_card,product_photo,serial_evidence,fault_evidence",0,False,False,Invalid Claim,2024-06-18,2024-05-02,159,0,test
CLM-000915,Laptop,Electronics,Vertex,VT-14,SN18772554,HomeStyle Retail,2022-03-22,738.0,12,2023-03-17,2022-06-27,97,263,Display fault,True,3,SN18730772,False,"receipt,warranty_card,product_photo,serial_evidence,fault_evidence",0,False,False,Invalid Claim,2022-06-20,2022-04-08,263,0,train
CLM-000916,Air Conditioner,Home Appliance,Chillmax,CM-1T,SN81530199,HomeStyle Retail,2021-06-15,1243.66,24,2023-06-05,2022-04-01,290,430,Physical/drop damage,False,3,SN81530199,True,"receipt,warranty_card,product_photo,serial_evidence,fault_evidence",0,False,False,Invalid Claim,2022-03-25,2022-03-29,430,0,train
CLM-000917,Washing Machine,Home Appliance,Cleanwave,CW-750D,SN46780435,MegaMart Electronics,2024-12-13,642.19,12,2025-12-08,2025-01-18,36,324,Compressor failure,True,1,SN46780435,True,"receipt,warranty_card,product_photo,serial_evidence,fault_evidence",0,False,True,Invalid Claim,2025-01-11,2024-10-07,324,0,train
CLM-000918,Smartphone,Electronics,Nova,NV-200,SN81458898,HomeStyle Retail,2022-08-13,998.61,12,2023-08-08,2023-11-12,456,-96,Component failure,True,3,SN81458898,True,"receipt,warranty_card,product_photo,serial_evidence,fault_evidence",0,False,False,Invalid Claim,2023-11-05,2022-08-16,96,0,train
CLM-000919,Television,Electronics,Vistara,VS-43,SN66884191,CityWide Appliances,2022-03-13,904.45,12,2023-03-08,2023-04-13,396,-36,Manufacturing defect,True,2,SN66884191,True,"receipt,warranty_card,product_photo,serial_evidence,fault_evidence",0,False,False,Invalid Claim,2023-04-06,2022-07-19,36,0,train
CLM-000920,Laptop,Electronics,Vertex,VT-15Pro,SN43609390,MegaMart Electronics,2021-02-07,774.97,12,2022-02-02,2021-02-03,-4,364,Manufacturing defect,True,0,SN73562365,False,"receipt,warranty_card,product_photo,serial_evidence,fault_evidence",0,True,False,Invalid Claim,2021-02-02,,364,0,validation
CLM-000921,Air Conditioner,Home Appliance,Chillmax,CM-1T,SN90525899,HomeStyle Retail,2021-05-03,1518.21,24,2023-04-23,2023-06-19,777,-57,Battery defect,True,2,SN90525899,True,"receipt,warranty_card,product_photo,serial_evidence,fault_evidence",0,False,False,Invalid Claim,2023-06-12,2021-08-09,57,0,train
CLM-000922,Washing Machine,Home Appliance,Cleanwave,CW-700,SN27117564,MegaMart Electronics,2023-07-04,901.16,12,2024-06-28,2024-07-28,390,-30,Power surge (external),False,2,SN27117564,True,"receipt,warranty_card,product_photo,serial_evidence,fault_evidence",0,False,False,Invalid Claim,2024-07-21,2024-02-16,30,0,train
CLM-000923,Laptop,Electronics,Vertex,VT-15Pro,SN41287760,CityWide Appliances,2020-04-22,559.52,12,2021-04-17,2020-03-04,-49,409,Manufacturing defect,True,0,SN98546660,False,"receipt,warranty_card,product_photo,serial_evidence,fault_evidence",0,True,False,Invalid Claim,2020-03-03,,409,0,train
CLM-000924,Washing Machine,Home Appliance,Cleanwave,CW-700,SN70945151,HomeStyle Retail,2023-07-01,1473.28,12,2024-06-25,2024-05-23,327,33,Display fault,True,1,SN70945151,True,"receipt,warranty_card,product_photo,serial_evidence,fault_evidence",0,False,True,Invalid Claim,2024-05-16,2023-04-16,33,0,train
CLM-000925,Laptop,Electronics,Vertex,VT-14,SN86935230,MegaMart Electronics,2021-01-29,1003.57,12,2022-01-24,2022-06-23,510,-150,Manufacturing defect,True,4,SN86935230,True,"receipt,warranty_card,product_photo,serial_evidence,fault_evidence",0,False,False,Invalid Claim,2022-06-16,2021-10-17,150,0,validation
CLM-000926,Smartphone,Electronics,Nova,NV-200,SN88453254,HomeStyle Retail,2021-06-08,844.28,12,2022-06-03,2021-06-02,-6,366,Display fault,True,0,SN88453254,True,"receipt,warranty_card,product_photo,serial_evidence,fault_evidence",0,True,False,Invalid Claim,2021-06-01,,366,0,validation
CLM-000927,Smartphone,Electronics,Nova,NV-200,SN90977513,MegaMart Electronics,2023-08-27,273.55,24,2025-08-16,2024-02-02,159,561,Battery defect,True,3,SN59503523,False,"receipt,warranty_card,product_photo,serial_evidence,fault_evidence",0,False,False,Invalid Claim,2024-01-26,2023-08-30,561,0,train
CLM-000928,Refrigerator,Home Appliance,FrostLine,FL-220,SN19180999,MegaMart Electronics,2022-11-26,1069.72,18,2024-05-19,2022-10-31,-26,566,Power surge (external),False,0,SN19180999,True,"receipt,warranty_card,product_photo,serial_evidence,fault_evidence",0,True,False,Invalid Claim,2022-10-30,,566,0,test
CLM-000929,Washing Machine,Home Appliance,Cleanwave,CW-750D,SN66196330,MegaMart Electronics,2023-09-29,876.71,12,2024-09-23,2024-07-31,306,54,Motor malfunction,True,1,SN66196330,True,"receipt,warranty_card,product_photo,serial_evidence,fault_evidence",0,False,True,Invalid Claim,2024-07-24,2023-09-15,54,0,train
CLM-000930,Refrigerator,Home Appliance,FrostLine,FL-220,SN72617503,HomeStyle Retail,2022-07-19,757.73,24,2024-07-08,2024-10-15,819,-99,Manufacturing defect,True,3,SN72617503,True,"receipt,warranty_card,product_photo,serial_evidence,fault_evidence",0,False,False,Invalid Claim,2024-10-08,2023-03-21,99,0,validation
CLM-000931,Laptop,Electronics,Vertex,VT-14,SN58696493,MegaMart Electronics,2022-09-11,793.22,18,2024-03-04,2023-04-19,220,320,Display fault,True,1,SN58034735,False,"receipt,warranty_card,product_photo,serial_evidence,fault_evidence",0,False,False,Invalid Claim,2023-04-12,2022-09-19,320,0,validation
CLM-000932,Television,Electronics,Vistara,VS-55UHD,SN15892805,CityWide Appliances,2023-02-10,467.02,12,2024-02-05,2023-12-16,309,51,Compressor failure,True,1,SN36725819,False,"receipt,warranty_card,product_photo,serial_evidence,fault_evidence",0,False,False,Invalid Claim,2023-12-09,2023-05-23,51,0,train
CLM-000933,Washing Machine,Home Appliance,Cleanwave,CW-700,SN12884611,MegaMart Electronics,2021-08-04,979.75,12,2022-07-30,2022-05-24,293,67,Motor malfunction,True,3,SN45136671,False,"receipt,warranty_card,product_photo,serial_evidence,fault_evidence",0,False,False,Invalid Claim,2022-05-17,2021-09-25,67,0,train
CLM-000934,Washing Machine,Home Appliance,Cleanwave,CW-700,SN59612328,TechHub Store,2020-02-12,1158.41,24,2022-02-01,2021-02-02,356,364,Physical/drop damage,False,1,SN59612328,True,"receipt,warranty_card,product_photo,serial_evidence,fault_evidence",0,False,False,Invalid Claim,2021-01-26,2021-01-16,364,0,train
CLM-000935,Air Conditioner,Home Appliance,Chillmax,CM-1T,SN81478283,HomeStyle Retail,2020-12-16,835.15,24,2022-12-06,2020-11-29,-17,737,Manufacturing defect,True,0,SN81478283,True,"receipt,warranty_card,product_photo,serial_evidence,fault_evidence",0,True,False,Invalid Claim,2020-11-28,,737,0,validation
CLM-000936,Laptop,Electronics,Vertex,VT-15Pro,SN29940314,MegaMart Electronics,2022-02-05,480.15,12,2023-01-31,2022-03-10,33,327,Component failure,True,1,SN29940314,True,"receipt,warranty_card,product_photo,serial_evidence,fault_evidence",0,False,True,Invalid Claim,2022-03-03,2022-01-29,327,0,test
CLM-000937,Refrigerator,Home Appliance,FrostLine,FL-300X,SN99053757,HomeStyle Retail,2023-07-13,844.32,24,2025-07-02,2024-12-04,510,210,Physical/drop damage,False,1,SN99053757,True,"receipt,warranty_card,product_photo,serial_evidence,fault_evidence",0,False,False,Invalid Claim,2024-11-27,2023-10-07,210,0,train
CLM-000938,Washing Machine,Home Appliance,Cleanwave,CW-750D,SN80528150,TechHub Store,2022-11-07,412.19,12,2023-11-02,2023-02-16,101,259,Display fault,True,0,SN76409861,False,"receipt,warranty_card,product_photo,serial_evidence,fault_evidence",0,False,False,Invalid Claim,2023-02-09,,259,0,train
CLM-000939,Television,Electronics,Vistara,VS-55UHD,SN41458567,HomeStyle Retail,2022-08-28,262.75,12,2023-08-23,2022-07-30,-29,389,Battery defect,True,0,SN41458567,True,"receipt,warranty_card,product_photo,serial_evidence,fault_evidence",0,True,False,Invalid Claim,2022-07-29,,389,0,train
CLM-000940,Smartphone,Electronics,Nova,NV-100,SN49600674,HomeStyle Retail,2021-09-18,544.71,12,2022-09-13,2022-02-05,140,220,Motor malfunction,True,1,SN49600674,True,"receipt,warranty_card,product_photo,serial_evidence,fault_evidence",0,False,True,Invalid Claim,2022-01-29,2021-08-03,220,0,train
CLM-000941,Laptop,Electronics,Vertex,VT-15Pro,SN52549761,MegaMart Electronics,2021-04-16,563.2,18,2022-10-08,2021-02-19,-56,596,Motor malfunction,True,0,SN52549761,True,"receipt,warranty_card,product_photo,serial_evidence,fault_evidence",0,True,False,Invalid Claim,2021-02-18,,596,0,train
CLM-000942,Washing Machine,Home Appliance,Cleanwave,CW-700,SN47101128,CityWide Appliances,2020-02-20,717.25,12,2021-02-14,2020-08-31,193,167,Water damage,False,0,SN47101128,True,"receipt,warranty_card,product_photo,serial_evidence,fault_evidence",0,False,False,Invalid Claim,2020-08-24,,167,0,validation
CLM-000943,Smartphone,Electronics,Nova,NV-200,SN43557605,MegaMart Electronics,2020-07-20,563.69,12,2021-07-15,2021-08-20,396,-36,Motor malfunction,True,2,SN46838009,False,"receipt,warranty_card,product_photo,serial_evidence,fault_evidence",0,False,False,Invalid Claim,2021-08-13,2020-10-26,36,0,train
CLM-000944,Air Conditioner,Home Appliance,Chillmax,CM-1.5T,SN56524207,TechHub Store,2023-12-16,1004.6,18,2025-06-08,2024-09-18,277,263,Water damage,False,0,SN56524207,True,"receipt,warranty_card,product_photo,serial_evidence,fault_evidence",0,False,False,Invalid Claim,2024-09-11,,263,0,test
CLM-000945,Television,Electronics,Vistara,VS-43,SN63352256,MegaMart Electronics,2022-04-07,780.39,24,2024-03-27,2024-06-09,794,-74,Battery defect,True,1,SN63352256,True,"receipt,warranty_card,product_photo,serial_evidence,fault_evidence",0,False,False,Invalid Claim,2024-06-02,2024-04-17,74,0,train
CLM-000946,Washing Machine,Home Appliance,Cleanwave,CW-700,SN52020192,TechHub Store,2024-03-14,337.45,12,2025-03-09,2024-11-18,249,111,Power surge (external),False,2,SN52020192,True,"receipt,warranty_card,product_photo,serial_evidence,fault_evidence",0,False,False,Invalid Claim,2024-11-11,2024-07-02,111,0,test
CLM-000947,Laptop,Electronics,Vertex,VT-14,SN51013170,CityWide Appliances,2024-04-26,325.5,24,2026-04-16,2024-04-08,-18,738,Display fault,True,0,SN51013170,True,"receipt,warranty_card,product_photo,serial_evidence,fault_evidence",0,True,False,Invalid Claim,2024-04-07,,738,0,validation
CLM-000948,Refrigerator,Home Appliance,FrostLine,FL-300X,SN82155988,MegaMart Electronics,2020-01-20,1146.13,12,2021-01-14,2020-09-03,227,133,Display fault,True,1,SN88779778,False,"receipt,warranty_card,product_photo,serial_evidence,fault_evidence",0,False,False,Invalid Claim,2020-08-27,2020-01-26,133,0,train
CLM-000949,Television,Electronics,Vistara,VS-55UHD,SN61179711,MegaMart Electronics,2023-03-08,380.22,24,2025-02-25,2024-12-21,654,66,Normal wear and tear,False,3,SN62430296,False,"receipt,warranty_card,product_photo,serial_evidence,fault_evidence",0,False,False,Invalid Claim,2024-12-14,2023-05-13,66,0,validation
CLM-000950,Smartphone,Electronics,Nova,NV-100,SN84209891,MegaMart Electronics,2022-12-30,121.75,12,2023-12-25,2023-12-02,337,23,Display fault,True,2,SN90982133,False,"receipt,warranty_card,product_photo,serial_evidence,fault_evidence",0,False,True,Invalid Claim,2023-11-25,2022-10-28,23,0,train
CLM-000951,Washing Machine,Home Appliance,Cleanwave,CW-700,SN49071522,TechHub Store,2020-02-24,526.93,12,2021-02-18,2021-08-16,539,-179,Display fault,True,2,SN49071522,True,"receipt,warranty_card,product_photo,serial_evidence,fault_evidence",0,False,False,Invalid Claim,2021-08-09,2020-05-06,179,0,train
CLM-000952,Smartphone,Electronics,Nova,NV-100,SN27332564,HomeStyle Retail,2022-07-20,536.39,12,2023-07-15,2023-09-27,434,-74,Display fault,True,3,SN74189781,False,"receipt,warranty_card,product_photo,serial_evidence,fault_evidence",0,False,False,Invalid Claim,2023-09-20,2023-08-05,74,0,train
CLM-000953,Air Conditioner,Home Appliance,Chillmax,CM-1.5T,SN31311258,HomeStyle Retail,2020-05-20,1392.31,12,2021-05-15,2021-07-04,410,-50,Power surge (external),False,0,SN31311258,True,"receipt,warranty_card,product_photo,serial_evidence,fault_evidence",0,False,False,Invalid Claim,2021-06-27,,50,0,train
CLM-000954,Refrigerator,Home Appliance,FrostLine,FL-220,SN80579265,MegaMart Electronics,2021-09-27,813.69,18,2023-03-21,2021-08-06,-52,592,Manufacturing defect,True,0,SN80579265,True,"receipt,warranty_card,product_photo,serial_evidence,fault_evidence",0,True,False,Invalid Claim,2021-08-05,,592,0,train
CLM-000955,Washing Machine,Home Appliance,Cleanwave,CW-750D,SN62491260,HomeStyle Retail,2023-03-11,1499.8,24,2025-02-28,2023-01-11,-59,779,Manufacturing defect,True,0,SN62491260,True,"receipt,warranty_card,product_photo,serial_evidence,fault_evidence",0,True,False,Invalid Claim,2023-01-10,,779,0,train
CLM-000956,Smartphone,Electronics,Nova,NV-X1,SN22822379,HomeStyle Retail,2024-07-16,1019.91,24,2026-07-06,2024-04-22,-85,805,Battery defect,True,0,SN22822379,True,"receipt,warranty_card,product_photo,serial_evidence,fault_evidence",0,True,False,Invalid Claim,2024-04-21,,805,0,train
CLM-000957,Refrigerator,Home Appliance,FrostLine,FL-220,SN39159454,CityWide Appliances,2020-03-30,618.92,12,2021-03-25,2021-01-09,285,75,Unauthorized repair damage,False,1,SN39159454,True,"receipt,warranty_card,product_photo,serial_evidence,fault_evidence",0,False,False,Invalid Claim,2021-01-02,2020-10-27,75,0,test
CLM-000958,Air Conditioner,Home Appliance,Chillmax,CM-1.5T,SN65042162,HomeStyle Retail,2024-04-09,1026.66,18,2025-10-01,2025-11-14,584,-44,Battery defect,True,0,SN43925761,False,"receipt,warranty_card,product_photo,serial_evidence,fault_evidence",0,False,False,Invalid Claim,2025-11-07,,44,0,validation
CLM-000959,Air Conditioner,Home Appliance,Chillmax,CM-1.5T,SN15070029,MegaMart Electronics,2021-02-28,1039.23,18,2022-08-22,2021-01-07,-52,592,Compressor failure,True,0,SN25392453,False,"receipt,warranty_card,product_photo,serial_evidence,fault_evidence",0,True,False,Invalid Claim,2021-01-06,,592,0,test
CLM-000960,Laptop,Electronics,Vertex,VT-14,SN83608832,TechHub Store,2023-12-23,552.09,24,2025-12-12,2025-05-12,506,214,Display fault,True,0,SN68750274,False,"receipt,warranty_card,product_photo,serial_evidence,fault_evidence",0,False,False,Invalid Claim,2025-05-05,,214,0,test
CLM-000961,Refrigerator,Home Appliance,FrostLine,FL-220,SN49479427,MegaMart Electronics,2020-10-14,1283.66,12,2021-10-09,2020-11-02,19,341,Component failure,True,1,SN62458932,False,"receipt,warranty_card,product_photo,serial_evidence,fault_evidence",0,False,False,Invalid Claim,2020-10-26,2020-10-20,341,0,train
CLM-000962,Laptop,Electronics,Vertex,VT-14,SN39081281,TechHub Store,2020-06-07,533.25,18,2021-11-29,2022-02-25,628,-88,Component failure,True,2,SN39081281,True,"receipt,warranty_card,product_photo,serial_evidence,fault_evidence",0,False,False,Invalid Claim,2022-02-18,2021-12-05,88,0,train
CLM-000963,Refrigerator,Home Appliance,FrostLine,FL-220,SN62427912,TechHub Store,2021-03-18,685.05,12,2022-03-13,2022-07-06,475,-115,Battery defect,True,1,SN62427912,True,"receipt,warranty_card,product_photo,serial_evidence,fault_evidence",0,False,False,Invalid Claim,2022-06-29,2021-11-01,115,0,train
CLM-000964,Television,Electronics,Vistara,VS-55UHD,SN42016340,MegaMart Electronics,2020-04-17,496.02,18,2021-10-09,2021-11-20,582,-42,Component failure,True,0,SN42016340,True,"receipt,warranty_card,product_photo,serial_evidence,fault_evidence",0,False,False,Invalid Claim,2021-11-13,,42,0,validation
CLM-000965,Refrigerator,Home Appliance,FrostLine,FL-220,SN39604115,CityWide Appliances,2020-02-02,1068.47,12,2021-01-27,2021-08-14,559,-199,Component failure,True,1,SN39604115,True,"receipt,warranty_card,product_photo,serial_evidence,fault_evidence",0,False,False,Invalid Claim,2021-08-07,2020-05-11,199,0,train
CLM-000966,Smartphone,Electronics,Nova,NV-200,SN53309319,HomeStyle Retail,2024-06-20,929.59,24,2026-06-10,2025-08-29,435,285,Normal wear and tear,False,1,SN53309319,True,"receipt,warranty_card,product_photo,serial_evidence,fault_evidence",0,False,False,Invalid Claim,2025-08-22,2024-09-26,285,0,train
CLM-000967,Washing Machine,Home Appliance,Cleanwave,CW-700,SN63974248,TechHub Store,2023-07-03,890.22,12,2024-06-27,2023-05-18,-46,406,Manufacturing defect,True,0,SN63974248,True,"receipt,warranty_card,product_photo,serial_evidence,fault_evidence",0,True,False,Invalid Claim,2023-05-17,,406,0,test
CLM-000968,Washing Machine,Home Appliance,Cleanwave,CW-700,SN39334741,HomeStyle Retail,2020-01-25,613.45,12,2021-01-19,2020-06-25,152,208,Compressor failure,True,1,SN39334741,True,"receipt,warranty_card,product_photo,serial_evidence,fault_evidence",0,False,True,Invalid Claim,2020-06-18,2019-11-09,208,0,train
CLM-000969,Smartphone,Electronics,Nova,NV-100,SN90512805,MegaMart Electronics,2022-10-20,634.17,24,2024-10-09,2024-11-17,759,-39,Battery defect,True,2,SN90512805,True,"receipt,warranty_card,product_photo,serial_evidence,fault_evidence",0,False,False,Invalid Claim,2024-11-10,2024-07-28,39,0,validation
CLM-000970,Smartphone,Electronics,Nova,NV-100,SN91675959,CityWide Appliances,2023-11-27,852.47,12,2024-11-21,2024-05-17,172,188,Power surge (external),False,1,SN91675959,True,"receipt,warranty_card,product_photo,serial_evidence,fault_evidence",0,False,False,Invalid Claim,2024-05-10,2024-03-21,188,0,train
CLM-000971,Smartphone,Electronics,Nova,NV-100,SN51452961,MegaMart Electronics,2022-02-22,530.28,18,2023-08-16,2022-03-17,23,517,Physical/drop damage,False,1,SN51452961,True,"receipt,warranty_card,product_photo,serial_evidence,fault_evidence",0,False,False,Invalid Claim,2022-03-10,2022-03-08,517,0,train
CLM-000972,Washing Machine,Home Appliance,Cleanwave,CW-700,SN60432035,MegaMart Electronics,2024-03-30,1337.33,12,2025-03-25,2025-04-11,377,-17,Display fault,True,0,SN15087753,False,"receipt,warranty_card,product_photo,serial_evidence,fault_evidence",0,False,False,Invalid Claim,2025-04-04,,17,0,train
CLM-000973,Air Conditioner,Home Appliance,Chillmax,CM-1T,SN79910371,TechHub Store,2021-05-02,944.5,24,2023-04-22,2021-02-08,-83,803,Motor malfunction,True,0,SN79910371,True,"receipt,warranty_card,product_photo,serial_evidence,fault_evidence",0,True,False,Invalid Claim,2021-02-07,,803,0,train
CLM-000974,Washing Machine,Home Appliance,Cleanwave,CW-700,SN82385198,MegaMart Electronics,2022-04-29,228.87,18,2023-10-21,2023-04-13,349,191,Component failure,True,0,SN99255596,False,"receipt,warranty_card,product_photo,serial_evidence,fault_evidence",0,False,False,Invalid Claim,2023-04-06,,191,0,test
CLM-000975,Smartphone,Electronics,Nova,NV-X1,SN10811032,MegaMart Electronics,2021-05-23,662.82,24,2023-05-13,2022-11-17,543,177,Unauthorized repair damage,False,2,SN10811032,True,"receipt,warranty_card,product_photo,serial_evidence,fault_evidence",0,False,False,Invalid Claim,2022-11-10,2022-10-09,177,0,train
CLM-000976,Television,Electronics,Vistara,VS-43,SN22315737,MegaMart Electronics,2020-05-23,533.49,24,2022-05-13,2022-05-30,737,-17,Component failure,True,1,SN22315737,True,"receipt,warranty_card,product_photo,serial_evidence,fault_evidence",0,False,False,Invalid Claim,2022-05-23,2021-12-07,17,0,train
CLM-000977,Washing Machine,Home Appliance,Cleanwave,CW-700,SN42873271,HomeStyle Retail,2024-08-29,978.49,24,2026-08-19,2025-11-18,446,274,Power surge (external),False,1,SN42873271,True,"receipt,warranty_card,product_photo,serial_evidence,fault_evidence",0,False,False,Invalid Claim,2025-11-11,2025-07-06,274,0,validation
CLM-000978,Laptop,Electronics,Vertex,VT-15Pro,SN63451468,HomeStyle Retail,2021-05-24,446.73,12,2022-05-19,2021-10-20,149,211,Component failure,True,2,SN63451468,True,"receipt,warranty_card,product_photo,serial_evidence,fault_evidence",0,False,True,Invalid Claim,2021-10-13,2021-03-24,211,0,train
CLM-000979,Laptop,Electronics,Vertex,VT-14,SN50296396,HomeStyle Retail,2022-06-22,528.21,12,2023-06-17,2022-07-12,20,340,Display fault,True,1,SN50296396,True,"receipt,warranty_card,product_photo,serial_evidence,fault_evidence",0,False,True,Invalid Claim,2022-07-05,2022-06-02,340,0,train
CLM-000980,Washing Machine,Home Appliance,Cleanwave,CW-750D,SN19655576,MegaMart Electronics,2023-02-06,1012.91,18,2024-07-30,2024-05-25,474,66,Motor malfunction,True,3,SN72982807,False,"receipt,warranty_card,product_photo,serial_evidence,fault_evidence",0,False,False,Invalid Claim,2024-05-18,2023-05-18,66,0,train
CLM-000981,Laptop,Electronics,Vertex,VT-15Pro,SN62968985,CityWide Appliances,2020-11-12,998.95,24,2022-11-02,2022-11-23,741,-21,Compressor failure,True,1,SN62968985,True,"receipt,warranty_card,product_photo,serial_evidence,fault_evidence",0,False,True,Invalid Claim,2022-11-16,2020-09-25,21,0,test
CLM-000982,Television,Electronics,Vistara,VS-43,SN61650472,CityWide Appliances,2022-02-25,681.36,12,2023-02-20,2023-04-14,413,-53,Manufacturing defect,True,0,SN61650472,True,"receipt,warranty_card,product_photo,serial_evidence,fault_evidence",0,False,False,Invalid Claim,2023-04-07,,53,0,train
CLM-000983,Laptop,Electronics,Vertex,VT-15Pro,SN17744982,TechHub Store,2020-11-28,670.87,12,2021-11-23,2021-06-04,188,172,Compressor failure,True,2,SN17744982,True,"receipt,warranty_card,product_photo,serial_evidence,fault_evidence",0,False,True,Invalid Claim,2021-05-28,2020-10-04,172,0,validation
CLM-000984,Refrigerator,Home Appliance,FrostLine,FL-300X,SN91260195,HomeStyle Retail,2024-02-15,979.46,12,2025-02-09,2025-02-05,356,4,Water damage,False,1,SN91260195,True,"receipt,warranty_card,product_photo,serial_evidence,fault_evidence",0,False,True,Invalid Claim,2025-01-29,2023-11-19,4,0,train
CLM-000985,Washing Machine,Home Appliance,Cleanwave,CW-700,SN79596863,CityWide Appliances,2020-10-28,619.89,12,2021-10-23,2022-04-25,544,-184,Power surge (external),False,2,SN79596863,True,"receipt,warranty_card,product_photo,serial_evidence,fault_evidence",0,False,False,Invalid Claim,2022-04-18,2022-01-05,184,0,train
CLM-000986,Refrigerator,Home Appliance,FrostLine,FL-300X,SN88662295,MegaMart Electronics,2020-12-05,1200.92,24,2022-11-25,2022-06-13,555,165,Battery defect,True,4,SN65245223,False,"receipt,warranty_card,product_photo,serial_evidence,fault_evidence",0,False,False,Invalid Claim,2022-06-06,2021-03-07,165,0,train
CLM-000987,Television,Electronics,Vistara,VS-55UHD,SN51352528,MegaMart Electronics,2020-08-11,512.59,18,2022-02-02,2021-03-23,224,316,Motor malfunction,True,1,SN32602089,False,"receipt,warranty_card,product_photo,serial_evidence,fault_evidence",0,False,False,Invalid Claim,2021-03-16,2021-03-08,316,0,validation
CLM-000988,Laptop,Electronics,Vertex,VT-15Pro,SN67841075,MegaMart Electronics,2022-10-04,597.78,12,2023-09-29,2023-11-20,412,-52,Display fault,True,2,SN67841075,True,"receipt,warranty_card,product_photo,serial_evidence,fault_evidence",0,False,False,Invalid Claim,2023-11-13,2023-04-14,52,0,train
CLM-000989,Laptop,Electronics,Vertex,VT-14,SN34915916,MegaMart Electronics,2021-01-16,795.71,18,2022-07-10,2021-05-18,122,418,Power surge (external),False,0,SN34915916,True,"receipt,warranty_card,product_photo,serial_evidence,fault_evidence",0,False,False,Invalid Claim,2021-05-11,,418,0,validation
CLM-000990,Smartphone,Electronics,Nova,NV-X1,SN32297072,MegaMart Electronics,2024-03-15,606.66,12,2025-03-10,2024-11-05,235,125,Normal wear and tear,False,0,SN32297072,True,"receipt,warranty_card,product_photo,serial_evidence,fault_evidence",0,False,False,Invalid Claim,2024-10-29,,125,0,train
CLM-000991,Washing Machine,Home Appliance,Cleanwave,CW-750D,SN23530374,MegaMart Electronics,2020-06-24,554.95,12,2021-06-19,2021-07-19,390,-30,Battery defect,True,2,SN45712753,False,"receipt,warranty_card,product_photo,serial_evidence,fault_evidence",0,False,False,Invalid Claim,2021-07-12,2021-07-14,30,0,train
CLM-000992,Television,Electronics,Vistara,VS-55UHD,SN75219904,HomeStyle Retail,2020-01-15,717.88,18,2021-07-08,2019-11-09,-67,607,Manufacturing defect,True,0,SN75219904,True,"receipt,warranty_card,product_photo,serial_evidence,fault_evidence",0,True,False,Invalid Claim,2019-11-08,,607,0,train
CLM-000993,Air Conditioner,Home Appliance,Chillmax,CM-1.5T,SN99265296,HomeStyle Retail,2021-11-21,1047.0,18,2023-05-15,2022-10-19,332,208,Motor malfunction,True,3,SN91981404,False,"receipt,warranty_card,product_photo,serial_evidence,fault_evidence",0,False,False,Invalid Claim,2022-10-12,2021-12-21,208,0,test
CLM-000994,Television,Electronics,Vistara,VS-43,SN13446768,HomeStyle Retail,2021-12-30,996.03,24,2023-12-20,2024-01-04,735,-15,Display fault,True,1,SN13446768,True,"receipt,warranty_card,product_photo,serial_evidence,fault_evidence",0,False,True,Invalid Claim,2023-12-28,2021-10-23,15,0,train
CLM-000995,Laptop,Electronics,Vertex,VT-14,SN10419981,CityWide Appliances,2021-07-26,434.12,24,2023-07-16,2023-07-08,712,8,Power surge (external),False,4,SN10419981,True,"receipt,warranty_card,product_photo,serial_evidence,fault_evidence",0,False,False,Invalid Claim,2023-07-01,2022-06-21,8,0,train
CLM-000996,Washing Machine,Home Appliance,Cleanwave,CW-750D,SN41347711,HomeStyle Retail,2020-02-04,1450.42,18,2021-07-28,2021-11-25,660,-120,Compressor failure,True,1,SN41347711,True,"receipt,warranty_card,product_photo,serial_evidence,fault_evidence",0,False,False,Invalid Claim,2021-11-18,2021-03-20,120,0,train
CLM-000997,Television,Electronics,Vistara,VS-43,SN61654839,MegaMart Electronics,2024-02-22,459.79,18,2025-08-15,2025-09-17,573,-33,Display fault,True,1,SN61654839,True,"receipt,warranty_card,product_photo,serial_evidence,fault_evidence",0,False,False,Invalid Claim,2025-09-10,2024-09-09,33,0,test
CLM-000998,Television,Electronics,Vistara,VS-55UHD,SN32555671,CityWide Appliances,2023-12-29,221.21,12,2024-12-23,2025-05-06,494,-134,Normal wear and tear,False,1,SN32555671,True,"receipt,warranty_card,product_photo,serial_evidence,fault_evidence",0,False,False,Invalid Claim,2025-04-29,2025-05-01,134,0,train
CLM-000999,Smartphone,Electronics,Nova,NV-X1,SN13922081,MegaMart Electronics,2020-08-24,214.96,12,2021-08-19,2021-08-06,347,13,Water damage,False,2,SN13922081,True,"receipt,warranty_card,product_photo,serial_evidence,fault_evidence",0,False,False,Invalid Claim,2021-07-30,2021-02-08,13,0,train
CLM-001000,Laptop,Electronics,Vertex,VT-14,SN99318726,MegaMart Electronics,2025-01-22,634.39,12,2026-01-17,2026-01-07,350,10,Motor malfunction,True,0,SN81745187,False,"receipt,warranty_card,product_photo,serial_evidence,fault_evidence",0,False,False,Invalid Claim,2025-12-31,,10,0,test
CLM-001001,Washing Machine,Home Appliance,Cleanwave,CW-700,SN87305664,TechHub Store,2024-07-21,933.31,24,2026-07-11,2026-07-16,725,-5,Battery defect,True,0,SN87305664,True,"receipt,warranty_card,product_photo,serial_evidence,fault_evidence",0,False,False,Manual Review,2026-07-09,,5,0,train
CLM-001002,Refrigerator,Home Appliance,FrostLine,FL-300X,SN41322048,MegaMart Electronics,2021-05-13,1501.47,24,2023-05-03,2022-06-17,400,320,Manufacturing defect,True,1,SN45322048,False,"receipt,warranty_card,product_photo,serial_evidence,fault_evidence",0,False,False,Manual Review,2022-06-10,2021-07-10,320,0,validation
CLM-001003,Laptop,Electronics,Vertex,VT-14,SN52060116,CityWide Appliances,2021-07-02,834.25,18,2022-12-24,2021-11-07,128,412,Compressor failure,True,1,SN52060116,True,"receipt,warranty_card,product_photo,serial_evidence",1,False,False,Manual Review,2021-10-31,2021-07-03,412,1,train
CLM-001004,Washing Machine,Home Appliance,Cleanwave,CW-750D,SN26952687,HomeStyle Retail,2022-09-29,861.35,12,2023-09-24,2023-05-13,226,134,Battery defect,True,0,SN26952687,True,"receipt,warranty_card,product_photo,serial_evidence",1,False,False,Manual Review,2023-05-06,,134,1,train
CLM-001005,Laptop,Electronics,Vertex,VT-14,SN49838982,TechHub Store,2022-03-31,416.11,12,2023-03-26,2023-03-26,360,0,Display fault,True,0,SN49838982,True,"receipt,warranty_card,product_photo,serial_evidence,fault_evidence",0,False,False,Manual Review,2023-03-19,,0,0,validation
CLM-001006,Laptop,Electronics,Vertex,VT-15Pro,SN77428032,CityWide Appliances,2024-10-24,627.91,18,2026-04-17,2024-12-08,45,495,Compressor failure,True,1,SN74428032,False,"receipt,warranty_card,product_photo,serial_evidence,fault_evidence",0,False,False,Manual Review,2024-12-01,2024-11-30,495,0,train
CLM-001007,Smartphone,Electronics,Nova,NV-200,SN30495346,TechHub Store,2023-09-07,746.31,24,2025-08-27,2024-10-06,395,325,Compressor failure,True,1,SN30495346,True,"receipt,product_photo,serial_evidence,fault_evidence",1,False,False,Manual Review,2024-09-29,2024-01-01,325,1,train
CLM-001008,Washing Machine,Home Appliance,Cleanwave,CW-700,SN12894515,HomeStyle Retail,2024-12-05,1555.44,24,2026-11-25,2026-01-20,411,309,Display fault,True,0,SN12894515,True,"receipt,warranty_card,serial_evidence,fault_evidence",1,False,False,Manual Review,2026-01-13,,309,1,train
CLM-001009,Smartphone,Electronics,Nova,NV-X1,SN47988968,MegaMart Electronics,2024-10-20,253.16,18,2026-04-13,2025-12-04,410,130,Component failure,True,6,SN47988968,True,"receipt,warranty_card,product_photo,serial_evidence,fault_evidence",0,False,False,Manual Review,2025-11-27,2025-10-14,130,0,validation
CLM-001010,Air Conditioner,Home Appliance,Chillmax,CM-1.5T,SN71408972,TechHub Store,2024-01-28,1083.41,18,2025-07-21,2024-04-02,65,475,Component failure,True,0,SN71408972,True,"receipt,warranty_card,product_photo,serial_evidence",1,False,False,Manual Review,2024-03-26,,475,1,train
CLM-001011,Smartphone,Electronics,Nova,NV-X1,SN36260378,TechHub Store,2023-06-24,555.9,24,2025-06-13,2024-02-03,224,496,Manufacturing defect,True,2,SN36260378,True,"receipt,warranty_card,product_photo,serial_evidence,fault_evidence",0,False,False,Manual Review,2024-01-27,2023-09-25,496,0,train
CLM-001012,Television,Electronics,Vistara,VS-43,SN60540462,CityWide Appliances,2025-01-26,896.31,36,2028-01-11,2028-01-22,1091,-11,Display fault,True,0,SN60540462,True,"receipt,warranty_card,product_photo,serial_evidence,fault_evidence",0,False,False,Manual Review,2028-01-15,,11,0,train
CLM-001013,Smartphone,Electronics,Nova,NV-100,SN25750026,CityWide Appliances,2024-10-23,357.17,24,2026-10-13,2026-10-11,718,2,Compressor failure,True,2,SN25750026,True,"receipt,warranty_card,product_photo,serial_evidence,fault_evidence",0,False,False,Manual Review,2026-10-04,2025-10-05,2,0,train
CLM-001014,Washing Machine,Home Appliance,Cleanwave,CW-700,SN42327067,HomeStyle Retail,2024-04-30,459.91,18,2025-10-22,2025-06-27,423,117,Compressor failure,True,0,SN42327067,True,"receipt,warranty_card,serial_evidence,fault_evidence",1,False,False,Manual Review,2025-06-20,,117,1,test
CLM-001015,Air Conditioner,Home Appliance,Chillmax,CM-1.5T,SN46938871,TechHub Store,2024-05-05,1288.65,36,2027-04-20,2024-11-14,193,887,Manufacturing defect,True,0,SN46938876,False,"receipt,warranty_card,product_photo,serial_evidence,fault_evidence",0,False,False,Manual Review,2024-11-07,,887,0,validation
CLM-001016,Refrigerator,Home Appliance,FrostLine,FL-220,SN13090599,HomeStyle Retail,2021-09-03,1278.08,12,2022-08-29,2022-08-29,360,0,Battery defect,True,0,SN13090599,True,"receipt,warranty_card,product_photo,serial_evidence,fault_evidence",0,False,False,Manual Review,2022-08-22,,0,0,train
CLM-001017,Smartphone,Electronics,Nova,NV-200,SN96516297,TechHub Store,2023-09-10,224.63,12,2024-09-04,2024-09-02,358,2,Motor malfunction,True,1,SN96516297,True,"receipt,warranty_card,product_photo,serial_evidence,fault_evidence",0,False,False,Manual Review,2024-08-26,2024-06-29,2,0,train
CLM-001018,Television,Electronics,Vistara,VS-43,SN64402540,TechHub Store,2021-09-14,693.32,12,2022-09-09,2022-09-07,358,2,Manufacturing defect,True,1,SN64402540,True,"receipt,warranty_card,product_photo,serial_evidence,fault_evidence",0,False,False,Manual Review,2022-08-31,2022-04-04,2,0,train
CLM-001019,Refrigerator,Home Appliance,FrostLine,FL-220,SN37845315,CityWide Appliances,2024-02-13,1041.5,24,2026-02-02,2025-08-27,561,159,Battery defect,True,0,SN32845315,False,"receipt,warranty_card,product_photo,serial_evidence,fault_evidence",0,False,False,Manual Review,2025-08-20,,159,0,train
CLM-001020,Smartphone,Electronics,Nova,NV-X1,SN37679708,TechHub Store,2024-11-24,388.98,12,2025-11-19,2025-02-04,72,288,Motor malfunction,True,0,SN39679708,False,"receipt,warranty_card,product_photo,serial_evidence,fault_evidence",0,False,False,Manual Review,2025-01-28,,288,0,train
CLM-001021,Washing Machine,Home Appliance,Cleanwave,CW-700,SN66780987,CityWide Appliances,2025-03-23,792.1,12,2026-03-18,2026-03-17,359,1,Compressor failure,True,2,SN66780987,True,"receipt,warranty_card,product_photo,serial_evidence,fault_evidence",0,False,False,Manual Review,2026-03-10,2025-03-24,1,0,test
CLM-001022,Smartphone,Electronics,Nova,NV-200,SN52001565,HomeStyle Retail,2022-05-24,688.78,18,2023-11-15,2023-09-01,465,75,Motor malfunction,True,3,SN52001565,True,"receipt,warranty_card,product_photo,serial_evidence,fault_evidence",0,False,False,Manual Review,2023-08-25,2023-03-31,75,0,test
CLM-001023,Smartphone,Electronics,Nova,NV-100,SN35242818,MegaMart Electronics,2024-01-08,506.61,18,2025-07-01,2025-06-30,539,1,Component failure,True,0,SN35242818,True,"receipt,warranty_card,product_photo,serial_evidence,fault_evidence",0,False,False,Manual Review,2025-06-23,,1,0,train
CLM-001024,Smartphone,Electronics,Nova,NV-X1,SN66641896,MegaMart Electronics,2021-10-02,741.75,24,2023-09-22,2022-07-23,294,426,Motor malfunction,True,0,SN66641896,True,"receipt,warranty_card,serial_evidence,fault_evidence",1,False,False,Manual Review,2022-07-16,,426,1,train
CLM-001025,Television,Electronics,Vistara,VS-55UHD,SN29225877,HomeStyle Retail,2023-02-21,747.28,24,2025-02-10,2023-05-27,95,625,Compressor failure,True,1,SN29225877,True,"warranty_card,product_photo,serial_evidence,fault_evidence",1,False,False,Manual Review,2023-05-20,2023-05-26,625,1,train
CLM-001026,Refrigerator,Home Appliance,FrostLine,FL-300X,SN30601268,MegaMart Electronics,2022-07-06,809.11,36,2025-06-20,2025-05-28,1057,23,Display fault,True,0,SN30601268,True,"receipt,warranty_card,product_photo,fault_evidence",1,False,False,Manual Review,2025-05-21,,23,1,train
CLM-001027,Laptop,Electronics,Vertex,VT-15Pro,SN18852915,MegaMart Electronics,2021-02-23,913.3,36,2024-02-08,2024-02-04,1076,4,Motor malfunction,True,0,SN18852915,True,"warranty_card,product_photo,serial_evidence,fault_evidence",1,False,False,Manual Review,2024-01-28,,4,1,train
CLM-001028,Washing Machine,Home Appliance,Cleanwave,CW-700,SN60621018,CityWide Appliances,2022-11-15,1305.28,24,2024-11-04,2023-07-14,241,479,Display fault,True,0,SN60621018,True,"receipt,product_photo,serial_evidence,fault_evidence",1,False,False,Manual Review,2023-07-07,,479,1,validation
CLM-001029,Television,Electronics,Vistara,VS-55UHD,SN22823236,HomeStyle Retail,2021-08-04,559.98,24,2023-07-25,2023-07-18,713,7,Motor malfunction,True,0,SN22829236,False,"receipt,warranty_card,product_photo,serial_evidence,fault_evidence",0,False,False,Manual Review,2023-07-11,,7,0,train
CLM-001030,Smartphone,Electronics,Nova,NV-X1,SN81361168,HomeStyle Retail,2024-05-29,583.51,12,2025-05-24,2025-05-17,353,7,Display fault,True,4,SN81361168,True,"receipt,warranty_card,product_photo,serial_evidence,fault_evidence",0,False,False,Manual Review,2025-05-10,2025-01-29,7,0,train
CLM-001031,Refrigerator,Home Appliance,FrostLine,FL-220,SN29148862,HomeStyle Retail,2024-04-28,1118.21,12,2025-04-23,2025-04-24,361,-1,Compressor failure,True,1,SN29148862,True,"receipt,warranty_card,product_photo,serial_evidence,fault_evidence",0,False,False,Manual Review,2025-04-17,2024-09-12,1,0,train
CLM-001032,Refrigerator,Home Appliance,FrostLine,FL-300X,SN71443076,MegaMart Electronics,2021-04-19,669.09,36,2024-04-03,2022-09-21,520,560,Motor malfunction,True,4,SN71443076,True,"receipt,warranty_card,product_photo,serial_evidence,fault_evidence",0,False,False,Manual Review,2022-09-14,2022-08-12,560,0,train
CLM-001033,Washing Machine,Home Appliance,Cleanwave,CW-700,SN51025192,HomeStyle Retail,2023-10-26,1472.69,12,2024-10-20,2024-03-01,127,233,Compressor failure,True,1,SN51025292,False,"receipt,warranty_card,product_photo,serial_evidence,fault_evidence",0,False,False,Manual Review,2024-02-23,2023-11-06,233,0,validation
CLM-001034,Smartphone,Electronics,Nova,NV-200,SN84378065,CityWide Appliances,2021-06-07,601.45,24,2023-05-28,2023-06-01,724,-4,Display fault,True,0,SN84378065,True,"warranty_card,product_photo,serial_evidence,fault_evidence",1,False,False,Manual Review,2023-05-25,,4,1,train
CLM-001035,Laptop,Electronics,Vertex,VT-14,SN10978481,TechHub Store,2024-10-18,206.12,18,2026-04-11,2025-03-04,137,403,Compressor failure,True,1,SN10978481,True,"receipt,warranty_card,product_photo,serial_evidence",1,False,False,Manual Review,2025-02-25,2025-01-15,403,1,test
CLM-001036,Television,Electronics,Vistara,VS-43,SN33463164,MegaMart Electronics,2022-05-16,598.66,36,2025-04-30,2025-04-30,1080,0,Component failure,True,0,SN33463164,True,"receipt,warranty_card,product_photo,serial_evidence,fault_evidence",0,False,False,Manual Review,2025-04-23,,0,0,train
CLM-001037,Washing Machine,Home Appliance,Cleanwave,CW-750D,SN25197944,MegaMart Electronics,2023-11-19,870.25,18,2025-05-12,2025-05-12,540,0,Compressor failure,True,0,SN25197944,True,"receipt,warranty_card,product_photo,serial_evidence,fault_evidence",0,False,False,Manual Review,2025-05-05,,0,0,train
CLM-001038,Laptop,Electronics,Vertex,VT-15Pro,SN38597227,MegaMart Electronics,2022-05-27,886.99,24,2024-05-16,2024-05-18,722,-2,Compressor failure,True,1,SN38597227,True,"receipt,warranty_card,product_photo,serial_evidence,fault_evidence",0,False,False,Manual Review,2024-05-11,2023-12-31,2,0,train
CLM-001039,Laptop,Electronics,Vertex,VT-14,SN72150455,CityWide Appliances,2023-03-18,782.76,12,2024-03-12,2024-02-20,339,21,Display fault,True,3,SN72150455,True,"receipt,warranty_card,product_photo,serial_evidence,fault_evidence",0,False,False,Manual Review,2024-02-13,2023-04-17,21,0,train
CLM-001040,Smartphone,Electronics,Nova,NV-200,SN34985664,HomeStyle Retail,2022-12-30,941.74,12,2023-12-25,2023-07-09,191,169,Display fault,True,0,SN14985664,False,"receipt,warranty_card,product_photo,serial_evidence,fault_evidence",0,False,False,Manual Review,2023-07-02,,169,0,train
CLM-001041,Smartphone,Electronics,Nova,NV-X1,SN43572518,MegaMart Electronics,2023-10-05,897.46,12,2024-09-29,2024-06-20,259,101,Motor malfunction,True,0,SN43572518,True,"receipt,warranty_card,product_photo,fault_evidence",1,False,False,Manual Review,2024-06-13,,101,1,validation
CLM-001042,Smartphone,Electronics,Nova,NV-200,SN98084362,TechHub Store,2022-09-05,355.81,18,2024-02-27,2023-06-17,285,255,Component failure,True,1,SN98084362,True,"receipt,product_photo,serial_evidence,fault_evidence",1,False,False,Manual Review,2023-06-10,2023-03-06,255,1,train
CLM-001043,Smartphone,Electronics,Nova,NV-200,SN15403110,MegaMart Electronics,2025-03-11,780.22,18,2026-09-02,2025-10-10,213,327,Display fault,True,2,SN15403110,True,"receipt,warranty_card,product_photo,serial_evidence,fault_evidence",0,False,False,Manual Review,2025-10-03,2025-09-18,327,0,train
CLM-001044,Television,Electronics,Vistara,VS-55UHD,SN25944033,HomeStyle Retail,2022-11-10,990.36,36,2025-10-25,2025-07-28,991,89,Display fault,True,0,SN25944033,True,"receipt,warranty_card,product_photo,serial_evidence",1,False,False,Manual Review,2025-07-21,,89,1,validation
CLM-001045,Laptop,Electronics,Vertex,VT-15Pro,SN27638581,MegaMart Electronics,2024-10-28,541.71,24,2026-10-18,2025-12-21,419,301,Manufacturing defect,True,1,SN27638581,True,"receipt,warranty_card,product_photo,serial_evidence,fault_evidence",0,False,False,Manual Review,2025-12-14,2025-12-08,301,0,train
CLM-001046,Smartphone,Electronics,Nova,NV-200,SN67668666,CityWide Appliances,2021-02-13,888.58,12,2022-02-08,2021-06-24,131,229,Compressor failure,True,1,SN67668666,True,"receipt,warranty_card,product_photo,serial_evidence,fault_evidence",0,False,False,Manual Review,2021-06-17,2021-02-16,229,0,train
CLM-001047,Washing Machine,Home Appliance,Cleanwave,CW-700,SN78617449,MegaMart Electronics,2023-06-09,1421.45,18,2024-11-30,2024-08-31,449,91,Motor malfunction,True,3,SN78617449,True,"receipt,warranty_card,product_photo,serial_evidence,fault_evidence",0,False,False,Manual Review,2024-08-24,2024-07-06,91,0,train
CLM-001048,Smartphone,Electronics,Nova,NV-X1,SN23833135,TechHub Store,2021-08-24,215.62,36,2024-08-08,2024-01-29,888,192,Battery defect,True,2,SN23833135,True,"receipt,warranty_card,product_photo,serial_evidence",1,False,False,Manual Review,2024-01-22,2022-02-26,192,1,validation
CLM-001049,Laptop,Electronics,Vertex,VT-15Pro,SN35793612,CityWide Appliances,2022-01-22,608.5,36,2025-01-06,2025-01-13,1087,-7,Manufacturing defect,True,0,SN35793612,True,"receipt,warranty_card,product_photo,fault_evidence",1,False,False,Manual Review,2025-01-06,,7,1,test
CLM-001050,Laptop,Electronics,Vertex,VT-14,SN39766168,MegaMart Electronics,2024-06-16,672.03,12,2025-06-11,2025-06-11,360,0,Display fault,True,1,SN39766168,True,"receipt,warranty_card,product_photo,serial_evidence,fault_evidence",0,False,False,Manual Review,2025-06-04,2024-07-18,0,0,validation
CLM-001051,Washing Machine,Home Appliance,Cleanwave,CW-750D,SN57113712,TechHub Store,2023-11-11,913.02,18,2025-05-04,2025-05-01,537,3,Component failure,True,0,SN57113712,True,"receipt,warranty_card,product_photo,serial_evidence,fault_evidence",0,False,False,Manual Review,2025-04-24,,3,0,test
CLM-001052,Refrigerator,Home Appliance,FrostLine,FL-300X,SN38451145,MegaMart Electronics,2022-10-18,578.86,36,2025-10-02,2025-10-04,1082,-2,Battery defect,True,0,SN38451145,True,"receipt,warranty_card,serial_evidence,fault_evidence",1,False,False,Manual Review,2025-09-27,,2,1,train
CLM-001053,Washing Machine,Home Appliance,Cleanwave,CW-700,SN23003982,TechHub Store,2021-07-26,1194.34,18,2023-01-17,2022-08-12,382,158,Compressor failure,True,1,SN23003982,True,"receipt,warranty_card,product_photo,serial_evidence,fault_evidence",0,False,False,Manual Review,2022-08-05,2022-05-05,158,0,test
CLM-001054,Air Conditioner,Home Appliance,Chillmax,CM-1.5T,SN41977671,TechHub Store,2025-04-27,1036.16,36,2028-04-11,2027-05-17,750,330,Component failure,True,1,SN41977671,True,"receipt,warranty_card,product_photo,serial_evidence,fault_evidence",0,False,False,Manual Review,2027-05-10,2026-12-17,330,0,validation
CLM-001055,Refrigerator,Home Appliance,FrostLine,FL-220,SN88726945,CityWide Appliances,2023-02-26,274.58,12,2024-02-21,2024-02-23,362,-2,Compressor failure,True,2,SN88746945,False,"receipt,warranty_card,product_photo,serial_evidence,fault_evidence",0,False,False,Manual Review,2024-02-16,2023-10-13,2,0,test
CLM-001056,Television,Electronics,Vistara,VS-43,SN81612882,TechHub Store,2021-07-22,511.22,12,2022-07-17,2022-03-31,252,108,Manufacturing defect,True,2,SN81612882,True,"receipt,warranty_card,product_photo,serial_evidence,fault_evidence",0,False,False,Manual Review,2022-03-24,2021-08-24,108,0,train
CLM-001057,Television,Electronics,Vistara,VS-55UHD,SN94539000,TechHub Store,2022-01-28,210.43,18,2023-07-22,2023-01-28,365,175,Display fault,True,2,SN94539000,True,"receipt,warranty_card,product_photo,serial_evidence,fault_evidence",0,False,False,Manual Review,2023-01-21,2022-03-04,175,0,train
CLM-001058,Refrigerator,Home Appliance,FrostLine,FL-220,SN48877018,MegaMart Electronics,2023-09-16,1091.66,18,2025-03-09,2025-03-05,536,4,Battery defect,True,1,SN48877018,True,"receipt,warranty_card,product_photo,serial_evidence,fault_evidence",0,False,False,Manual Review,2025-02-26,2023-11-18,4,0,train
CLM-001059,Television,Electronics,Vistara,VS-43,SN32215479,HomeStyle Retail,2024-11-21,812.51,12,2025-11-16,2025-08-30,282,78,Display fault,True,0,SN32215499,False,"receipt,warranty_card,product_photo,serial_evidence,fault_evidence",0,False,False,Manual Review,2025-08-23,,78,0,test
CLM-001060,Laptop,Electronics,Vertex,VT-14,SN78826270,HomeStyle Retail,2023-04-01,251.46,24,2025-03-21,2025-03-15,714,6,Motor malfunction,True,1,SN78826270,True,"receipt,warranty_card,product_photo,serial_evidence",1,False,False,Manual Review,2025-03-08,2024-02-06,6,1,train
CLM-001061,Washing Machine,Home Appliance,Cleanwave,CW-700,SN49170544,MegaMart Electronics,2022-03-28,1393.86,12,2023-03-23,2022-07-03,97,263,Component failure,True,2,SN49170544,True,"receipt,warranty_card,product_photo,serial_evidence,fault_evidence",0,False,False,Manual Review,2022-06-26,2022-05-03,263,0,train
CLM-001062,Washing Machine,Home Appliance,Cleanwave,CW-700,SN81752116,MegaMart Electronics,2021-09-30,752.22,12,2022-09-25,2022-09-20,355,5,Compressor failure,True,2,SN81752116,True,"receipt,warranty_card,product_photo,serial_evidence,fault_evidence",0,False,False,Manual Review,2022-09-13,2022-03-27,5,0,validation
CLM-001063,Washing Machine,Home Appliance,Cleanwave,CW-700,SN64806853,CityWide Appliances,2024-07-19,450.13,24,2026-07-09,2026-02-11,572,148,Motor malfunction,True,5,SN64806853,True,"receipt,warranty_card,product_photo,serial_evidence,fault_evidence",0,False,False,Manual Review,2026-02-04,2025-06-17,148,0,validation
CLM-001064,Smartphone,Electronics,Nova,NV-200,SN33721002,MegaMart Electronics,2021-04-28,952.71,24,2023-04-18,2023-04-14,716,4,Manufacturing defect,True,1,SN33721002,True,"receipt,warranty_card,product_photo,serial_evidence,fault_evidence",0,False,False,Manual Review,2023-04-07,2022-10-31,4,0,train
CLM-001065,Refrigerator,Home Appliance,FrostLine,FL-300X,SN94051119,TechHub Store,2024-09-08,1476.33,36,2027-08-24,2027-08-29,1085,-5,Battery defect,True,1,SN94051119,True,"receipt,warranty_card,product_photo,serial_evidence,fault_evidence",0,False,False,Manual Review,2027-08-22,2025-11-05,5,0,validation
CLM-001066,Smartphone,Electronics,Nova,NV-100,SN68237550,HomeStyle Retail,2023-06-25,351.03,12,2024-06-19,2024-01-23,212,148,Display fault,True,4,SN68237552,False,"receipt,warranty_card,product_photo,serial_evidence,fault_evidence",0,False,False,Manual Review,2024-01-16,2023-08-11,148,0,train
CLM-001067,Refrigerator,Home Appliance,FrostLine,FL-220,SN51629000,MegaMart Electronics,2023-07-30,1456.5,12,2024-07-24,2023-11-09,102,258,Display fault,True,2,SN51629000,True,"receipt,product_photo,serial_evidence,fault_evidence",1,False,False,Manual Review,2023-11-02,2023-10-26,258,1,train
CLM-001068,Laptop,Electronics,Vertex,VT-15Pro,SN23453152,TechHub Store,2024-05-29,495.98,12,2025-05-24,2025-05-19,355,5,Compressor failure,True,1,SN23453152,True,"receipt,product_photo,serial_evidence,fault_evidence",1,False,False,Manual Review,2025-05-12,2024-06-05,5,1,train
CLM-001069,Air Conditioner,Home Appliance,Chillmax,CM-1T,SN27740771,MegaMart Electronics,2024-05-20,1042.14,12,2025-05-15,2025-05-20,365,-5,Component failure,True,0,SN24740771,False,"receipt,warranty_card,product_photo,serial_evidence,fault_evidence",0,False,False,Manual Review,2025-05-13,,5,0,train
CLM-001070,Smartphone,Electronics,Nova,NV-X1,SN55417925,CityWide Appliances,2024-07-08,1034.12,24,2026-06-28,2026-07-03,725,-5,Manufacturing defect,True,0,SN55417925,True,"receipt,warranty_card,product_photo,serial_evidence,fault_evidence",0,False,False,Manual Review,2026-06-26,,5,0,train
CLM-001071,Washing Machine,Home Appliance,Cleanwave,CW-700,SN42723471,MegaMart Electronics,2022-02-19,378.16,12,2023-02-14,2022-08-05,167,193,Manufacturing defect,True,1,SN42729471,False,"receipt,warranty_card,product_photo,serial_evidence,fault_evidence",0,False,False,Manual Review,2022-07-29,2022-02-25,193,0,train
CLM-001072,Smartphone,Electronics,Nova,NV-100,SN13221342,MegaMart Electronics,2021-04-02,530.69,12,2022-03-28,2021-06-23,82,278,Component failure,True,4,SN13221342,True,"receipt,warranty_card,product_photo,fault_evidence",1,False,False,Manual Review,2021-06-16,2021-05-18,278,1,test
CLM-001073,Laptop,Electronics,Vertex,VT-14,SN40134894,MegaMart Electronics,2024-09-04,714.55,12,2025-08-30,2024-11-10,67,293,Manufacturing defect,True,0,SN40136894,False,"receipt,warranty_card,product_photo,serial_evidence,fault_evidence",0,False,False,Manual Review,2024-11-03,,293,0,train
CLM-001074,Television,Electronics,Vistara,VS-43,SN33899852,HomeStyle Retail,2024-06-14,425.26,18,2025-12-06,2024-09-18,96,444,Motor malfunction,True,4,SN33899852,True,"receipt,warranty_card,product_photo,serial_evidence,fault_evidence",0,False,False,Manual Review,2024-09-11,2024-08-30,444,0,train
CLM-001075,Washing Machine,Home Appliance,Cleanwave,CW-750D,SN56759534,CityWide Appliances,2022-01-07,562.68,24,2023-12-28,2023-12-21,713,7,Display fault,True,0,SN56759534,True,"receipt,warranty_card,serial_evidence,fault_evidence",1,False,False,Manual Review,2023-12-14,,7,1,train
CLM-001076,Air Conditioner,Home Appliance,Chillmax,CM-1T,SN98027250,MegaMart Electronics,2024-09-17,1502.1,18,2026-03-11,2024-12-14,88,452,Component failure,True,1,SN98027250,True,"receipt,warranty_card,product_photo,serial_evidence,fault_evidence",0,False,False,Manual Review,2024-12-07,2024-11-06,452,0,train
CLM-001077,Laptop,Electronics,Vertex,VT-15Pro,SN29416986,MegaMart Electronics,2023-07-04,692.02,24,2025-06-23,2023-11-06,125,595,Display fault,True,2,SN29216986,False,"receipt,warranty_card,product_photo,serial_evidence,fault_evidence",0,False,False,Manual Review,2023-10-30,2023-08-19,595,0,train
CLM-001078,Refrigerator,Home Appliance,FrostLine,FL-300X,SN28551745,TechHub Store,2022-10-16,1195.44,18,2024-04-08,2023-12-23,433,107,Display fault,True,0,SN28571745,False,"receipt,warranty_card,product_photo,serial_evidence,fault_evidence",0,False,False,Manual Review,2023-12-16,,107,0,train
CLM-001079,Washing Machine,Home Appliance,Cleanwave,CW-750D,SN80725487,HomeStyle Retail,2024-01-31,374.39,18,2025-07-24,2024-10-02,245,295,Component failure,True,0,SN80715487,False,"receipt,warranty_card,product_photo,serial_evidence,fault_evidence",0,False,False,Manual Review,2024-09-25,,295,0,train
CLM-001080,Laptop,Electronics,Vertex,VT-14,SN24784930,MegaMart Electronics,2023-01-11,750.4,12,2024-01-06,2024-01-12,366,-6,Motor malfunction,True,1,SN24784930,True,"receipt,warranty_card,product_photo,serial_evidence,fault_evidence",0,False,False,Manual Review,2024-01-05,2023-07-15,6,0,train
CLM-001081,Television,Electronics,Vistara,VS-55UHD,SN42547451,MegaMart Electronics,2021-10-13,483.21,12,2022-10-08,2022-08-01,292,68,Manufacturing defect,True,0,SN42547451,True,"receipt,product_photo,serial_evidence,fault_evidence",1,False,False,Manual Review,2022-07-25,,68,1,test
CLM-001082,Refrigerator,Home Appliance,FrostLine,FL-300X,SN59886613,MegaMart Electronics,2025-03-10,1090.02,12,2026-03-05,2025-04-02,23,337,Compressor failure,True,0,SN59886613,True,"warranty_card,product_photo,serial_evidence,fault_evidence",1,False,False,Manual Review,2025-03-26,,337,1,train
CLM-001083,Smartphone,Electronics,Nova,NV-100,SN11674728,HomeStyle Retail,2024-04-06,717.83,12,2025-04-01,2024-06-27,82,278,Component failure,True,3,SN11674728,True,"receipt,warranty_card,product_photo,fault_evidence",1,False,False,Manual Review,2024-06-20,2024-04-30,278,1,train
CLM-001084,Laptop,Electronics,Vertex,VT-14,SN48489493,MegaMart Electronics,2023-08-21,798.48,24,2025-08-10,2024-08-10,355,365,Manufacturing defect,True,2,SN48489493,True,"receipt,warranty_card,product_photo,serial_evidence,fault_evidence",0,False,False,Manual Review,2024-08-03,2024-07-15,365,0,train
CLM-001085,Washing Machine,Home Appliance,Cleanwave,CW-750D,SN70974645,HomeStyle Retail,2021-03-07,541.63,24,2023-02-25,2021-03-28,21,699,Battery defect,True,1,SN70974645,True,"receipt,warranty_card,serial_evidence,fault_evidence",1,False,False,Manual Review,2021-03-21,2021-03-24,699,1,train
CLM-001086,Television,Electronics,Vistara,VS-55UHD,SN26795114,TechHub Store,2022-09-19,450.18,24,2024-09-08,2023-07-04,288,432,Component failure,True,1,SN26795104,False,"receipt,warranty_card,product_photo,serial_evidence,fault_evidence",0,False,False,Manual Review,2023-06-27,2023-04-08,432,0,train
CLM-001087,Laptop,Electronics,Vertex,VT-15Pro,SN97603904,TechHub Store,2022-01-12,477.06,24,2024-01-02,2023-12-31,718,2,Display fault,True,0,SN97603904,True,"receipt,warranty_card,product_photo,serial_evidence,fault_evidence",0,False,False,Manual Review,2023-12-24,,2,0,train
CLM-001088,Washing Machine,Home Appliance,Cleanwave,CW-700,SN20443290,HomeStyle Retail,2021-12-04,990.45,12,2022-11-29,2022-03-23,109,251,Motor malfunction,True,3,SN20443290,True,"receipt,warranty_card,product_photo,serial_evidence,fault_evidence",0,False,False,Manual Review,2022-03-16,2021-12-08,251,0,test
CLM-001089,Smartphone,Electronics,Nova,NV-200,SN35198547,HomeStyle Retail,2022-05-06,958.36,12,2023-05-01,2023-04-26,355,5,Motor malfunction,True,0,SN45198547,False,"receipt,warranty_card,product_photo,serial_evidence,fault_evidence",0,False,False,Manual Review,2023-04-19,,5,0,test
CLM-001090,Air Conditioner,Home Appliance,Chillmax,CM-1T,SN16449014,MegaMart Electronics,2021-06-24,805.36,36,2024-06-08,2024-06-08,1080,0,Motor malfunction,True,2,SN16449014,True,"receipt,warranty_card,product_photo,serial_evidence,fault_evidence",0,False,False,Manual Review,2024-06-01,2021-07-12,0,0,train
CLM-001091,Air Conditioner,Home Appliance,Chillmax,CM-1.5T,SN27383462,TechHub Store,2023-01-01,931.23,24,2024-12-21,2023-11-29,332,388,Display fault,True,0,SN25383462,False,"receipt,warranty_card,product_photo,serial_evidence,fault_evidence",0,False,False,Manual Review,2023-11-22,,388,0,train
CLM-001092,Laptop,Electronics,Vertex,VT-14,SN48939164,MegaMart Electronics,2025-02-27,458.51,18,2026-08-21,2026-07-10,498,42,Manufacturing defect,True,2,SN48939164,True,"receipt,warranty_card,product_photo,fault_evidence",1,False,False,Manual Review,2026-07-03,2026-05-27,42,1,test
CLM-001093,Smartphone,Electronics,Nova,NV-X1,SN31615365,CityWide Appliances,2024-07-05,507.19,12,2025-06-30,2025-06-14,344,16,Battery defect,True,0,SN31615365,True,"receipt,warranty_card,product_photo,serial_evidence",1,False,False,Manual Review,2025-06-07,,16,1,train
CLM-001094,Washing Machine,Home Appliance,Cleanwave,CW-750D,SN93680829,CityWide Appliances,2025-02-01,809.27,24,2027-01-22,2025-06-25,144,576,Display fault,True,7,SN93680829,True,"receipt,warranty_card,product_photo,serial_evidence,fault_evidence",0,False,False,Manual Review,2025-06-18,2025-02-12,576,0,train
CLM-001095,Smartphone,Electronics,Nova,NV-100,SN86088145,HomeStyle Retail,2024-12-30,1031.38,24,2026-12-20,2026-09-22,631,89,Manufacturing defect,True,2,SN86088141,False,"receipt,warranty_card,product_photo,serial_evidence,fault_evidence",0,False,False,Manual Review,2026-09-15,2025-05-26,89,0,train
CLM-001096,Laptop,Electronics,Vertex,VT-14,SN49675858,MegaMart Electronics,2025-04-19,1044.04,36,2028-04-03,2028-03-29,1075,5,Motor malfunction,True,1,SN49675858,True,"receipt,warranty_card,product_photo,serial_evidence,fault_evidence",0,False,False,Manual Review,2028-03-22,2027-05-04,5,0,train
CLM-001097,Washing Machine,Home Appliance,Cleanwave,CW-750D,SN44363268,TechHub Store,2022-12-25,1121.41,12,2023-12-20,2023-08-27,245,115,Compressor failure,True,1,SN44363268,True,"receipt,warranty_card,product_photo,fault_evidence",1,False,False,Manual Review,2023-08-20,2023-08-19,115,1,train
CLM-001098,Laptop,Electronics,Vertex,VT-14,SN69166889,HomeStyle Retail,2021-10-15,819.49,36,2024-09-29,2024-01-24,831,249,Manufacturing defect,True,1,SN69166589,False,"receipt,warranty_card,product_photo,serial_evidence",1,False,False,Manual Review,2024-01-17,2023-09-14,249,1,train
CLM-001099,Refrigerator,Home Appliance,FrostLine,FL-220,SN42858752,TechHub Store,2023-04-27,1353.43,18,2024-10-18,2023-06-19,53,487,Battery defect,True,0,SN42858752,True,"receipt,warranty_card,product_photo,serial_evidence,fault_evidence",0,False,False,Manual Review,2023-06-12,,487,0,validation
CLM-001100,Smartphone,Electronics,Nova,NV-200,SN19795032,MegaMart Electronics,2021-01-17,254.58,12,2022-01-12,2022-01-10,358,2,Display fault,True,1,SN19795032,True,"receipt,warranty_card,product_photo,serial_evidence,fault_evidence",0,False,False,Manual Review,2022-01-03,2021-12-26,2,0,test
CLM-001101,Smartphone,Electronics,Nova,NV-100,SN24542266,CityWide Appliances,2021-07-11,637.74,18,2023-01-02,2022-11-09,486,54,Component failure,True,0,SN24542276,False,"receipt,warranty_card,product_photo,serial_evidence,fault_evidence",0,False,False,Manual Review,2022-11-02,,54,0,validation
CLM-001102,Smartphone,Electronics,Nova,NV-X1,SN73917095,MegaMart Electronics,2023-04-03,426.53,18,2024-09-24,2024-08-22,507,33,Display fault,True,1,SN73917095,True,"receipt,warranty_card,product_photo,serial_evidence,fault_evidence",0,False,False,Manual Review,2024-08-15,2023-04-23,33,0,train
CLM-001103,Washing Machine,Home Appliance,Cleanwave,CW-700,SN90675244,TechHub Store,2024-01-22,1617.7,12,2025-01-16,2025-01-23,367,-7,Display fault,True,0,SN50675244,False,"receipt,warranty_card,product_photo,serial_evidence,fault_evidence",0,False,False,Manual Review,2025-01-16,,7,0,test
CLM-001104,Washing Machine,Home Appliance,Cleanwave,CW-700,SN21219432,MegaMart Electronics,2023-08-28,899.24,12,2024-08-22,2024-04-10,226,134,Display fault,True,1,SN21219432,True,"receipt,warranty_card,serial_evidence,fault_evidence",1,False,False,Manual Review,2024-04-03,2023-09-18,134,1,train
CLM-001105,Refrigerator,Home Appliance,FrostLine,FL-300X,SN34706569,TechHub Store,2022-09-03,714.38,36,2025-08-18,2023-11-25,448,632,Motor malfunction,True,1,SN37706569,False,"receipt,warranty_card,product_photo,serial_evidence,fault_evidence",0,False,False,Manual Review,2023-11-18,2023-09-24,632,0,train
CLM-001106,Laptop,Electronics,Vertex,VT-14,SN68624154,HomeStyle Retail,2022-09-01,840.26,12,2023-08-27,2023-05-15,256,104,Compressor failure,True,5,SN68624154,True,"receipt,warranty_card,product_photo,serial_evidence,fault_evidence",0,False,False,Manual Review,2023-05-08,2023-03-20,104,0,validation
CLM-001107,Refrigerator,Home Appliance,FrostLine,FL-300X,SN99129018,CityWide Appliances,2021-01-21,975.23,24,2023-01-11,2022-09-15,602,118,Display fault,True,0,SN29129018,False,"receipt,warranty_card,serial_evidence,fault_evidence",1,False,False,Manual Review,2022-09-08,,118,1,test
CLM-001108,Washing Machine,Home Appliance,Cleanwave,CW-700,SN70473000,CityWide Appliances,2021-10-30,1122.41,18,2023-04-23,2022-12-30,426,114,Compressor failure,True,0,SN70873000,False,"receipt,warranty_card,product_photo,serial_evidence,fault_evidence",0,False,False,Manual Review,2022-12-23,,114,0,train
CLM-001109,Laptop,Electronics,Vertex,VT-14,SN90657252,HomeStyle Retail,2024-03-30,594.79,12,2025-03-25,2024-07-14,106,254,Component failure,True,0,SN90657252,True,"receipt,warranty_card,serial_evidence,fault_evidence",1,False,False,Manual Review,2024-07-07,,254,1,train
CLM-001110,Washing Machine,Home Appliance,Cleanwave,CW-750D,SN51200201,HomeStyle Retail,2022-01-27,1287.45,36,2025-01-11,2025-01-05,1074,6,Manufacturing defect,True,1,SN51200201,True,"receipt,warranty_card,product_photo,serial_evidence,fault_evidence",0,False,False,Manual Review,2024-12-29,2024-11-15,6,0,train
CLM-001111,Air Conditioner,Home Appliance,Chillmax,CM-1.5T,SN80218664,CityWide Appliances,2024-08-21,1113.86,36,2027-08-06,2026-08-22,731,349,Component failure,True,1,SN80218164,False,"receipt,warranty_card,product_photo,serial_evidence,fault_evidence",0,False,False,Manual Review,2026-08-15,2025-12-04,349,0,train
CLM-001112,Washing Machine,Home Appliance,Cleanwave,CW-750D,SN95108432,MegaMart Electronics,2023-05-28,856.85,18,2024-11-18,2024-07-01,400,140,Manufacturing defect,True,0,SN95108432,True,"receipt,warranty_card,product_photo,serial_evidence",1,False,False,Manual Review,2024-06-24,,140,1,train
CLM-001113,Refrigerator,Home Appliance,FrostLine,FL-300X,SN23915063,HomeStyle Retail,2021-06-29,591.67,24,2023-06-19,2023-06-20,721,-1,Battery defect,True,1,SN23915063,True,"receipt,warranty_card,product_photo,serial_evidence",1,False,False,Manual Review,2023-06-13,2021-10-10,1,1,train
CLM-001114,Air Conditioner,Home Appliance,Chillmax,CM-1T,SN39914362,TechHub Store,2024-07-21,744.28,18,2026-01-12,2026-01-11,539,1,Battery defect,True,0,SN39914362,True,"receipt,warranty_card,product_photo,serial_evidence,fault_evidence",0,False,False,Manual Review,2026-01-04,,1,0,train
CLM-001115,Television,Electronics,Vistara,VS-55UHD,SN65423162,CityWide Appliances,2023-02-20,180.22,12,2024-02-15,2023-08-28,189,171,Motor malfunction,True,0,SN65423102,False,"receipt,warranty_card,product_photo,serial_evidence,fault_evidence",0,False,False,Manual Review,2023-08-21,,171,0,train
CLM-001116,Washing Machine,Home Appliance,Cleanwave,CW-750D,SN42420888,MegaMart Electronics,2022-04-04,683.91,18,2023-09-26,2023-01-09,280,260,Display fault,True,2,SN42420888,True,"receipt,warranty_card,product_photo,serial_evidence,fault_evidence",0,False,False,Manual Review,2023-01-02,2022-04-21,260,0,train
CLM-001117,Air Conditioner,Home Appliance,Chillmax,CM-1.5T,SN54975010,MegaMart Electronics,2021-02-01,676.66,12,2022-01-27,2021-11-03,275,85,Battery defect,True,1,SN54975010,True,"receipt,warranty_card,product_photo,serial_evidence,fault_evidence",0,False,False,Manual Review,2021-10-27,2021-09-10,85,0,train
CLM-001118,Air Conditioner,Home Appliance,Chillmax,CM-1.5T,SN27296700,CityWide Appliances,2022-05-11,1515.28,24,2024-04-30,2023-06-27,412,308,Display fault,True,3,SN27296730,False,"receipt,warranty_card,product_photo,serial_evidence,fault_evidence",0,False,False,Manual Review,2023-06-20,2022-10-21,308,0,train
CLM-001119,Laptop,Electronics,Vertex,VT-15Pro,SN94197247,CityWide Appliances,2023-11-26,989.06,12,2024-11-20,2024-11-10,350,10,Component failure,True,0,SN94197247,True,"receipt,warranty_card,product_photo,serial_evidence",1,False,False,Manual Review,2024-11-03,,10,1,train
CLM-001120,Refrigerator,Home Appliance,FrostLine,FL-220,SN13733713,HomeStyle Retail,2022-10-23,596.17,12,2023-10-18,2023-10-17,359,1,Manufacturing defect,True,0,SN13733713,True,"receipt,warranty_card,product_photo,serial_evidence",1,False,False,Manual Review,2023-10-10,,1,1,train
CLM-001121,Smartphone,Electronics,Nova,NV-X1,SN39763482,MegaMart Electronics,2024-03-17,668.38,18,2025-09-08,2025-03-28,376,164,Component failure,True,1,SN39763482,True,"receipt,warranty_card,product_photo,serial_evidence",1,False,False,Manual Review,2025-03-21,2025-03-24,164,1,train
CLM-001122,Television,Electronics,Vistara,VS-43,SN95682794,CityWide Appliances,2023-02-14,698.36,24,2025-02-03,2025-01-30,716,4,Manufacturing defect,True,0,SN95682794,True,"receipt,warranty_card,product_photo,serial_evidence,fault_evidence",0,False,False,Manual Review,2025-01-23,,4,0,test
CLM-001123,Washing Machine,Home Appliance,Cleanwave,CW-700,SN22452337,MegaMart Electronics,2021-08-16,958.23,18,2023-02-07,2023-02-13,546,-6,Motor malfunction,True,1,SN22452337,True,"receipt,warranty_card,product_photo,serial_evidence,fault_evidence",0,False,False,Manual Review,2023-02-06,2022-03-17,6,0,train
CLM-001124,Laptop,Electronics,Vertex,VT-14,SN38225447,TechHub Store,2023-03-12,474.66,12,2024-03-06,2024-03-14,368,-8,Display fault,True,1,SN38225447,True,"receipt,warranty_card,product_photo,serial_evidence,fault_evidence",0,False,False,Manual Review,2024-03-07,2023-08-20,8,0,train
CLM-001125,Television,Electronics,Vistara,VS-43,SN25731275,CityWide Appliances,2024-07-21,1098.75,36,2027-07-06,2027-07-04,1078,2,Display fault,True,0,SN25731275,True,"receipt,warranty_card,serial_evidence,fault_evidence",1,False,False,Manual Review,2027-06-27,,2,1,train
CLM-001126,Washing Machine,Home Appliance,Cleanwave,CW-700,SN35883252,HomeStyle Retail,2024-06-11,1278.78,24,2026-06-01,2026-05-24,712,8,Battery defect,True,0,SN95883252,False,"receipt,warranty_card,product_photo,serial_evidence,fault_evidence",0,False,False,Manual Review,2026-05-17,,8,0,train
CLM-001127,Smartphone,Electronics,Nova,NV-100,SN39495837,MegaMart Electronics,2025-04-08,1166.75,12,2026-04-03,2026-04-04,361,-1,Compressor failure,True,4,SN39495837,True,"receipt,warranty_card,product_photo,serial_evidence,fault_evidence",0,False,False,Manual Review,2026-03-28,2025-06-12,1,0,train
CLM-001128,Refrigerator,Home Appliance,FrostLine,FL-300X,SN72685550,TechHub Store,2022-07-03,772.61,12,2023-06-28,2023-01-07,188,172,Display fault,True,2,SN72685550,True,"receipt,warranty_card,product_photo,fault_evidence",1,False,False,Manual Review,2022-12-31,2022-11-12,172,1,train
CLM-001129,Television,Electronics,Vistara,VS-43,SN88335942,TechHub Store,2023-03-31,749.18,36,2026-03-15,2024-11-05,585,495,Component failure,True,6,SN88332942,False,"receipt,warranty_card,product_photo,serial_evidence,fault_evidence",0,False,False,Manual Review,2024-10-29,2024-08-12,495,0,validation
CLM-001130,Air Conditioner,Home Appliance,Chillmax,CM-1T,SN91509842,HomeStyle Retail,2023-06-07,102.34,36,2026-05-22,2024-12-24,566,514,Motor malfunction,True,1,SN91569842,False,"receipt,warranty_card,product_photo,serial_evidence,fault_evidence",0,False,False,Manual Review,2024-12-17,2023-08-12,514,0,train
CLM-001131,Washing Machine,Home Appliance,Cleanwave,CW-750D,SN49389352,HomeStyle Retail,2023-07-10,1165.95,12,2024-07-04,2024-07-01,357,3,Compressor failure,True,0,SN49389352,True,"receipt,warranty_card,product_photo,serial_evidence,fault_evidence",0,False,False,Manual Review,2024-06-24,,3,0,test
CLM-001132,Laptop,Electronics,Vertex,VT-14,SN58015656,MegaMart Electronics,2023-12-23,460.71,18,2025-06-15,2025-06-26,551,-11,Component failure,True,0,SN58015656,True,"receipt,warranty_card,product_photo,serial_evidence,fault_evidence",0,False,False,Manual Review,2025-06-19,,11,0,train
CLM-001133,Smartphone,Electronics,Nova,NV-X1,SN11463110,TechHub Store,2024-09-07,596.69,18,2026-03-01,2025-01-20,135,405,Display fault,True,0,SN11463110,True,"receipt,product_photo,serial_evidence,fault_evidence",1,False,False,Manual Review,2025-01-13,,405,1,train
CLM-001134,Washing Machine,Home Appliance,Cleanwave,CW-700,SN80767956,MegaMart Electronics,2024-03-08,1154.35,24,2026-02-26,2025-04-16,404,316,Motor malfunction,True,0,SN80767956,True,"receipt,warranty_card,product_photo,serial_evidence",1,False,False,Manual Review,2025-04-09,,316,1,train
CLM-001135,Refrigerator,Home Appliance,FrostLine,FL-300X,SN52652151,TechHub Store,2025-01-06,875.68,24,2026-12-27,2026-12-24,717,3,Component failure,True,2,SN52652151,True,"receipt,warranty_card,product_photo,serial_evidence,fault_evidence",0,False,False,Manual Review,2026-12-17,2025-07-27,3,0,test
CLM-001136,Smartphone,Electronics,Nova,NV-200,SN32969985,HomeStyle Retail,2021-04-12,707.46,24,2023-04-02,2022-06-27,441,279,Battery defect,True,0,SN32969935,False,"receipt,warranty_card,product_photo,serial_evidence",1,False,False,Manual Review,2022-06-20,,279,1,validation
CLM-001137,Washing Machine,Home Appliance,Cleanwave,CW-750D,SN14967155,CityWide Appliances,2021-02-13,1046.96,12,2022-02-08,2022-02-16,368,-8,Battery defect,True,1,SN14967155,True,"receipt,warranty_card,product_photo,serial_evidence,fault_evidence",0,False,False,Manual Review,2022-02-09,2021-03-06,8,0,train
CLM-001138,Air Conditioner,Home Appliance,Chillmax,CM-1.5T,SN50399304,MegaMart Electronics,2022-11-22,916.31,24,2024-11-11,2024-11-19,728,-8,Motor malfunction,True,0,SN50399304,True,"receipt,warranty_card,product_photo,serial_evidence,fault_evidence",0,False,False,Manual Review,2024-11-12,,8,0,train
CLM-001139,Washing Machine,Home Appliance,Cleanwave,CW-750D,SN76214520,TechHub Store,2023-03-31,1081.69,12,2024-03-25,2023-05-04,34,326,Manufacturing defect,True,3,SN76214520,True,"receipt,warranty_card,product_photo,serial_evidence,fault_evidence",0,False,False,Manual Review,2023-04-27,2023-04-24,326,0,validation
CLM-001140,Smartphone,Electronics,Nova,NV-200,SN68476310,MegaMart Electronics,2024-06-19,510.29,12,2025-06-14,2025-06-14,360,0,Component failure,True,1,SN68476310,True,"warranty_card,product_photo,serial_evidence,fault_evidence",1,False,False,Manual Review,2025-06-07,2024-12-25,0,1,train
CLM-001141,Air Conditioner,Home Appliance,Chillmax,CM-1T,SN16442905,CityWide Appliances,2024-01-06,540.58,36,2026-12-21,2026-12-25,1084,-4,Manufacturing defect,True,0,SN16442905,True,"receipt,warranty_card,product_photo,serial_evidence,fault_evidence",0,False,False,Manual Review,2026-12-18,,4,0,train
CLM-001142,Television,Electronics,Vistara,VS-55UHD,SN26092896,MegaMart Electronics,2022-06-25,561.8,18,2023-12-17,2022-12-26,184,356,Compressor failure,True,0,SN26792896,False,"receipt,warranty_card,product_photo,serial_evidence,fault_evidence",0,False,False,Manual Review,2022-12-19,,356,0,train
CLM-001143,Laptop,Electronics,Vertex,VT-15Pro,SN53206211,TechHub Store,2023-07-05,555.9,24,2025-06-24,2025-05-22,687,33,Component failure,True,0,SN53206211,True,"receipt,warranty_card,product_photo,fault_evidence",1,False,False,Manual Review,2025-05-15,,33,1,train
CLM-001144,Laptop,Electronics,Vertex,VT-14,SN98514011,TechHub Store,2021-07-08,620.96,12,2022-07-03,2022-01-14,190,170,Component failure,True,4,SN98514011,True,"receipt,warranty_card,product_photo,serial_evidence,fault_evidence",0,False,False,Manual Review,2022-01-07,2022-01-02,170,0,train
CLM-001145,Refrigerator,Home Appliance,FrostLine,FL-300X,SN61681908,MegaMart Electronics,2021-06-09,1434.15,12,2022-06-04,2022-06-01,357,3,Component failure,True,0,SN66681908,False,"receipt,warranty_card,product_photo,serial_evidence,fault_evidence",0,False,False,Manual Review,2022-05-25,,3,0,train
CLM-001146,Refrigerator,Home Appliance,FrostLine,FL-220,SN77714375,MegaMart Electronics,2024-04-24,1497.65,24,2026-04-14,2025-03-19,329,391,Component failure,True,1,SN77714375,True,"receipt,warranty_card,product_photo,serial_evidence,fault_evidence",0,False,False,Manual Review,2025-03-12,2024-08-15,391,0,train
CLM-001147,Smartphone,Electronics,Nova,NV-200,SN35226688,MegaMart Electronics,2023-01-15,1128.59,18,2024-07-08,2024-07-03,535,5,Compressor failure,True,0,SN35226628,False,"receipt,warranty_card,product_photo,serial_evidence,fault_evidence",0,False,False,Manual Review,2024-06-26,,5,0,train
CLM-001148,Air Conditioner,Home Appliance,Chillmax,CM-1T,SN12226394,CityWide Appliances,2022-09-22,756.82,36,2025-09-06,2025-09-09,1083,-3,Motor malfunction,True,0,SN12226394,True,"receipt,product_photo,serial_evidence,fault_evidence",1,False,False,Manual Review,2025-09-02,,3,1,train
CLM-001149,Television,Electronics,Vistara,VS-43,SN57570364,HomeStyle Retail,2021-02-28,600.26,18,2022-08-22,2021-07-09,131,409,Battery defect,True,0,SN57770364,False,"receipt,warranty_card,product_photo,serial_evidence,fault_evidence",0,False,False,Manual Review,2021-07-02,,409,0,train
CLM-001150,Washing Machine,Home Appliance,Cleanwave,CW-700,SN97056537,HomeStyle Retail,2023-06-02,937.67,18,2024-11-23,2024-11-14,531,9,Display fault,True,0,SN97056537,True,"receipt,warranty_card,product_photo,serial_evidence,fault_evidence",0,False,False,Manual Review,2024-11-07,,9,0,test
CLM-001151,Refrigerator,Home Appliance,FrostLine,FL-300X,SN24654503,TechHub Store,2022-02-02,1208.01,12,2023-01-28,2022-11-10,281,79,Manufacturing defect,True,3,SN23654503,False,"receipt,product_photo,serial_evidence,fault_evidence",1,False,False,Manual Review,2022-11-03,2022-03-02,79,1,train
CLM-001152,Washing Machine,Home Appliance,Cleanwave,CW-750D,SN62601013,HomeStyle Retail,2021-03-15,549.24,24,2023-03-05,2023-02-21,708,12,Compressor failure,True,0,SN62601013,True,"receipt,product_photo,serial_evidence,fault_evidence",1,False,False,Manual Review,2023-02-14,,12,1,test
CLM-001153,Washing Machine,Home Appliance,Cleanwave,CW-750D,SN90035829,MegaMart Electronics,2024-11-17,786.19,12,2025-11-12,2025-11-22,370,-10,Manufacturing defect,True,0,SN90035829,True,"warranty_card,product_photo,serial_evidence,fault_evidence",1,False,False,Manual Review,2025-11-15,,10,1,train
CLM-001154,Smartphone,Electronics,Nova,NV-X1,SN19322043,MegaMart Electronics,2022-01-15,635.4,18,2023-07-09,2022-09-26,254,286,Component failure,True,0,SN19322843,False,"receipt,warranty_card,product_photo,serial_evidence,fault_evidence",0,False,False,Manual Review,2022-09-19,,286,0,train
CLM-001155,Television,Electronics,Vistara,VS-43,SN32914336,TechHub Store,2021-01-27,998.12,24,2023-01-17,2021-08-06,191,529,Display fault,True,0,SN62914336,False,"receipt,warranty_card,product_photo,serial_evidence,fault_evidence",0,False,False,Manual Review,2021-07-30,,529,0,train
CLM-001156,Air Conditioner,Home Appliance,Chillmax,CM-1.5T,SN40640252,HomeStyle Retail,2024-04-09,1109.45,12,2025-04-04,2024-05-12,33,327,Component failure,True,0,SN40640252,True,"receipt,product_photo,serial_evidence,fault_evidence",1,False,False,Manual Review,2024-05-05,,327,1,train
CLM-001157,Television,Electronics,Vistara,VS-55UHD,SN99041184,HomeStyle Retail,2021-07-12,575.6,12,2022-07-07,2022-01-17,189,171,Motor malfunction,True,3,SN99041184,True,"receipt,warranty_card,product_photo,serial_evidence,fault_evidence",0,False,False,Manual Review,2022-01-10,2021-11-07,171,0,validation
CLM-001158,Air Conditioner,Home Appliance,Chillmax,CM-1.5T,SN25134534,MegaMart Electronics,2021-01-28,832.76,24,2023-01-18,2022-07-22,540,180,Battery defect,True,2,SN25134534,True,"receipt,warranty_card,product_photo,serial_evidence,fault_evidence",0,False,False,Manual Review,2022-07-15,2021-02-19,180,0,train
CLM-001159,Washing Machine,Home Appliance,Cleanwave,CW-700,SN42798491,HomeStyle Retail,2021-10-30,1058.36,36,2024-10-14,2022-08-26,300,780,Motor malfunction,True,0,SN42798491,True,"receipt,warranty_card,product_photo,fault_evidence",1,False,False,Manual Review,2022-08-19,,780,1,train
CLM-001160,Refrigerator,Home Appliance,FrostLine,FL-300X,SN94139980,TechHub Store,2022-02-27,790.29,24,2024-02-17,2023-03-30,396,324,Battery defect,True,1,SN94139980,True,"receipt,warranty_card,product_photo,fault_evidence",1,False,False,Manual Review,2023-03-23,2022-05-28,324,1,train
CLM-001161,Laptop,Electronics,Vertex,VT-15Pro,SN51516670,MegaMart Electronics,2022-06-28,723.48,36,2025-06-12,2024-09-15,810,270,Battery defect,True,2,SN51516670,True,"receipt,warranty_card,product_photo,serial_evidence,fault_evidence",0,False,False,Manual Review,2024-09-08,2023-12-13,270,0,test
CLM-001162,Laptop,Electronics,Vertex,VT-15Pro,SN48709538,MegaMart Electronics,2024-12-08,923.23,18,2026-06-01,2026-06-01,540,0,Manufacturing defect,True,1,SN48709538,True,"receipt,warranty_card,product_photo,serial_evidence,fault_evidence",0,False,False,Manual Review,2026-05-25,2026-05-03,0,0,validation
CLM-001163,Refrigerator,Home Appliance,FrostLine,FL-220,SN50754622,HomeStyle Retail,2024-11-04,989.13,12,2025-10-30,2025-04-11,158,202,Motor malfunction,True,2,SN50754622,True,"warranty_card,product_photo,serial_evidence,fault_evidence",1,False,False,Manual Review,2025-04-04,2024-11-08,202,1,validation
CLM-001164,Smartphone,Electronics,Nova,NV-200,SN10683201,HomeStyle Retail,2023-07-19,941.09,12,2024-07-13,2023-09-30,73,287,Compressor failure,True,3,SN10683201,True,"receipt,warranty_card,product_photo,serial_evidence,fault_evidence",0,False,False,Manual Review,2023-09-23,2023-07-20,287,0,train
CLM-001165,Refrigerator,Home Appliance,FrostLine,FL-220,SN21543189,TechHub Store,2021-04-13,201.7,12,2022-04-08,2022-01-05,267,93,Component failure,True,1,SN21543189,True,"receipt,warranty_card,product_photo,serial_evidence,fault_evidence",0,False,False,Manual Review,2021-12-29,2021-07-23,93,0,train
CLM-001166,Smartphone,Electronics,Nova,NV-200,SN43383774,TechHub Store,2023-06-04,382.94,24,2025-05-24,2025-05-21,717,3,Compressor failure,True,1,SN43383774,True,"receipt,warranty_card,product_photo,serial_evidence,fault_evidence",0,False,False,Manual Review,2025-05-14,2024-07-04,3,0,train
CLM-001167,Television,Electronics,Vistara,VS-55UHD,SN33260196,HomeStyle Retail,2023-05-16,410.83,18,2024-11-06,2024-10-27,530,10,Compressor failure,True,0,SN33260196,True,"receipt,warranty_card,product_photo,serial_evidence,fault_evidence",0,False,False,Manual Review,2024-10-20,,10,0,test
CLM-001168,Washing Machine,Home Appliance,Cleanwave,CW-750D,SN84394708,MegaMart Electronics,2022-10-23,867.42,24,2024-10-12,2023-05-25,214,506,Manufacturing defect,True,0,SN84394708,True,"receipt,warranty_card,serial_evidence,fault_evidence",1,False,False,Manual Review,2023-05-18,,506,1,train
CLM-001169,Air Conditioner,Home Appliance,Chillmax,CM-1.5T,SN22890579,MegaMart Electronics,2022-09-01,509.7,24,2024-08-21,2023-09-30,394,326,Battery defect,True,0,SN22890575,False,"receipt,warranty_card,product_photo,serial_evidence,fault_evidence",0,False,False,Manual Review,2023-09-23,,326,0,train
CLM-001170,Laptop,Electronics,Vertex,VT-15Pro,SN71912488,MegaMart Electronics,2024-11-04,804.46,24,2026-10-25,2026-03-06,487,233,Manufacturing defect,True,0,SN61912488,False,"receipt,warranty_card,product_photo,serial_evidence,fault_evidence",0,False,False,Manual Review,2026-02-27,,233,0,test
CLM-001171,Laptop,Electronics,Vertex,VT-14,SN93334410,HomeStyle Retail,2025-03-28,465.18,12,2026-03-23,2026-01-29,307,53,Battery defect,True,3,SN93334410,True,"receipt,warranty_card,product_photo,serial_evidence,fault_evidence",0,False,False,Manual Review,2026-01-22,2025-08-26,53,0,train
CLM-001172,Laptop,Electronics,Vertex,VT-15Pro,SN17294228,MegaMart Electronics,2021-04-20,799.46,24,2023-04-10,2021-05-06,16,704,Motor malfunction,True,2,SN17291228,False,"receipt,warranty_card,product_photo,serial_evidence,fault_evidence",0,False,False,Manual Review,2021-04-29,2021-04-24,704,0,validation
CLM-001173,Air Conditioner,Home Appliance,Chillmax,CM-1T,SN37523284,HomeStyle Retail,2022-08-19,1160.84,24,2024-08-08,2022-12-31,134,586,Battery defect,True,3,SN37523284,True,"receipt,warranty_card,product_photo,serial_evidence,fault_evidence",0,False,False,Manual Review,2022-12-24,2022-12-24,586,0,train
CLM-001174,Refrigerator,Home Appliance,FrostLine,FL-220,SN75089577,HomeStyle Retail,2021-10-07,320.38,12,2022-10-02,2022-03-25,169,191,Manufacturing defect,True,0,SN75089577,True,"receipt,product_photo,serial_evidence,fault_evidence",1,False,False,Manual Review,2022-03-18,,191,1,train
CLM-001175,Washing Machine,Home Appliance,Cleanwave,CW-700,SN73584629,MegaMart Electronics,2021-05-18,1101.77,12,2022-05-13,2022-05-13,360,0,Battery defect,True,1,SN73584629,True,"receipt,warranty_card,product_photo,serial_evidence,fault_evidence",0,False,False,Manual Review,2022-05-06,2022-01-01,0,0,test
CLM-001176,Laptop,Electronics,Vertex,VT-14,SN41531482,TechHub Store,2023-03-12,447.25,12,2024-03-06,2024-03-06,360,0,Battery defect,True,0,SN41531482,True,"receipt,warranty_card,product_photo,serial_evidence,fault_evidence",0,False,False,Manual Review,2024-02-28,,0,0,train
CLM-001177,Smartphone,Electronics,Nova,NV-100,SN95388938,MegaMart Electronics,2022-06-18,635.93,24,2024-06-07,2024-03-20,641,79,Component failure,True,1,SN95488938,False,"receipt,warranty_card,product_photo,serial_evidence,fault_evidence",0,False,False,Manual Review,2024-03-13,2023-11-24,79,0,train
CLM-001178,Washing Machine,Home Appliance,Cleanwave,CW-700,SN89022539,HomeStyle Retail,2025-02-27,1201.89,24,2027-02-17,2025-12-30,306,414,Display fault,True,0,SN89022539,True,"receipt,warranty_card,serial_evidence,fault_evidence",1,False,False,Manual Review,2025-12-23,,414,1,train
CLM-001179,Air Conditioner,Home Appliance,Chillmax,CM-1T,SN13754158,MegaMart Electronics,2023-03-02,1194.91,24,2025-02-19,2025-02-19,720,0,Manufacturing defect,True,0,SN13754158,True,"receipt,warranty_card,product_photo,serial_evidence,fault_evidence",0,False,False,Manual Review,2025-02-12,,0,0,train
CLM-001180,Smartphone,Electronics,Nova,NV-200,SN28697002,HomeStyle Retail,2024-03-01,692.04,18,2025-08-23,2025-06-09,465,75,Manufacturing defect,True,5,SN28697005,False,"receipt,warranty_card,product_photo,serial_evidence,fault_evidence",0,False,False,Manual Review,2025-06-02,2024-05-22,75,0,train
CLM-001181,Laptop,Electronics,Vertex,VT-14,SN98035991,MegaMart Electronics,2023-01-03,506.82,18,2024-06-26,2024-02-16,409,131,Motor malfunction,True,0,SN98035991,True,"receipt,warranty_card,product_photo,serial_evidence",1,False,False,Manual Review,2024-02-09,,131,1,train
CLM-001182,Washing Machine,Home Appliance,Cleanwave,CW-750D,SN19155005,CityWide Appliances,2023-07-31,664.0,24,2025-07-20,2025-06-14,684,36,Display fault,True,0,SN19155005,True,"receipt,warranty_card,product_photo,fault_evidence",1,False,False,Manual Review,2025-06-07,,36,1,train
CLM-001183,Air Conditioner,Home Appliance,Chillmax,CM-1.5T,SN27370722,TechHub Store,2023-08-25,409.87,24,2025-08-14,2025-02-04,529,191,Battery defect,True,0,SN27370722,True,"receipt,warranty_card,product_photo,serial_evidence",1,False,False,Manual Review,2025-01-28,,191,1,train
CLM-001184,Air Conditioner,Home Appliance,Chillmax,CM-1T,SN41098826,MegaMart Electronics,2022-12-14,430.92,24,2024-12-03,2024-12-14,731,-11,Compressor failure,True,1,SN48098826,False,"receipt,warranty_card,product_photo,serial_evidence,fault_evidence",0,False,False,Manual Review,2024-12-07,2024-04-15,11,0,train
CLM-001185,Refrigerator,Home Appliance,FrostLine,FL-300X,SN66378982,CityWide Appliances,2022-10-25,1290.47,24,2024-10-14,2024-10-14,720,0,Battery defect,True,0,SN66378982,True,"warranty_card,product_photo,serial_evidence,fault_evidence",1,False,False,Manual Review,2024-10-07,,0,1,train
CLM-001186,Washing Machine,Home Appliance,Cleanwave,CW-700,SN33362909,MegaMart Electronics,2022-05-28,1321.13,12,2023-05-23,2023-05-21,358,2,Compressor failure,True,0,SN33362909,True,"receipt,warranty_card,product_photo,serial_evidence,fault_evidence",0,False,False,Manual Review,2023-05-14,,2,0,train
CLM-001187,Refrigerator,Home Appliance,FrostLine,FL-220,SN37003632,TechHub Store,2023-07-10,1272.51,18,2024-12-31,2024-10-10,458,82,Battery defect,True,3,SN37003632,True,"receipt,warranty_card,product_photo,fault_evidence",1,False,False,Manual Review,2024-10-03,2024-08-28,82,1,train
CLM-001188,Refrigerator,Home Appliance,FrostLine,FL-220,SN14461288,TechHub Store,2022-01-29,1261.13,12,2023-01-24,2023-01-31,367,-7,Manufacturing defect,True,3,SN14461288,True,"receipt,warranty_card,product_photo,serial_evidence,fault_evidence",0,False,False,Manual Review,2023-01-24,2022-08-02,7,0,test
CLM-001189,Refrigerator,Home Appliance,FrostLine,FL-300X,SN35519742,TechHub Store,2023-04-16,828.34,24,2025-04-05,2025-04-07,722,-2,Battery defect,True,0,SN35519742,True,"receipt,warranty_card,product_photo,serial_evidence,fault_evidence",0,False,False,Manual Review,2025-03-31,,2,0,test
CLM-001190,Air Conditioner,Home Appliance,Chillmax,CM-1.5T,SN67379655,HomeStyle Retail,2023-08-29,1545.69,18,2025-02-19,2024-01-27,151,389,Manufacturing defect,True,3,SN67379655,True,"receipt,warranty_card,product_photo,serial_evidence,fault_evidence",0,False,False,Manual Review,2024-01-20,2024-01-22,389,0,test
CLM-001191,Smartphone,Electronics,Nova,NV-X1,SN54415303,MegaMart Electronics,2021-06-10,650.16,12,2022-06-05,2021-10-16,128,232,Motor malfunction,True,4,SN54415303,True,"receipt,warranty_card,serial_evidence,fault_evidence",1,False,False,Manual Review,2021-10-09,2021-09-18,232,1,validation
CLM-001192,Laptop,Electronics,Vertex,VT-14,SN79492537,CityWide Appliances,2024-12-11,425.73,18,2026-06-04,2025-03-07,86,454,Motor malfunction,True,1,SN79492537,True,"receipt,warranty_card,product_photo,serial_evidence",1,False,False,Manual Review,2025-02-28,2025-02-01,454,1,test
CLM-001193,Television,Electronics,Vistara,VS-55UHD,SN97675315,MegaMart Electronics,2024-06-20,337.67,12,2025-06-15,2025-06-14,359,1,Motor malfunction,True,1,SN97675315,True,"receipt,warranty_card,product_photo,serial_evidence,fault_evidence",0,False,False,Manual Review,2025-06-07,2025-01-22,1,0,train
CLM-001194,Air Conditioner,Home Appliance,Chillmax,CM-1.5T,SN99031467,CityWide Appliances,2022-06-19,683.52,12,2023-06-14,2023-06-16,362,-2,Display fault,True,0,SN39031467,False,"receipt,warranty_card,product_photo,serial_evidence,fault_evidence",0,False,False,Manual Review,2023-06-09,,2,0,train
CLM-001195,Smartphone,Electronics,Nova,NV-200,SN90282015,TechHub Store,2021-05-30,535.94,24,2023-05-20,2023-05-10,710,10,Manufacturing defect,True,1,SN90282015,True,"receipt,warranty_card,product_photo,serial_evidence,fault_evidence",0,False,False,Manual Review,2023-05-03,2022-12-16,10,0,train
CLM-001196,Smartphone,Electronics,Nova,NV-X1,SN40231877,TechHub Store,2023-09-08,327.39,36,2026-08-23,2024-04-18,223,857,Display fault,True,3,SN40231877,True,"receipt,warranty_card,product_photo,serial_evidence,fault_evidence",0,False,False,Manual Review,2024-04-11,2024-01-09,857,0,train
CLM-001197,Smartphone,Electronics,Nova,NV-100,SN81697212,HomeStyle Retail,2022-09-14,710.7,24,2024-09-03,2024-09-05,722,-2,Compressor failure,True,1,SN81697212,True,"receipt,warranty_card,product_photo,fault_evidence",1,False,False,Manual Review,2024-08-29,2024-08-15,2,1,train
CLM-001198,Laptop,Electronics,Vertex,VT-15Pro,SN83758671,MegaMart Electronics,2025-02-20,536.95,12,2026-02-15,2025-05-05,74,286,Motor malfunction,True,1,SN86758671,False,"receipt,warranty_card,product_photo,fault_evidence",1,False,False,Manual Review,2025-04-28,2025-03-17,286,1,train
CLM-001199,Laptop,Electronics,Vertex,VT-14,SN65440710,TechHub Store,2022-12-04,583.57,18,2024-05-27,2024-05-26,539,1,Battery defect,True,0,SN65440710,True,"receipt,warranty_card,product_photo,serial_evidence",1,False,False,Manual Review,2024-05-19,,1,1,train
CLM-001200,Washing Machine,Home Appliance,Cleanwave,CW-700,SN20282645,MegaMart Electronics,2021-04-04,981.48,36,2024-03-19,2024-03-17,1078,2,Display fault,True,0,SN20282645,True,"receipt,warranty_card,product_photo,serial_evidence,fault_evidence",0,False,False,Manual Review,2024-03-10,,2,0,train
CLM-001201,Television,Electronics,Vistara,VS-55UHD,SN27410219,HomeStyle Retail,2022-01-05,698.4,12,2022-12-31,2022-12-16,345,15,Display fault,True,4,SN27410219,True,"receipt,warranty_card,product_photo,serial_evidence,fault_evidence",0,False,False,Manual Review,2022-12-09,2022-12-08,15,0,validation
CLM-001202,Laptop,Electronics,Vertex,VT-15Pro,SN57910133,CityWide Appliances,2021-09-08,732.84,24,2023-08-29,2023-08-29,720,0,Component failure,True,0,SN57910133,True,"receipt,warranty_card,product_photo,serial_evidence,fault_evidence",0,False,False,Manual Review,2023-08-22,,0,0,validation
CLM-001203,Television,Electronics,Vistara,VS-43,SN80711829,CityWide Appliances,2023-06-28,686.51,24,2025-06-17,2024-05-02,309,411,Motor malfunction,True,1,SN80711829,True,"receipt,warranty_card,product_photo,serial_evidence,fault_evidence",0,False,False,Manual Review,2024-04-25,2024-04-01,411,0,train
CLM-001204,Laptop,Electronics,Vertex,VT-14,SN37320680,CityWide Appliances,2023-10-29,1153.35,12,2024-10-23,2024-09-21,328,32,Battery defect,True,6,SN37320680,True,"receipt,warranty_card,product_photo,serial_evidence,fault_evidence",0,False,False,Manual Review,2024-09-14,2024-02-25,32,0,train
CLM-001205,Smartphone,Electronics,Nova,NV-100,SN69093033,TechHub Store,2022-09-17,884.2,24,2024-09-06,2023-02-19,155,565,Display fault,True,1,SN60093033,False,"receipt,warranty_card,product_photo,fault_evidence",1,False,False,Manual Review,2023-02-12,2022-09-26,565,1,train
CLM-001206,Smartphone,Electronics,Nova,NV-X1,SN61531052,HomeStyle Retail,2022-07-08,848.45,12,2023-07-03,2022-08-30,53,307,Display fault,True,1,SN61531072,False,"receipt,warranty_card,product_photo,serial_evidence,fault_evidence",0,False,False,Manual Review,2022-08-23,2022-07-11,307,0,test
CLM-001207,Smartphone,Electronics,Nova,NV-200,SN14201833,HomeStyle Retail,2022-04-05,666.65,12,2023-03-31,2023-01-12,282,78,Manufacturing defect,True,1,SN14201833,True,"receipt,warranty_card,serial_evidence,fault_evidence",1,False,False,Manual Review,2023-01-05,2022-09-25,78,1,train
CLM-001208,Refrigerator,Home Appliance,FrostLine,FL-300X,SN67384680,TechHub Store,2022-06-22,852.67,24,2024-06-11,2023-06-16,359,361,Manufacturing defect,True,0,SN67384680,True,"warranty_card,product_photo,serial_evidence,fault_evidence",1,False,False,Manual Review,2023-06-09,,361,1,validation
CLM-001209,Laptop,Electronics,Vertex,VT-15Pro,SN31816939,CityWide Appliances,2024-02-08,727.1,18,2025-08-01,2025-06-06,484,56,Display fault,True,3,SN31816939,True,"receipt,warranty_card,product_photo,serial_evidence,fault_evidence",0,False,False,Manual Review,2025-05-30,2025-02-24,56,0,train
CLM-001210,Refrigerator,Home Appliance,FrostLine,FL-300X,SN21480563,CityWide Appliances,2022-05-03,1301.75,12,2023-04-28,2023-04-26,358,2,Battery defect,True,0,SN21480563,True,"receipt,warranty_card,product_photo,serial_evidence,fault_evidence",0,False,False,Manual Review,2023-04-19,,2,0,train
CLM-001211,Washing Machine,Home Appliance,Cleanwave,CW-750D,SN97648351,TechHub Store,2022-08-29,852.21,18,2024-02-20,2023-09-13,380,160,Motor malfunction,True,1,SN17648351,False,"receipt,warranty_card,product_photo,serial_evidence",1,False,False,Manual Review,2023-09-06,2023-06-17,160,1,train
CLM-001212,Laptop,Electronics,Vertex,VT-15Pro,SN11190605,HomeStyle Retail,2024-09-15,757.62,18,2026-03-09,2025-12-23,464,76,Motor malfunction,True,4,SN11190605,True,"receipt,warranty_card,product_photo,serial_evidence,fault_evidence",0,False,False,Manual Review,2025-12-16,2025-05-19,76,0,train
CLM-001213,Television,Electronics,Vistara,VS-55UHD,SN91916907,HomeStyle Retail,2024-07-30,863.24,24,2026-07-20,2026-03-25,603,117,Display fault,True,0,SN91916907,True,"warranty_card,product_photo,serial_evidence,fault_evidence",1,False,False,Manual Review,2026-03-18,,117,1,validation
CLM-001214,Smartphone,Electronics,Nova,NV-X1,SN33420365,MegaMart Electronics,2022-01-04,666.54,12,2022-12-30,2022-09-24,263,97,Battery defect,True,2,SN33420365,True,"receipt,warranty_card,product_photo,serial_evidence,fault_evidence",0,False,False,Manual Review,2022-09-17,2022-01-30,97,0,validation
CLM-001215,Television,Electronics,Vistara,VS-55UHD,SN15631183,HomeStyle Retail,2022-04-22,530.66,12,2023-04-17,2023-04-18,361,-1,Compressor failure,True,1,SN15601183,False,"receipt,warranty_card,product_photo,serial_evidence,fault_evidence",0,False,False,Manual Review,2023-04-11,2022-09-02,1,0,test
CLM-001216,Refrigerator,Home Appliance,FrostLine,FL-300X,SN24651674,MegaMart Electronics,2022-06-12,1325.94,12,2023-06-07,2022-07-14,32,328,Display fault,True,0,SN24651674,True,"receipt,warranty_card,product_photo,serial_evidence,fault_evidence",0,False,False,Manual Review,2022-07-07,,328,0,validation
CLM-001217,Air Conditioner,Home Appliance,Chillmax,CM-1.5T,SN19582229,TechHub Store,2021-08-20,880.81,18,2023-02-11,2022-09-14,390,150,Motor malfunction,True,0,SN19082229,False,"receipt,warranty_card,serial_evidence,fault_evidence",1,False,False,Manual Review,2022-09-07,,150,1,validation
CLM-001218,Washing Machine,Home Appliance,Cleanwave,CW-750D,SN93472202,MegaMart Electronics,2024-05-28,969.77,24,2026-05-18,2026-04-05,677,43,Motor malfunction,True,4,SN93472202,True,"receipt,warranty_card,product_photo,serial_evidence,fault_evidence",0,False,False,Manual Review,2026-03-29,2024-07-13,43,0,validation
CLM-001219,Air Conditioner,Home Appliance,Chillmax,CM-1.5T,SN38839191,HomeStyle Retail,2022-08-19,907.69,36,2025-08-03,2025-07-28,1074,6,Manufacturing defect,True,1,SN38839191,True,"receipt,warranty_card,product_photo,serial_evidence",1,False,False,Manual Review,2025-07-21,2023-06-23,6,1,train
CLM-001220,Television,Electronics,Vistara,VS-43,SN85887023,HomeStyle Retail,2023-02-20,522.19,24,2025-02-09,2025-02-10,721,-1,Battery defect,True,0,SN85887023,True,"receipt,warranty_card,product_photo,serial_evidence,fault_evidence",0,False,False,Manual Review,2025-02-03,,1,0,train
CLM-001221,Air Conditioner,Home Appliance,Chillmax,CM-1T,SN91483852,HomeStyle Retail,2024-07-14,1340.77,18,2026-01-05,2024-11-25,134,406,Motor malfunction,True,0,SN91483856,False,"receipt,warranty_card,product_photo,serial_evidence,fault_evidence",0,False,False,Manual Review,2024-11-18,,406,0,train
CLM-001222,Washing Machine,Home Appliance,Cleanwave,CW-750D,SN40989625,HomeStyle Retail,2022-02-04,779.69,24,2024-01-25,2023-01-16,346,374,Compressor failure,True,4,SN40989625,True,"receipt,warranty_card,product_photo,serial_evidence,fault_evidence",0,False,False,Manual Review,2023-01-09,2022-04-05,374,0,train
CLM-001223,Laptop,Electronics,Vertex,VT-14,SN58626679,TechHub Store,2024-11-20,853.97,12,2025-11-15,2025-05-29,190,170,Display fault,True,1,SN58686679,False,"receipt,warranty_card,product_photo,serial_evidence,fault_evidence",0,False,False,Manual Review,2025-05-22,2025-01-18,170,0,train
CLM-001224,Air Conditioner,Home Appliance,Chillmax,CM-1.5T,SN88484532,TechHub Store,2024-03-12,373.24,24,2026-03-02,2024-11-27,260,460,Motor malfunction,True,1,SN88484532,True,"receipt,warranty_card,product_photo,serial_evidence",1,False,False,Manual Review,2024-11-20,2024-08-06,460,1,train
CLM-001225,Laptop,Electronics,Vertex,VT-14,SN87310988,HomeStyle Retail,2022-12-01,791.01,18,2024-05-24,2024-05-23,539,1,Component failure,True,0,SN87310988,True,"receipt,warranty_card,product_photo,serial_evidence,fault_evidence",0,False,False,Manual Review,2024-05-16,,1,0,train
CLM-001226,Washing Machine,Home Appliance,Cleanwave,CW-750D,SN23555369,MegaMart Electronics,2022-01-04,475.37,36,2024-12-19,2024-12-17,1078,2,Manufacturing defect,True,0,SN23555369,True,"receipt,warranty_card,product_photo,serial_evidence,fault_evidence",0,False,False,Manual Review,2024-12-10,,2,0,train
CLM-001227,Laptop,Electronics,Vertex,VT-15Pro,SN66688023,HomeStyle Retail,2023-06-03,683.99,12,2024-05-28,2023-08-19,77,283,Compressor failure,True,2,SN66688023,True,"receipt,warranty_card,product_photo,fault_evidence",1,False,False,Manual Review,2023-08-12,2023-08-14,283,1,validation
CLM-001228,Air Conditioner,Home Appliance,Chillmax,CM-1.5T,SN89386833,HomeStyle Retail,2022-05-10,910.68,24,2024-04-29,2024-04-28,719,1,Manufacturing defect,True,1,SN89386833,True,"receipt,warranty_card,product_photo,serial_evidence,fault_evidence",0,False,False,Manual Review,2024-04-21,2022-06-26,1,0,train
CLM-001229,Refrigerator,Home Appliance,FrostLine,FL-300X,SN48827999,TechHub Store,2021-06-01,571.82,24,2023-05-22,2022-08-03,428,292,Compressor failure,True,3,SN48827999,True,"receipt,warranty_card,product_photo,serial_evidence,fault_evidence",0,False,False,Manual Review,2022-07-27,2021-08-09,292,0,train
CLM-001230,Laptop,Electronics,Vertex,VT-15Pro,SN97161631,HomeStyle Retail,2025-02-11,548.03,12,2026-02-06,2026-02-13,367,-7,Display fault,True,0,SN97161631,True,"receipt,warranty_card,serial_evidence,fault_evidence",1,False,False,Manual Review,2026-02-06,,7,1,train
CLM-001231,Washing Machine,Home Appliance,Cleanwave,CW-750D,SN55783977,MegaMart Electronics,2021-12-28,932.58,18,2023-06-21,2022-04-16,109,431,Battery defect,True,2,SN55783977,True,"receipt,warranty_card,product_photo,serial_evidence,fault_evidence",0,False,False,Manual Review,2022-04-09,2022-03-06,431,0,validation
CLM-001232,Washing Machine,Home Appliance,Cleanwave,CW-700,SN29219517,MegaMart Electronics,2024-04-02,1543.25,18,2025-09-24,2025-05-10,403,137,Battery defect,True,1,SN29279517,False,"receipt,warranty_card,product_photo,serial_evidence,fault_evidence",0,False,False,Manual Review,2025-05-03,2024-08-23,137,0,train
CLM-001233,Smartphone,Electronics,Nova,NV-200,SN75315141,HomeStyle Retail,2024-03-23,706.48,36,2027-03-08,2025-03-07,349,731,Motor malfunction,True,3,SN75315141,True,"receipt,product_photo,serial_evidence,fault_evidence",1,False,False,Manual Review,2025-02-28,2024-08-03,731,1,train
CLM-001234,Smartphone,Electronics,Nova,NV-X1,SN78276312,TechHub Store,2024-05-26,280.18,24,2026-05-16,2024-10-27,154,566,Battery defect,True,0,SN78276312,True,"warranty_card,product_photo,serial_evidence,fault_evidence",1,False,False,Manual Review,2024-10-20,,566,1,train
CLM-001235,Washing Machine,Home Appliance,Cleanwave,CW-750D,SN86660490,HomeStyle Retail,2021-03-23,725.83,36,2024-03-07,2024-03-10,1083,-3,Battery defect,True,0,SN86660490,True,"receipt,warranty_card,product_photo,fault_evidence",1,False,False,Manual Review,2024-03-03,,3,1,train
CLM-001236,Laptop,Electronics,Vertex,VT-15Pro,SN76203639,MegaMart Electronics,2021-09-16,407.99,24,2023-09-06,2022-01-26,132,588,Component failure,True,1,SN76203639,True,"receipt,warranty_card,product_photo,serial_evidence,fault_evidence",0,False,False,Manual Review,2022-01-19,2021-11-27,588,0,test
CLM-001237,Refrigerator,Home Appliance,FrostLine,FL-300X,SN31035567,HomeStyle Retail,2025-02-07,651.2,24,2027-01-28,2025-10-02,237,483,Motor malfunction,True,3,SN31035567,True,"receipt,warranty_card,product_photo,serial_evidence,fault_evidence",0,False,False,Manual Review,2025-09-25,2025-06-04,483,0,validation
CLM-001238,Washing Machine,Home Appliance,Cleanwave,CW-700,SN68166960,MegaMart Electronics,2024-07-15,872.89,24,2026-07-05,2026-06-23,708,12,Compressor failure,True,0,SN68166960,True,"receipt,warranty_card,product_photo,serial_evidence,fault_evidence",0,False,False,Manual Review,2026-06-16,,12,0,train
CLM-001239,Refrigerator,Home Appliance,FrostLine,FL-220,SN28371007,HomeStyle Retail,2023-12-04,566.57,18,2025-05-27,2025-05-21,534,6,Component failure,True,0,SN28371007,True,"receipt,warranty_card,product_photo,serial_evidence,fault_evidence",0,False,False,Manual Review,2025-05-14,,6,0,train
CLM-001240,Refrigerator,Home Appliance,FrostLine,FL-300X,SN27688813,MegaMart Electronics,2024-10-11,726.58,12,2025-10-06,2025-10-08,362,-2,Compressor failure,True,0,SN29688813,False,"receipt,warranty_card,product_photo,serial_evidence,fault_evidence",0,False,False,Manual Review,2025-10-01,,2,0,train
CLM-001241,Smartphone,Electronics,Nova,NV-100,SN15209356,HomeStyle Retail,2025-03-15,760.34,12,2026-03-10,2026-01-31,322,38,Compressor failure,True,1,SN15206356,False,"receipt,warranty_card,product_photo,serial_evidence,fault_evidence",0,False,False,Manual Review,2026-01-24,2026-01-08,38,0,train
CLM-001242,Television,Electronics,Vistara,VS-43,SN49207134,TechHub Store,2022-04-26,543.57,24,2024-04-15,2022-11-06,194,526,Battery defect,True,1,SN49207137,False,"receipt,warranty_card,product_photo,serial_evidence,fault_evidence",0,False,False,Manual Review,2022-10-30,2022-07-27,526,0,test
CLM-001243,Laptop,Electronics,Vertex,VT-15Pro,SN53674052,MegaMart Electronics,2024-01-18,700.13,18,2025-07-11,2025-07-10,539,1,Display fault,True,6,SN53674052,True,"receipt,warranty_card,product_photo,serial_evidence,fault_evidence",0,False,False,Manual Review,2025-07-03,2024-05-16,1,0,train
CLM-001244,Refrigerator,Home Appliance,FrostLine,FL-220,SN74926313,TechHub Store,2021-12-27,631.56,18,2023-06-20,2022-12-27,365,175,Display fault,True,2,SN74926313,True,"receipt,warranty_card,product_photo,serial_evidence,fault_evidence",0,False,False,Manual Review,2022-12-20,2022-10-31,175,0,test
CLM-001245,Laptop,Electronics,Vertex,VT-15Pro,SN18160875,HomeStyle Retail,2023-04-24,657.9,24,2025-04-13,2025-04-05,712,8,Motor malfunction,True,1,SN18160875,True,"receipt,warranty_card,product_photo,serial_evidence,fault_evidence",0,False,False,Manual Review,2025-03-29,2024-01-17,8,0,train
CLM-001246,Washing Machine,Home Appliance,Cleanwave,CW-700,SN46012929,HomeStyle Retail,2024-10-14,279.92,18,2026-04-07,2026-01-02,445,95,Compressor failure,True,1,SN46062929,False,"receipt,warranty_card,product_photo,serial_evidence,fault_evidence",0,False,False,Manual Review,2025-12-26,2025-12-08,95,0,train
CLM-001247,Laptop,Electronics,Vertex,VT-14,SN92316265,HomeStyle Retail,2021-04-04,745.59,18,2022-09-26,2022-09-21,535,5,Manufacturing defect,True,0,SN92916265,False,"receipt,warranty_card,product_photo,serial_evidence,fault_evidence",0,False,False,Manual Review,2022-09-14,,5,0,train
CLM-001248,Television,Electronics,Vistara,VS-43,SN97903429,MegaMart Electronics,2025-01-19,362.33,12,2026-01-14,2025-07-18,180,180,Battery defect,True,0,SN97963429,False,"receipt,warranty_card,product_photo,serial_evidence,fault_evidence",0,False,False,Manual Review,2025-07-11,,180,0,train
CLM-001249,Washing Machine,Home Appliance,Cleanwave,CW-700,SN60181317,MegaMart Electronics,2022-02-11,335.17,36,2025-01-26,2023-06-05,479,601,Compressor failure,True,0,SN60191317,False,"receipt,warranty_card,product_photo,serial_evidence,fault_evidence",0,False,False,Manual Review,2023-05-29,,601,0,train
CLM-001250,Air Conditioner,Home Appliance,Chillmax,CM-1T,SN77310099,HomeStyle Retail,2022-05-25,861.03,36,2025-05-09,2025-05-07,1078,2,Display fault,True,0,SN77310099,True,"receipt,warranty_card,product_photo,serial_evidence,fault_evidence",0,False,False,Manual Review,2025-04-30,,2,0,train
CLM-001251,Smartphone,Electronics,Nova,NV-X1,SN26595059,TechHub Store,2021-03-28,559.02,12,2022-03-23,2021-08-11,136,224,Component failure,True,5,SN26595079,False,"receipt,warranty_card,product_photo,serial_evidence,fault_evidence",0,False,False,Manual Review,2021-08-04,2021-06-06,224,0,train
CLM-001252,Refrigerator,Home Appliance,FrostLine,FL-220,SN22825399,TechHub Store,2021-06-23,984.83,12,2022-06-18,2022-04-06,287,73,Battery defect,True,5,SN22825339,False,"receipt,warranty_card,product_photo,serial_evidence,fault_evidence",0,False,False,Manual Review,2022-03-30,2021-11-30,73,0,validation
CLM-001253,Laptop,Electronics,Vertex,VT-14,SN45469712,CityWide Appliances,2022-10-25,397.93,18,2024-04-17,2024-04-10,533,7,Battery defect,True,1,SN45469712,True,"receipt,warranty_card,product_photo,serial_evidence,fault_evidence",0,False,False,Manual Review,2024-04-03,2024-02-20,7,0,test
CLM-001254,Laptop,Electronics,Vertex,VT-15Pro,SN48174606,CityWide Appliances,2023-02-11,403.31,12,2024-02-06,2024-02-07,361,-1,Battery defect,True,1,SN48174606,True,"receipt,warranty_card,product_photo,serial_evidence,fault_evidence",0,False,False,Manual Review,2024-01-31,2023-10-29,1,0,train
CLM-001255,Air Conditioner,Home Appliance,Chillmax,CM-1T,SN70702699,MegaMart Electronics,2022-05-16,1208.35,18,2023-11-07,2023-06-11,391,149,Component failure,True,0,SN60702699,False,"receipt,warranty_card,product_photo,serial_evidence,fault_evidence",0,False,False,Manual Review,2023-06-04,,149,0,validation
CLM-001256,Washing Machine,Home Appliance,Cleanwave,CW-700,SN22802899,HomeStyle Retail,2023-07-05,589.66,18,2024-12-26,2024-12-18,532,8,Component failure,True,0,SN22802899,True,"receipt,warranty_card,product_photo,serial_evidence,fault_evidence",0,False,False,Manual Review,2024-12-11,,8,0,train
CLM-001257,Air Conditioner,Home Appliance,Chillmax,CM-1T,SN17909847,TechHub Store,2023-10-01,1344.22,24,2025-09-20,2025-09-28,728,-8,Motor malfunction,True,1,SN17906847,False,"receipt,warranty_card,product_photo,serial_evidence,fault_evidence",0,False,False,Manual Review,2025-09-21,2024-09-11,8,0,validation
CLM-001258,Refrigerator,Home Appliance,FrostLine,FL-300X,SN83227680,HomeStyle Retail,2021-11-05,854.3,12,2022-10-31,2022-04-01,147,213,Display fault,True,0,SN83267680,False,"receipt,warranty_card,product_photo,serial_evidence,fault_evidence",0,False,False,Manual Review,2022-03-25,,213,0,test
CLM-001259,Laptop,Electronics,Vertex,VT-14,SN60423728,MegaMart Electronics,2024-12-22,398.12,18,2026-06-15,2026-06-22,547,-7,Manufacturing defect,True,0,SN60423728,True,"receipt,warranty_card,product_photo,serial_evidence,fault_evidence",0,False,False,Manual Review,2026-06-15,,7,0,train
CLM-001260,Television,Electronics,Vistara,VS-43,SN15242805,CityWide Appliances,2021-11-28,910.96,18,2023-05-22,2023-05-16,534,6,Display fault,True,2,SN15242805,True,"receipt,warranty_card,product_photo,serial_evidence,fault_evidence",0,False,False,Manual Review,2023-05-09,2022-05-22,6,0,validation
CLM-001261,Washing Machine,Home Appliance,Cleanwave,CW-750D,SN25781760,HomeStyle Retail,2024-07-06,757.64,24,2026-06-26,2025-09-17,438,282,Battery defect,True,2,SN25785760,False,"receipt,warranty_card,product_photo,serial_evidence,fault_evidence",0,False,False,Manual Review,2025-09-10,2024-12-19,282,0,validation
CLM-001262,Air Conditioner,Home Appliance,Chillmax,CM-1.5T,SN79709974,HomeStyle Retail,2024-06-13,651.36,36,2027-05-29,2025-08-15,428,652,Motor malfunction,True,0,SN79709973,False,"receipt,warranty_card,product_photo,fault_evidence",1,False,False,Manual Review,2025-08-08,,652,1,train
CLM-001263,Smartphone,Electronics,Nova,NV-200,SN34055277,MegaMart Electronics,2025-03-10,757.59,24,2027-02-28,2026-07-18,495,225,Compressor failure,True,0,SN54055277,False,"warranty_card,product_photo,serial_evidence,fault_evidence",1,False,False,Manual Review,2026-07-11,,225,1,train
CLM-001264,Washing Machine,Home Appliance,Cleanwave,CW-700,SN93882424,HomeStyle Retail,2022-01-20,1000.65,12,2023-01-15,2023-01-14,359,1,Component failure,True,0,SN93882424,True,"receipt,warranty_card,product_photo,serial_evidence,fault_evidence",0,False,False,Manual Review,2023-01-07,,1,0,test
CLM-001265,Television,Electronics,Vistara,VS-55UHD,SN48143010,TechHub Store,2021-05-17,1026.2,18,2022-11-08,2021-06-10,24,516,Battery defect,True,1,SN48143010,True,"receipt,warranty_card,product_photo,fault_evidence",1,False,False,Manual Review,2021-06-03,2021-06-10,516,1,test
CLM-001266,Smartphone,Electronics,Nova,NV-100,SN23821242,TechHub Store,2022-09-19,543.02,18,2024-03-12,2023-04-24,217,323,Motor malfunction,True,0,SN23823242,False,"receipt,warranty_card,product_photo,serial_evidence,fault_evidence",0,False,False,Manual Review,2023-04-17,,323,0,train
CLM-001267,Refrigerator,Home Appliance,FrostLine,FL-300X,SN38092671,MegaMart Electronics,2024-02-29,764.84,12,2025-02-23,2025-01-07,313,47,Manufacturing defect,True,1,SN38032671,False,"receipt,warranty_card,product_photo,serial_evidence,fault_evidence",0,False,False,Manual Review,2024-12-31,2024-05-15,47,0,train
CLM-001268,Television,Electronics,Vistara,VS-43,SN28384463,HomeStyle Retail,2021-10-21,501.49,12,2022-10-16,2022-10-23,367,-7,Display fault,True,0,SN28384463,True,"receipt,warranty_card,product_photo,serial_evidence,fault_evidence",0,False,False,Manual Review,2022-10-16,,7,0,validation
CLM-001269,Washing Machine,Home Appliance,Cleanwave,CW-750D,SN60641630,TechHub Store,2023-05-22,824.3,24,2025-05-11,2023-09-29,130,590,Compressor failure,True,4,SN60641630,True,"receipt,warranty_card,product_photo,serial_evidence,fault_evidence",0,False,False,Manual Review,2023-09-22,2023-09-21,590,0,train
CLM-001270,Television,Electronics,Vistara,VS-55UHD,SN29177565,TechHub Store,2022-12-29,270.11,18,2024-06-21,2023-08-15,229,311,Battery defect,True,5,SN29177565,True,"receipt,warranty_card,product_photo,serial_evidence,fault_evidence",0,False,False,Manual Review,2023-08-08,2023-04-22,311,0,validation
CLM-001271,Television,Electronics,Vistara,VS-55UHD,SN33892421,MegaMart Electronics,2023-10-01,911.88,24,2025-09-20,2025-05-04,581,139,Motor malfunction,True,7,SN33892421,True,"receipt,warranty_card,product_photo,serial_evidence,fault_evidence",0,False,False,Manual Review,2025-04-27,2025-01-21,139,0,test
CLM-001272,Washing Machine,Home Appliance,Cleanwave,CW-700,SN11432428,MegaMart Electronics,2025-04-28,831.0,24,2027-04-18,2025-11-19,205,515,Component failure,True,4,SN11432928,False,"receipt,warranty_card,product_photo,serial_evidence,fault_evidence",0,False,False,Manual Review,2025-11-12,2025-04-30,515,0,train
CLM-001273,Television,Electronics,Vistara,VS-43,SN91439883,MegaMart Electronics,2024-04-15,761.0,18,2025-10-07,2025-10-01,534,6,Compressor failure,True,1,SN91439883,True,"receipt,warranty_card,product_photo,serial_evidence,fault_evidence",0,False,False,Manual Review,2025-09-24,2025-01-22,6,0,train
CLM-001274,Refrigerator,Home Appliance,FrostLine,FL-300X,SN93922374,MegaMart Electronics,2024-08-07,606.84,18,2026-01-29,2026-01-26,537,3,Battery defect,True,1,SN93922374,True,"receipt,warranty_card,product_photo,serial_evidence,fault_evidence",0,False,False,Manual Review,2026-01-19,2024-09-08,3,0,test
CLM-001275,Air Conditioner,Home Appliance,Chillmax,CM-1T,SN15126257,HomeStyle Retail,2025-01-10,872.46,36,2027-12-26,2027-09-16,979,101,Component failure,True,0,SN15326257,False,"receipt,warranty_card,product_photo,serial_evidence,fault_evidence",0,False,False,Manual Review,2027-09-09,,101,0,train
CLM-001276,Refrigerator,Home Appliance,FrostLine,FL-300X,SN23082934,CityWide Appliances,2021-06-19,918.83,18,2022-12-11,2022-12-14,543,-3,Compressor failure,True,0,SN23084934,False,"receipt,warranty_card,product_photo,serial_evidence,fault_evidence",0,False,False,Manual Review,2022-12-07,,3,0,train
CLM-001277,Television,Electronics,Vistara,VS-43,SN88765336,TechHub Store,2024-06-11,866.02,24,2026-06-01,2025-05-11,334,386,Motor malfunction,True,1,SN88765336,True,"receipt,warranty_card,product_photo,serial_evidence,fault_evidence",0,False,False,Manual Review,2025-05-04,2025-03-03,386,0,test
CLM-001278,Smartphone,Electronics,Nova,NV-X1,SN29798986,TechHub Store,2021-01-30,868.47,36,2024-01-15,2021-06-14,135,945,Display fault,True,0,SN22798986,False,"receipt,warranty_card,product_photo,serial_evidence,fault_evidence",0,False,False,Manual Review,2021-06-07,,945,0,train
CLM-001279,Smartphone,Electronics,Nova,NV-X1,SN10432769,MegaMart Electronics,2021-04-02,755.22,12,2022-03-28,2021-11-07,219,141,Motor malfunction,True,0,SN10432769,True,"receipt,warranty_card,product_photo,serial_evidence",1,False,False,Manual Review,2021-10-31,,141,1,train
CLM-001280,Laptop,Electronics,Vertex,VT-14,SN22154988,MegaMart Electronics,2021-08-30,486.06,18,2023-02-21,2023-02-23,542,-2,Manufacturing defect,True,0,SN22154988,True,"receipt,warranty_card,product_photo,serial_evidence,fault_evidence",0,False,False,Manual Review,2023-02-16,,2,0,validation
CLM-001281,Air Conditioner,Home Appliance,Chillmax,CM-1T,SN95623611,HomeStyle Retail,2022-01-16,1139.67,18,2023-07-10,2023-07-15,545,-5,Manufacturing defect,True,1,SN95623611,True,"receipt,warranty_card,product_photo,serial_evidence,fault_evidence",0,False,False,Manual Review,2023-07-08,2022-09-26,5,0,train
CLM-001282,Washing Machine,Home Appliance,Cleanwave,CW-750D,SN48530763,MegaMart Electronics,2022-09-23,720.02,24,2024-09-12,2023-02-15,145,575,Battery defect,True,0,SN48530763,True,"receipt,product_photo,serial_evidence,fault_evidence",1,False,False,Manual Review,2023-02-08,,575,1,train
CLM-001283,Smartphone,Electronics,Nova,NV-200,SN44809916,TechHub Store,2022-10-09,694.72,18,2024-04-01,2023-05-11,214,326,Manufacturing defect,True,1,SN44809916,True,"receipt,warranty_card,serial_evidence,fault_evidence",1,False,False,Manual Review,2023-05-04,2023-02-12,326,1,train
CLM-001284,Laptop,Electronics,Vertex,VT-14,SN14929963,CityWide Appliances,2022-12-29,736.26,24,2024-12-18,2024-06-26,545,175,Battery defect,True,3,SN14929963,True,"receipt,warranty_card,product_photo,serial_evidence,fault_evidence",0,False,False,Manual Review,2024-06-19,2024-01-28,175,0,train
CLM-001285,Washing Machine,Home Appliance,Cleanwave,CW-750D,SN37843059,MegaMart Electronics,2021-11-15,1287.52,18,2023-05-09,2023-02-12,454,86,Battery defect,True,1,SN37843059,True,"receipt,warranty_card,product_photo,serial_evidence",1,False,False,Manual Review,2023-02-05,2023-01-14,86,1,train
CLM-001286,Smartphone,Electronics,Nova,NV-100,SN72772047,MegaMart Electronics,2025-03-02,747.41,24,2027-02-20,2027-02-23,723,-3,Manufacturing defect,True,0,SN72772047,True,"receipt,warranty_card,product_photo,serial_evidence,fault_evidence",0,False,False,Manual Review,2027-02-16,,3,0,train
CLM-001287,Laptop,Electronics,Vertex,VT-15Pro,SN85667851,HomeStyle Retail,2023-11-25,767.23,24,2025-11-14,2025-03-27,488,232,Manufacturing defect,True,0,SN85667851,True,"receipt,warranty_card,product_photo,serial_evidence",1,False,False,Manual Review,2025-03-20,,232,1,train
CLM-001288,Smartphone,Electronics,Nova,NV-200,SN54924348,MegaMart Electronics,2022-10-23,460.2,24,2024-10-12,2022-11-10,18,702,Manufacturing defect,True,2,SN54924348,True,"receipt,warranty_card,product_photo,serial_evidence,fault_evidence",0,False,False,Manual Review,2022-11-03,2022-10-29,702,0,train
CLM-001289,Laptop,Electronics,Vertex,VT-15Pro,SN89668254,HomeStyle Retail,2023-01-04,793.36,18,2024-06-27,2023-02-05,32,508,Display fault,True,0,SN89668274,False,"receipt,warranty_card,product_photo,serial_evidence,fault_evidence",0,False,False,Manual Review,2023-01-29,,508,0,validation
CLM-001290,Refrigerator,Home Appliance,FrostLine,FL-300X,SN15386018,CityWide Appliances,2022-05-14,308.83,12,2023-05-09,2023-01-26,257,103,Component failure,True,5,SN15386018,True,"receipt,warranty_card,product_photo,serial_evidence,fault_evidence",0,False,False,Manual Review,2023-01-19,2022-07-09,103,0,train
CLM-001291,Laptop,Electronics,Vertex,VT-14,SN78746904,MegaMart Electronics,2023-05-13,511.63,18,2024-11-03,2024-07-06,420,120,Motor malfunction,True,3,SN78746904,True,"receipt,warranty_card,product_photo,serial_evidence,fault_evidence",0,False,False,Manual Review,2024-06-29,2024-03-14,120,0,train
CLM-001292,Smartphone,Electronics,Nova,NV-200,SN17220926,CityWide Appliances,2024-11-29,732.61,36,2027-11-14,2025-09-20,295,785,Component failure,True,0,SN17220926,True,"receipt,warranty_card,serial_evidence,fault_evidence",1,False,False,Manual Review,2025-09-13,,785,1,train
CLM-001293,Smartphone,Electronics,Nova,NV-100,SN50437430,MegaMart Electronics,2022-12-10,729.07,18,2024-06-02,2023-05-20,161,379,Component failure,True,0,SN50437430,True,"receipt,product_photo,serial_evidence,fault_evidence",1,False,False,Manual Review,2023-05-13,,379,1,validation
CLM-001294,Smartphone,Electronics,Nova,NV-100,SN56266443,MegaMart Electronics,2022-02-21,669.72,18,2023-08-15,2023-03-21,393,147,Display fault,True,2,SN56266433,False,"receipt,warranty_card,product_photo,serial_evidence",1,False,False,Manual Review,2023-03-14,2023-01-30,147,1,test
CLM-001295,Washing Machine,Home Appliance,Cleanwave,CW-750D,SN27921592,HomeStyle Retail,2023-02-10,1078.95,24,2025-01-30,2023-05-29,108,612,Motor malfunction,True,0,SN27921592,True,"receipt,warranty_card,serial_evidence,fault_evidence",1,False,False,Manual Review,2023-05-22,,612,1,train
CLM-001296,Smartphone,Electronics,Nova,NV-200,SN99909325,TechHub Store,2024-10-13,411.2,24,2026-10-03,2026-04-22,556,164,Battery defect,True,1,SN39909325,False,"receipt,warranty_card,product_photo,serial_evidence,fault_evidence",0,False,False,Manual Review,2026-04-15,2025-04-14,164,0,validation
CLM-001297,Refrigerator,Home Appliance,FrostLine,FL-300X,SN20370954,TechHub Store,2025-04-22,251.74,12,2026-04-17,2025-05-02,10,350,Component failure,True,3,SN20370954,True,"receipt,warranty_card,product_photo,serial_evidence,fault_evidence",0,False,False,Manual Review,2025-04-25,2025-04-30,350,0,train
CLM-001298,Washing Machine,Home Appliance,Cleanwave,CW-700,SN67138006,MegaMart Electronics,2022-01-20,1012.21,12,2023-01-15,2022-07-22,183,177,Motor malfunction,True,3,SN67138006,True,"receipt,warranty_card,product_photo,serial_evidence,fault_evidence",0,False,False,Manual Review,2022-07-15,2022-04-30,177,0,train
CLM-001299,Television,Electronics,Vistara,VS-43,SN31950353,HomeStyle Retail,2024-10-14,820.88,24,2026-10-04,2026-09-23,709,11,Battery defect,True,2,SN31950353,True,"receipt,warranty_card,product_photo,serial_evidence,fault_evidence",0,False,False,Manual Review,2026-09-16,2025-01-31,11,0,train
CLM-001300,Refrigerator,Home Appliance,FrostLine,FL-300X,SN11640743,MegaMart Electronics,2023-08-11,245.49,24,2025-07-31,2023-12-02,113,607,Component failure,True,1,SN11640743,True,"receipt,warranty_card,product_photo,serial_evidence,fault_evidence",0,False,False,Manual Review,2023-11-25,2023-10-24,607,0,train
CLM-001301,Laptop,Electronics,Vertex,VT-14,SN50661866,HomeStyle Retail,2023-11-05,577.13,18,2025-04-28,2024-12-30,421,119,Battery defect,True,2,SN58661866,False,"receipt,warranty_card,product_photo,serial_evidence,fault_evidence",0,False,False,Manual Review,2024-12-23,2024-05-14,119,0,validation
CLM-001302,Television,Electronics,Vistara,VS-55UHD,SN20738641,MegaMart Electronics,2023-08-28,757.52,24,2025-08-17,2025-08-17,720,0,Motor malfunction,True,2,SN20738641,True,"receipt,warranty_card,product_photo,serial_evidence,fault_evidence",0,False,False,Manual Review,2025-08-10,2025-04-24,0,0,train
CLM-001303,Washing Machine,Home Appliance,Cleanwave,CW-700,SN75715873,HomeStyle Retail,2022-06-13,746.19,12,2023-06-08,2023-02-15,247,113,Motor malfunction,True,0,SN55715873,False,"receipt,warranty_card,product_photo,serial_evidence,fault_evidence",0,False,False,Manual Review,2023-02-08,,113,0,train
CLM-001304,Laptop,Electronics,Vertex,VT-14,SN49357964,HomeStyle Retail,2023-05-22,794.08,18,2024-11-12,2023-06-25,34,506,Manufacturing defect,True,2,SN49357964,True,"receipt,warranty_card,product_photo,serial_evidence,fault_evidence",0,False,False,Manual Review,2023-06-18,2023-06-20,506,0,validation
CLM-001305,Washing Machine,Home Appliance,Cleanwave,CW-700,SN81305655,TechHub Store,2022-10-27,962.58,12,2023-10-22,2023-10-17,355,5,Component failure,True,0,SN81305655,True,"receipt,warranty_card,product_photo,serial_evidence,fault_evidence",0,False,False,Manual Review,2023-10-10,,5,0,train
CLM-001306,Refrigerator,Home Appliance,FrostLine,FL-300X,SN46869104,MegaMart Electronics,2021-12-25,833.04,12,2022-12-20,2022-12-27,367,-7,Compressor failure,True,0,SN46869104,True,"receipt,warranty_card,product_photo,fault_evidence",1,False,False,Manual Review,2022-12-20,,7,1,train
CLM-001307,Smartphone,Electronics,Nova,NV-X1,SN95606010,TechHub Store,2024-06-18,636.1,12,2025-06-13,2025-01-04,200,160,Compressor failure,True,0,SN95606090,False,"warranty_card,product_photo,serial_evidence,fault_evidence",1,False,False,Manual Review,2024-12-28,,160,1,test
CLM-001308,Smartphone,Electronics,Nova,NV-X1,SN44474897,TechHub Store,2021-06-11,524.41,18,2022-12-03,2021-07-13,32,508,Compressor failure,True,2,SN44474897,True,"receipt,warranty_card,product_photo,serial_evidence,fault_evidence",0,False,False,Manual Review,2021-07-06,2021-06-17,508,0,train
CLM-001309,Refrigerator,Home Appliance,FrostLine,FL-220,SN16554015,HomeStyle Retail,2023-06-07,653.94,36,2026-05-22,2025-02-26,630,450,Component failure,True,0,SN16554015,True,"receipt,warranty_card,product_photo,fault_evidence",1,False,False,Manual Review,2025-02-19,,450,1,test
CLM-001310,Washing Machine,Home Appliance,Cleanwave,CW-700,SN91151067,HomeStyle Retail,2025-04-07,818.16,36,2028-03-22,2026-05-02,390,690,Component failure,True,3,SN91151067,True,"receipt,warranty_card,product_photo,serial_evidence,fault_evidence",0,False,False,Manual Review,2026-04-25,2026-03-21,690,0,validation
CLM-001311,Smartphone,Electronics,Nova,NV-200,SN72067810,HomeStyle Retail,2022-08-07,465.87,12,2023-08-02,2023-07-19,346,14,Component failure,True,0,SN74067810,False,"receipt,warranty_card,serial_evidence,fault_evidence",1,False,False,Manual Review,2023-07-12,,14,1,train
CLM-001312,Air Conditioner,Home Appliance,Chillmax,CM-1.5T,SN95197744,HomeStyle Retail,2021-02-07,1201.36,24,2023-01-28,2022-11-02,633,87,Display fault,True,1,SN95197744,True,"receipt,warranty_card,product_photo,serial_evidence",1,False,False,Manual Review,2022-10-26,2022-06-10,87,1,train
CLM-001313,Smartphone,Electronics,Nova,NV-X1,SN76971243,MegaMart Electronics,2024-02-17,696.58,12,2025-02-11,2024-10-11,237,123,Compressor failure,True,2,SN76971243,True,"receipt,warranty_card,product_photo,serial_evidence,fault_evidence",0,False,False,Manual Review,2024-10-04,2024-04-01,123,0,train
CLM-001314,Refrigerator,Home Appliance,FrostLine,FL-300X,SN21152419,MegaMart Electronics,2024-10-10,1141.25,18,2026-04-03,2025-01-08,90,450,Motor malfunction,True,1,SN21152519,False,"receipt,warranty_card,product_photo,serial_evidence,fault_evidence",0,False,False,Manual Review,2025-01-01,2024-11-20,450,0,test
CLM-001315,Smartphone,Electronics,Nova,NV-200,SN85818579,HomeStyle Retail,2023-07-14,278.52,24,2025-07-03,2025-07-11,728,-8,Battery defect,True,0,SN45818579,False,"receipt,warranty_card,product_photo,serial_evidence,fault_evidence",0,False,False,Manual Review,2025-07-04,,8,0,train
CLM-001316,Washing Machine,Home Appliance,Cleanwave,CW-700,SN23016411,HomeStyle Retail,2025-03-04,969.55,18,2026-08-26,2025-07-26,144,396,Manufacturing defect,True,2,SN23016411,True,"receipt,product_photo,serial_evidence,fault_evidence",1,False,False,Manual Review,2025-07-19,2025-05-18,396,1,test
CLM-001317,Air Conditioner,Home Appliance,Chillmax,CM-1.5T,SN90429777,MegaMart Electronics,2022-01-01,581.78,36,2024-12-16,2024-01-01,730,350,Compressor failure,True,1,SN90429177,False,"receipt,warranty_card,product_photo,serial_evidence,fault_evidence",0,False,False,Manual Review,2023-12-25,2023-12-06,350,0,train
CLM-001318,Washing Machine,Home Appliance,Cleanwave,CW-750D,SN76415389,TechHub Store,2024-07-20,978.84,24,2026-07-10,2026-01-26,555,165,Motor malfunction,True,1,SN76415389,True,"receipt,warranty_card,product_photo,serial_evidence,fault_evidence",0,False,False,Manual Review,2026-01-19,2025-10-24,165,0,train
CLM-001319,Laptop,Electronics,Vertex,VT-15Pro,SN72279909,TechHub Store,2021-11-18,834.07,36,2024-11-02,2021-12-04,16,1064,Display fault,True,0,SN72279909,True,"warranty_card,product_photo,serial_evidence,fault_evidence",1,False,False,Manual Review,2021-11-27,,1064,1,train
CLM-001320,Smartphone,Electronics,Nova,NV-100,SN28598824,HomeStyle Retail,2024-04-03,442.0,24,2026-03-24,2026-01-24,661,59,Manufacturing defect,True,2,SN26598824,False,"receipt,warranty_card,product_photo,serial_evidence,fault_evidence",0,False,False,Manual Review,2026-01-17,2025-03-02,59,0,test
CLM-001321,Smartphone,Electronics,Nova,NV-X1,SN97793969,HomeStyle Retail,2024-06-02,518.97,12,2025-05-28,2024-12-18,199,161,Display fault,True,1,SN97723969,False,"receipt,warranty_card,product_photo,serial_evidence,fault_evidence",0,False,False,Manual Review,2024-12-11,2024-09-05,161,0,train
CLM-001322,Washing Machine,Home Appliance,Cleanwave,CW-750D,SN18699029,CityWide Appliances,2025-01-20,759.53,36,2028-01-05,2026-03-15,419,661,Battery defect,True,0,SN18699029,True,"receipt,product_photo,serial_evidence,fault_evidence",1,False,False,Manual Review,2026-03-08,,661,1,train
CLM-001323,Television,Electronics,Vistara,VS-43,SN91068419,TechHub Store,2023-08-03,675.74,18,2025-01-24,2024-02-10,191,349,Display fault,True,0,SN91468419,False,"receipt,warranty_card,product_photo,serial_evidence,fault_evidence",0,False,False,Manual Review,2024-02-03,,349,0,train
CLM-001324,Refrigerator,Home Appliance,FrostLine,FL-300X,SN79762014,CityWide Appliances,2025-01-18,866.99,36,2028-01-03,2027-12-27,1073,7,Display fault,True,1,SN79762014,True,"receipt,warranty_card,product_photo,serial_evidence,fault_evidence",0,False,False,Manual Review,2027-12-20,2025-06-12,7,0,train
CLM-001325,Refrigerator,Home Appliance,FrostLine,FL-220,SN68857308,HomeStyle Retail,2023-05-05,786.09,36,2026-04-19,2026-04-18,1079,1,Compressor failure,True,1,SN68857308,True,"receipt,warranty_card,product_photo,serial_evidence,fault_evidence",0,False,False,Manual Review,2026-04-11,2023-09-05,1,0,train
CLM-001326,Refrigerator,Home Appliance,FrostLine,FL-300X,SN67524179,TechHub Store,2022-08-23,915.65,24,2024-08-12,2024-08-10,718,2,Manufacturing defect,True,0,SN67524179,True,"receipt,warranty_card,product_photo,serial_evidence,fault_evidence",0,False,False,Manual Review,2024-08-03,,2,0,train
CLM-001327,Washing Machine,Home Appliance,Cleanwave,CW-750D,SN29052219,CityWide Appliances,2021-10-26,829.34,24,2023-10-16,2023-10-23,727,-7,Display fault,True,1,SN29052219,True,"receipt,warranty_card,product_photo,serial_evidence,fault_evidence",0,False,False,Manual Review,2023-10-16,2022-05-30,7,0,validation
CLM-001328,Refrigerator,Home Appliance,FrostLine,FL-220,SN44896549,MegaMart Electronics,2022-06-26,925.14,12,2023-06-21,2023-06-26,365,-5,Compressor failure,True,0,SN44896549,True,"receipt,warranty_card,product_photo,serial_evidence,fault_evidence",0,False,False,Manual Review,2023-06-19,,5,0,validation
CLM-001329,Laptop,Electronics,Vertex,VT-14,SN29867441,HomeStyle Retail,2023-06-30,688.0,18,2024-12-21,2024-04-16,291,249,Motor malfunction,True,1,SN49867441,False,"receipt,warranty_card,product_photo,serial_evidence,fault_evidence",0,False,False,Manual Review,2024-04-09,2024-04-14,249,0,test
CLM-001330,Laptop,Electronics,Vertex,VT-15Pro,SN73791651,TechHub Store,2023-01-13,744.96,24,2025-01-02,2023-07-04,172,548,Compressor failure,True,3,SN73791651,True,"receipt,warranty_card,product_photo,serial_evidence,fault_evidence",0,False,False,Manual Review,2023-06-27,2023-03-30,548,0,train
CLM-001331,Washing Machine,Home Appliance,Cleanwave,CW-700,SN13758727,CityWide Appliances,2021-11-13,1104.55,24,2023-11-03,2022-12-21,403,317,Motor malfunction,True,1,SN13758727,True,"receipt,warranty_card,product_photo,serial_evidence",1,False,False,Manual Review,2022-12-14,2022-01-28,317,1,test
CLM-001332,Laptop,Electronics,Vertex,VT-14,SN56199559,TechHub Store,2024-04-11,834.55,12,2025-04-06,2025-01-10,274,86,Battery defect,True,5,SN56199559,True,"receipt,warranty_card,product_photo,serial_evidence,fault_evidence",0,False,False,Manual Review,2025-01-03,2024-12-24,86,0,train
CLM-001333,Refrigerator,Home Appliance,FrostLine,FL-300X,SN33540092,HomeStyle Retail,2022-10-06,836.89,18,2024-03-29,2024-02-24,506,34,Compressor failure,True,1,SN33540002,False,"receipt,warranty_card,product_photo,serial_evidence,fault_evidence",0,False,False,Manual Review,2024-02-17,2024-02-03,34,0,train
CLM-001334,Washing Machine,Home Appliance,Cleanwave,CW-700,SN97241075,MegaMart Electronics,2021-05-13,1261.0,18,2022-11-04,2022-11-05,541,-1,Display fault,True,4,SN97241075,True,"receipt,warranty_card,product_photo,serial_evidence,fault_evidence",0,False,False,Manual Review,2022-10-29,2022-08-27,1,0,train
CLM-001335,Air Conditioner,Home Appliance,Chillmax,CM-1T,SN37183114,HomeStyle Retail,2024-03-12,823.55,36,2027-02-25,2027-02-21,1076,4,Manufacturing defect,True,0,SN37183114,True,"receipt,warranty_card,product_photo,serial_evidence,fault_evidence",0,False,False,Manual Review,2027-02-14,,4,0,train
CLM-001336,Laptop,Electronics,Vertex,VT-14,SN17512810,HomeStyle Retail,2023-03-28,220.02,24,2025-03-17,2024-01-09,287,433,Battery defect,True,2,SN17512810,True,"receipt,warranty_card,product_photo,serial_evidence,fault_evidence",0,False,False,Manual Review,2024-01-02,2023-08-02,433,0,train
CLM-001337,Air Conditioner,Home Appliance,Chillmax,CM-1T,SN71212149,MegaMart Electronics,2022-05-17,1430.57,12,2023-05-12,2023-04-25,343,17,Motor malfunction,True,0,SN71212149,True,"receipt,warranty_card,product_photo,serial_evidence",1,False,False,Manual Review,2023-04-18,,17,1,train
CLM-001338,Television,Electronics,Vistara,VS-43,SN80136507,MegaMart Electronics,2024-02-05,877.5,12,2025-01-30,2024-03-18,42,318,Component failure,True,0,SN80136507,True,"receipt,product_photo,serial_evidence,fault_evidence",1,False,False,Manual Review,2024-03-11,,318,1,validation
CLM-001339,Television,Electronics,Vistara,VS-43,SN52796441,TechHub Store,2022-05-15,594.7,24,2024-05-04,2023-11-25,559,161,Display fault,True,1,SN54796441,False,"receipt,warranty_card,product_photo,serial_evidence,fault_evidence",0,False,False,Manual Review,2023-11-18,2022-09-12,161,0,train
CLM-001340,Laptop,Electronics,Vertex,VT-15Pro,SN86414081,MegaMart Electronics,2023-06-25,650.52,12,2024-06-19,2023-10-23,120,240,Compressor failure,True,1,SN88414081,False,"receipt,warranty_card,product_photo,fault_evidence",1,False,False,Manual Review,2023-10-16,2023-07-20,240,1,test
CLM-001341,Air Conditioner,Home Appliance,Chillmax,CM-1.5T,SN76116342,TechHub Store,2024-04-21,948.53,24,2026-04-11,2025-01-13,267,453,Display fault,True,0,SN76116942,False,"receipt,warranty_card,product_photo,serial_evidence,fault_evidence",0,False,False,Manual Review,2025-01-06,,453,0,train
CLM-001342,Washing Machine,Home Appliance,Cleanwave,CW-750D,SN85331621,HomeStyle Retail,2023-11-20,886.65,12,2024-11-14,2024-08-28,282,78,Compressor failure,True,6,SN85331621,True,"receipt,warranty_card,product_photo,serial_evidence,fault_evidence",0,False,False,Manual Review,2024-08-21,2024-07-03,78,0,train
CLM-001343,Television,Electronics,Vistara,VS-55UHD,SN76543529,MegaMart Electronics,2021-08-17,738.36,36,2024-08-01,2023-06-11,663,417,Display fault,True,0,SN76543529,True,"warranty_card,product_photo,serial_evidence,fault_evidence",1,False,False,Manual Review,2023-06-04,,417,1,train
CLM-001344,Smartphone,Electronics,Nova,NV-100,SN41112045,MegaMart Electronics,2024-10-10,628.43,18,2026-04-03,2025-04-25,197,343,Battery defect,True,1,SN41116045,False,"receipt,warranty_card,product_photo,serial_evidence,fault_evidence",0,False,False,Manual Review,2025-04-18,2025-02-08,343,0,test
CLM-001345,Washing Machine,Home Appliance,Cleanwave,CW-700,SN63182430,TechHub Store,2021-07-30,927.12,24,2023-07-20,2022-01-14,168,552,Battery defect,True,1,SN63182430,True,"receipt,product_photo,serial_evidence,fault_evidence",1,False,False,Manual Review,2022-01-07,2021-09-09,552,1,test
CLM-001346,Air Conditioner,Home Appliance,Chillmax,CM-1.5T,SN40698761,CityWide Appliances,2022-10-29,664.72,36,2025-10-13,2025-03-10,863,217,Motor malfunction,True,0,SN40698765,False,"receipt,warranty_card,product_photo,serial_evidence,fault_evidence",0,False,False,Manual Review,2025-03-03,,217,0,test
CLM-001347,Laptop,Electronics,Vertex,VT-15Pro,SN85603021,HomeStyle Retail,2021-10-24,700.75,18,2023-04-17,2022-09-21,332,208,Display fault,True,0,SN85603021,True,"receipt,warranty_card,product_photo,serial_evidence,fault_evidence",0,False,False,Manual Review,2022-09-14,,208,0,train
CLM-001348,Refrigerator,Home Appliance,FrostLine,FL-220,SN71322699,TechHub Store,2021-01-12,1297.68,24,2023-01-02,2022-01-19,372,348,Compressor failure,True,1,SN71342699,False,"warranty_card,product_photo,serial_evidence,fault_evidence",1,False,False,Manual Review,2022-01-12,2022-01-14,348,1,train
CLM-001349,Washing Machine,Home Appliance,Cleanwave,CW-700,SN38854107,HomeStyle Retail,2022-06-09,1261.05,12,2023-06-04,2022-12-31,205,155,Motor malfunction,True,1,SN38854107,True,"receipt,warranty_card,product_photo,fault_evidence",1,False,False,Manual Review,2022-12-24,2022-07-07,155,1,test
CLM-001350,Laptop,Electronics,Vertex,VT-14,SN98505617,HomeStyle Retail,2021-06-02,627.71,12,2022-05-28,2022-04-11,313,47,Compressor failure,True,3,SN98505617,True,"receipt,warranty_card,product_photo,serial_evidence,fault_evidence",0,False,False,Manual Review,2022-04-04,2022-02-07,47,0,train
CLM-001351,Refrigerator,Home Appliance,FrostLine,FL-300X,SN82195140,HomeStyle Retail,2022-05-27,595.63,12,2023-05-22,2023-05-20,358,2,Display fault,True,1,SN82191140,False,"receipt,warranty_card,product_photo,serial_evidence,fault_evidence",0,False,False,Manual Review,2023-05-13,2022-08-04,2,0,validation
CLM-001352,Laptop,Electronics,Vertex,VT-14,SN85408403,MegaMart Electronics,2025-03-16,1062.55,12,2026-03-11,2025-06-11,87,273,Battery defect,True,1,SN85468403,False,"receipt,warranty_card,product_photo,serial_evidence,fault_evidence",0,False,False,Manual Review,2025-06-04,2025-05-25,273,0,train
CLM-001353,Air Conditioner,Home Appliance,Chillmax,CM-1T,SN52139163,CityWide Appliances,2025-04-12,791.99,24,2027-04-02,2025-09-12,153,567,Motor malfunction,True,2,SN52139163,True,"receipt,warranty_card,product_photo,serial_evidence,fault_evidence",0,False,False,Manual Review,2025-09-05,2025-08-05,567,0,train
CLM-001354,Laptop,Electronics,Vertex,VT-15Pro,SN36707338,TechHub Store,2025-03-11,541.08,36,2028-02-24,2026-06-30,476,604,Motor malfunction,True,0,SN36707338,True,"receipt,warranty_card,serial_evidence,fault_evidence",1,False,False,Manual Review,2026-06-23,,604,1,train
CLM-001355,Laptop,Electronics,Vertex,VT-15Pro,SN75277802,TechHub Store,2024-05-21,352.25,24,2026-05-11,2026-05-13,722,-2,Motor malfunction,True,0,SN95277802,False,"receipt,warranty_card,product_photo,serial_evidence,fault_evidence",0,False,False,Manual Review,2026-05-06,,2,0,train
CLM-001356,Television,Electronics,Vistara,VS-55UHD,SN82317772,HomeStyle Retail,2021-02-03,740.04,24,2023-01-24,2023-02-04,731,-11,Battery defect,True,0,SN82317772,True,"receipt,warranty_card,product_photo,serial_evidence,fault_evidence",0,False,False,Manual Review,2023-01-28,,11,0,train
CLM-001357,Television,Electronics,Vistara,VS-43,SN81371946,MegaMart Electronics,2022-11-15,261.4,24,2024-11-04,2024-11-05,721,-1,Battery defect,True,0,SN81371946,True,"receipt,warranty_card,product_photo,serial_evidence,fault_evidence",0,False,False,Manual Review,2024-10-29,,1,0,train
CLM-001358,Air Conditioner,Home Appliance,Chillmax,CM-1.5T,SN47160179,HomeStyle Retail,2021-06-29,1730.87,24,2023-06-19,2022-01-20,205,515,Manufacturing defect,True,0,SN47660179,False,"receipt,warranty_card,product_photo,serial_evidence,fault_evidence",0,False,False,Manual Review,2022-01-13,,515,0,train
CLM-001359,Television,Electronics,Vistara,VS-55UHD,SN87140007,MegaMart Electronics,2022-01-08,804.06,24,2023-12-29,2023-04-05,452,268,Battery defect,True,4,SN87140007,True,"receipt,warranty_card,product_photo,serial_evidence,fault_evidence",0,False,False,Manual Review,2023-03-29,2023-03-09,268,0,train
CLM-001360,Washing Machine,Home Appliance,Cleanwave,CW-700,SN88433683,TechHub Store,2023-03-10,957.5,12,2024-03-04,2023-06-05,87,273,Battery defect,True,0,SN88433683,True,"receipt,warranty_card,serial_evidence,fault_evidence",1,False,False,Manual Review,2023-05-29,,273,1,test
CLM-001361,Television,Electronics,Vistara,VS-43,SN35346665,TechHub Store,2023-07-27,425.79,24,2025-07-16,2025-03-16,598,122,Motor malfunction,True,0,SN35346665,True,"receipt,product_photo,serial_evidence,fault_evidence",1,False,False,Manual Review,2025-03-09,,122,1,train
CLM-001362,Laptop,Electronics,Vertex,VT-14,SN53951077,CityWide Appliances,2022-01-07,469.41,12,2023-01-02,2022-12-28,355,5,Component failure,True,0,SN53951077,True,"receipt,warranty_card,product_photo,serial_evidence,fault_evidence",0,False,False,Manual Review,2022-12-21,,5,0,train
CLM-001363,Television,Electronics,Vistara,VS-43,SN57693567,MegaMart Electronics,2024-09-09,683.98,12,2025-09-04,2025-01-16,129,231,Manufacturing defect,True,2,SN57693567,True,"receipt,warranty_card,product_photo,fault_evidence",1,False,False,Manual Review,2025-01-09,2024-12-15,231,1,train
CLM-001364,Laptop,Electronics,Vertex,VT-14,SN37599495,TechHub Store,2021-02-22,591.68,18,2022-08-16,2022-06-04,467,73,Manufacturing defect,True,0,SN37599495,True,"receipt,warranty_card,product_photo,serial_evidence",1,False,False,Manual Review,2022-05-28,,73,1,test
CLM-001365,Smartphone,Electronics,Nova,NV-200,SN91181379,HomeStyle Retail,2021-07-10,842.68,36,2024-06-24,2024-06-21,1077,3,Display fault,True,2,SN91181379,True,"receipt,warranty_card,serial_evidence,fault_evidence",1,False,False,Manual Review,2024-06-14,2022-08-06,3,1,train
CLM-001366,Smartphone,Electronics,Nova,NV-200,SN12167007,MegaMart Electronics,2022-03-07,683.33,36,2025-02-19,2025-01-21,1051,29,Display fault,True,3,SN12167007,True,"receipt,warranty_card,product_photo,serial_evidence,fault_evidence",0,False,False,Manual Review,2025-01-14,2024-06-04,29,0,train
CLM-001367,Television,Electronics,Vistara,VS-55UHD,SN40784021,CityWide Appliances,2021-07-24,1072.39,18,2023-01-15,2022-10-21,454,86,Manufacturing defect,True,4,SN40784021,True,"receipt,warranty_card,product_photo,serial_evidence,fault_evidence",0,False,False,Manual Review,2022-10-14,2022-06-23,86,0,test
CLM-001368,Television,Electronics,Vistara,VS-43,SN28889241,TechHub Store,2024-08-11,540.4,24,2026-08-01,2026-06-14,672,48,Battery defect,True,0,SN38889241,False,"receipt,product_photo,serial_evidence,fault_evidence",1,False,False,Manual Review,2026-06-07,,48,1,train
CLM-001369,Laptop,Electronics,Vertex,VT-14,SN98711501,MegaMart Electronics,2021-11-15,1221.38,12,2022-11-10,2021-12-26,41,319,Display fault,True,0,SN98711531,False,"receipt,warranty_card,product_photo,serial_evidence,fault_evidence",0,False,False,Manual Review,2021-12-19,,319,0,train
CLM-001370,Smartphone,Electronics,Nova,NV-100,SN31793431,MegaMart Electronics,2021-12-20,640.77,12,2022-12-15,2022-12-07,352,8,Motor malfunction,True,0,SN31793431,True,"receipt,product_photo,serial_evidence,fault_evidence",1,False,False,Manual Review,2022-11-30,,8,1,train
CLM-001371,Air Conditioner,Home Appliance,Chillmax,CM-1.5T,SN13824787,CityWide Appliances,2023-04-07,947.34,24,2025-03-27,2023-05-16,39,681,Manufacturing defect,True,4,SN13824787,True,"receipt,warranty_card,product_photo,serial_evidence,fault_evidence",0,False,False,Manual Review,2023-05-09,2023-04-17,681,0,train
CLM-001372,Smartphone,Electronics,Nova,NV-100,SN12005006,MegaMart Electronics,2023-04-15,1089.52,12,2024-04-09,2024-01-18,278,82,Display fault,True,0,SN12025006,False,"receipt,warranty_card,product_photo,serial_evidence,fault_evidence",0,False,False,Manual Review,2024-01-11,,82,0,train
CLM-001373,Air Conditioner,Home Appliance,Chillmax,CM-1.5T,SN28039586,CityWide Appliances,2021-05-16,1352.05,12,2022-05-11,2021-12-24,222,138,Display fault,True,0,SN58039586,False,"receipt,warranty_card,product_photo,serial_evidence,fault_evidence",0,False,False,Manual Review,2021-12-17,,138,0,test
CLM-001374,Television,Electronics,Vistara,VS-43,SN74127867,HomeStyle Retail,2023-08-20,570.99,36,2026-08-04,2025-09-16,758,322,Component failure,True,4,SN74137867,False,"receipt,warranty_card,product_photo,serial_evidence,fault_evidence",0,False,False,Manual Review,2025-09-09,2025-01-29,322,0,train
CLM-001375,Air Conditioner,Home Appliance,Chillmax,CM-1.5T,SN47889634,CityWide Appliances,2021-09-23,413.92,24,2023-09-13,2023-09-13,720,0,Component failure,True,0,SN47889634,True,"warranty_card,product_photo,serial_evidence,fault_evidence",1,False,False,Manual Review,2023-09-06,,0,1,train
CLM-001376,Refrigerator,Home Appliance,FrostLine,FL-300X,SN27677427,MegaMart Electronics,2022-04-09,951.75,12,2023-04-04,2022-12-11,246,114,Motor malfunction,True,4,SN27677427,True,"receipt,warranty_card,product_photo,serial_evidence,fault_evidence",0,False,False,Manual Review,2022-12-04,2022-09-26,114,0,train
CLM-001377,Air Conditioner,Home Appliance,Chillmax,CM-1T,SN36561171,CityWide Appliances,2021-10-25,973.66,24,2023-10-15,2023-10-28,733,-13,Manufacturing defect,True,0,SN36561171,True,"receipt,warranty_card,product_photo,serial_evidence,fault_evidence",0,False,False,Manual Review,2023-10-21,,13,0,train
CLM-001378,Laptop,Electronics,Vertex,VT-15Pro,SN56157714,MegaMart Electronics,2021-10-20,885.56,24,2023-10-10,2021-11-10,21,699,Display fault,True,1,SN56157714,True,"receipt,warranty_card,product_photo,serial_evidence",1,False,False,Manual Review,2021-11-03,2021-11-04,699,1,train
CLM-001379,Air Conditioner,Home Appliance,Chillmax,CM-1.5T,SN55265544,CityWide Appliances,2022-03-16,779.99,18,2023-09-07,2022-07-24,130,410,Component failure,True,6,SN55265544,True,"receipt,warranty_card,product_photo,serial_evidence,fault_evidence",0,False,False,Manual Review,2022-07-17,2022-05-21,410,0,train
CLM-001380,Refrigerator,Home Appliance,FrostLine,FL-300X,SN79668788,MegaMart Electronics,2022-11-30,1072.08,24,2024-11-19,2024-03-21,477,243,Compressor failure,True,0,SN79668688,False,"receipt,warranty_card,product_photo,serial_evidence,fault_evidence",0,False,False,Manual Review,2024-03-14,,243,0,validation
CLM-001381,Smartphone,Electronics,Nova,NV-X1,SN49689985,MegaMart Electronics,2021-02-22,394.92,36,2024-02-07,2021-10-17,237,843,Motor malfunction,True,1,SN49689985,True,"receipt,warranty_card,serial_evidence,fault_evidence",1,False,False,Manual Review,2021-10-10,2021-06-18,843,1,train
CLM-001382,Television,Electronics,Vistara,VS-43,SN63359344,TechHub Store,2023-06-13,292.04,24,2025-06-02,2025-06-07,725,-5,Battery defect,True,0,SN63359344,True,"receipt,warranty_card,product_photo,serial_evidence,fault_evidence",0,False,False,Manual Review,2025-05-31,,5,0,train
CLM-001383,Refrigerator,Home Appliance,FrostLine,FL-300X,SN80541440,HomeStyle Retail,2022-02-04,515.36,12,2023-01-30,2022-05-26,111,249,Battery defect,True,0,SN80541440,True,"receipt,product_photo,serial_evidence,fault_evidence",1,False,False,Manual Review,2022-05-19,,249,1,train
CLM-001384,Washing Machine,Home Appliance,Cleanwave,CW-700,SN32231222,TechHub Store,2023-12-23,582.92,18,2025-06-15,2024-06-20,180,360,Battery defect,True,3,SN32231222,True,"receipt,warranty_card,product_photo,serial_evidence,fault_evidence",0,False,False,Manual Review,2024-06-13,2024-02-19,360,0,train
CLM-001385,Smartphone,Electronics,Nova,NV-200,SN49795077,HomeStyle Retail,2025-03-19,516.6,24,2027-03-09,2026-01-08,295,425,Display fault,True,0,SN49795087,False,"receipt,warranty_card,product_photo,serial_evidence,fault_evidence",0,False,False,Manual Review,2026-01-01,,425,0,train
CLM-001386,Refrigerator,Home Appliance,FrostLine,FL-220,SN92291206,HomeStyle Retail,2022-10-22,1265.21,12,2023-10-17,2023-08-12,294,66,Manufacturing defect,True,1,SN92291206,True,"warranty_card,product_photo,serial_evidence,fault_evidence",1,False,False,Manual Review,2023-08-05,2023-05-21,66,1,test
CLM-001387,Washing Machine,Home Appliance,Cleanwave,CW-700,SN96716010,HomeStyle Retail,2021-10-15,1206.53,12,2022-10-10,2022-02-26,134,226,Component failure,True,1,SN96716010,True,"receipt,warranty_card,product_photo,serial_evidence",1,False,False,Manual Review,2022-02-19,2021-12-18,226,1,train
CLM-001388,Refrigerator,Home Appliance,FrostLine,FL-220,SN37626181,HomeStyle Retail,2022-12-19,640.35,12,2023-12-14,2023-03-02,73,287,Motor malfunction,True,1,SN37626181,True,"receipt,warranty_card,serial_evidence,fault_evidence",1,False,False,Manual Review,2023-02-23,2022-12-21,287,1,test
CLM-001389,Laptop,Electronics,Vertex,VT-14,SN98640264,HomeStyle Retail,2024-07-28,805.44,12,2025-07-23,2025-06-24,331,29,Manufacturing defect,True,1,SN98640264,True,"receipt,warranty_card,product_photo,serial_evidence,fault_evidence",0,False,False,Manual Review,2025-06-17,2025-05-02,29,0,train
CLM-001390,Television,Electronics,Vistara,VS-43,SN61204292,TechHub Store,2025-03-02,521.12,24,2027-02-20,2026-02-24,359,361,Display fault,True,1,SN68204292,False,"receipt,warranty_card,serial_evidence,fault_evidence",1,False,False,Manual Review,2026-02-17,2025-12-27,361,1,validation
CLM-001391,Laptop,Electronics,Vertex,VT-14,SN90975711,CityWide Appliances,2021-12-11,395.16,36,2024-11-25,2023-03-26,470,610,Compressor failure,True,1,SN90975311,False,"receipt,warranty_card,product_photo,serial_evidence,fault_evidence",0,False,False,Manual Review,2023-03-19,2022-08-22,610,0,train
CLM-001392,Television,Electronics,Vistara,VS-55UHD,SN47026058,CityWide Appliances,2024-12-07,495.19,36,2027-11-22,2027-11-20,1078,2,Compressor failure,True,0,SN47026758,False,"receipt,warranty_card,product_photo,serial_evidence,fault_evidence",0,False,False,Manual Review,2027-11-13,,2,0,train
CLM-001393,Air Conditioner,Home Appliance,Chillmax,CM-1T,SN88622613,HomeStyle Retail,2022-05-30,469.83,36,2025-05-14,2025-05-12,1078,2,Manufacturing defect,True,1,SN88622653,False,"receipt,warranty_card,product_photo,serial_evidence,fault_evidence",0,False,False,Manual Review,2025-05-05,2025-02-23,2,0,train
CLM-001394,Washing Machine,Home Appliance,Cleanwave,CW-700,SN89234500,TechHub Store,2024-02-23,992.5,24,2026-02-12,2026-01-16,693,27,Manufacturing defect,True,0,SN81234500,False,"receipt,warranty_card,product_photo,serial_evidence,fault_evidence",0,False,False,Manual Review,2026-01-09,,27,0,train
CLM-001395,Washing Machine,Home Appliance,Cleanwave,CW-750D,SN71839874,HomeStyle Retail,2025-04-14,878.82,12,2026-04-09,2025-05-14,30,330,Compressor failure,True,2,SN61839874,False,"receipt,warranty_card,product_photo,serial_evidence,fault_evidence",0,False,False,Manual Review,2025-05-07,2025-05-08,330,0,train
CLM-001396,Smartphone,Electronics,Nova,NV-200,SN23261275,MegaMart Electronics,2023-06-04,544.31,24,2025-05-24,2025-05-23,719,1,Manufacturing defect,True,0,SN23261275,True,"receipt,warranty_card,product_photo,fault_evidence",1,False,False,Manual Review,2025-05-16,,1,1,train
CLM-001397,Washing Machine,Home Appliance,Cleanwave,CW-700,SN47128982,HomeStyle Retail,2025-02-02,1055.83,18,2026-07-27,2026-01-30,362,178,Manufacturing defect,True,4,SN47128982,True,"receipt,warranty_card,product_photo,serial_evidence,fault_evidence",0,False,False,Manual Review,2026-01-23,2025-07-19,178,0,train
CLM-001398,Smartphone,Electronics,Nova,NV-X1,SN97011596,MegaMart Electronics,2023-07-28,737.23,24,2025-07-17,2024-01-18,174,546,Display fault,True,4,SN97011596,True,"receipt,warranty_card,product_photo,serial_evidence,fault_evidence",0,False,False,Manual Review,2024-01-11,2023-10-26,546,0,train
CLM-001399,Refrigerator,Home Appliance,FrostLine,FL-220,SN52484493,TechHub Store,2021-12-19,1183.67,24,2023-12-09,2023-12-06,717,3,Manufacturing defect,True,0,SN52484493,True,"receipt,warranty_card,product_photo,serial_evidence,fault_evidence",0,False,False,Manual Review,2023-11-29,,3,0,train
CLM-001400,Refrigerator,Home Appliance,FrostLine,FL-300X,SN37131995,MegaMart Electronics,2025-01-18,1241.44,12,2026-01-13,2025-10-09,264,96,Motor malfunction,True,1,SN37131996,False,"receipt,warranty_card,product_photo,serial_evidence,fault_evidence",0,False,False,Manual Review,2025-10-02,2025-08-31,96,0,train
CLM-001401,Smartphone,Electronics,Nova,NV-200,SN77930179,TechHub Store,2023-01-11,1014.93,24,2024-12-31,2023-05-15,124,596,Motor malfunction,True,1,SN77930179,True,"receipt,warranty_card,product_photo,serial_evidence",1,False,False,Manual Review,2023-05-08,2023-04-18,596,1,train
CLM-001402,Smartphone,Electronics,Nova,NV-100,SN90258091,CityWide Appliances,2024-02-21,604.39,18,2025-08-14,2024-05-18,87,453,Component failure,True,1,SN90258041,False,"receipt,warranty_card,product_photo,serial_evidence,fault_evidence",0,False,False,Manual Review,2024-05-11,2024-04-05,453,0,validation
CLM-001403,Air Conditioner,Home Appliance,Chillmax,CM-1.5T,SN92331842,HomeStyle Retail,2023-12-28,343.39,18,2025-06-20,2024-04-22,116,424,Motor malfunction,True,0,SN92331842,True,"warranty_card,product_photo,serial_evidence,fault_evidence",1,False,False,Manual Review,2024-04-15,,424,1,train
CLM-001404,Refrigerator,Home Appliance,FrostLine,FL-300X,SN13537870,HomeStyle Retail,2022-04-06,960.45,18,2023-09-28,2023-10-03,545,-5,Component failure,True,0,SN13537870,True,"receipt,product_photo,serial_evidence,fault_evidence",1,False,False,Manual Review,2023-09-26,,5,1,validation
CLM-001405,Television,Electronics,Vistara,VS-55UHD,SN68914857,HomeStyle Retail,2022-04-08,202.75,18,2023-09-30,2022-12-23,259,281,Battery defect,True,2,SN68914857,True,"receipt,warranty_card,product_photo,serial_evidence",1,False,False,Manual Review,2022-12-16,2022-07-16,281,1,train
CLM-001406,Air Conditioner,Home Appliance,Chillmax,CM-1.5T,SN45374067,HomeStyle Retail,2023-04-25,873.9,12,2024-04-19,2023-11-19,208,152,Motor malfunction,True,0,SN45374467,False,"receipt,warranty_card,product_photo,serial_evidence,fault_evidence",0,False,False,Manual Review,2023-11-12,,152,0,train
CLM-001407,Air Conditioner,Home Appliance,Chillmax,CM-1T,SN22968305,CityWide Appliances,2024-01-12,1027.33,18,2025-07-05,2024-09-30,262,278,Compressor failure,True,0,SN22968305,True,"receipt,warranty_card,product_photo,serial_evidence",1,False,False,Manual Review,2024-09-23,,278,1,train
CLM-001408,Refrigerator,Home Appliance,FrostLine,FL-300X,SN96565865,CityWide Appliances,2023-09-02,1104.57,18,2025-02-23,2025-02-27,544,-4,Component failure,True,0,SN96565865,True,"receipt,warranty_card,product_photo,serial_evidence,fault_evidence",0,False,False,Manual Review,2025-02-20,,4,0,train
CLM-001409,Laptop,Electronics,Vertex,VT-15Pro,SN18678217,CityWide Appliances,2023-08-11,885.49,12,2024-08-05,2024-08-08,363,-3,Component failure,True,1,SN18678217,True,"receipt,warranty_card,product_photo,serial_evidence,fault_evidence",0,False,False,Manual Review,2024-08-01,2023-08-23,3,0,train
CLM-001410,Laptop,Electronics,Vertex,VT-14,SN18559981,TechHub Store,2024-02-21,514.27,18,2025-08-14,2025-08-16,542,-2,Manufacturing defect,True,0,SN18559981,True,"receipt,warranty_card,product_photo,serial_evidence,fault_evidence",0,False,False,Manual Review,2025-08-09,,2,0,train
CLM-001411,Refrigerator,Home Appliance,FrostLine,FL-300X,SN67825027,TechHub Store,2025-01-12,1560.85,12,2026-01-07,2025-02-05,24,336,Component failure,True,0,SN67825027,True,"receipt,warranty_card,product_photo,serial_evidence,fault_evidence",0,False,False,Manual Review,2025-01-29,,336,0,train
CLM-001412,Washing Machine,Home Appliance,Cleanwave,CW-700,SN86484960,TechHub Store,2023-03-23,351.2,12,2024-03-17,2024-03-12,355,5,Battery defect,True,1,SN86484920,False,"receipt,warranty_card,product_photo,serial_evidence,fault_evidence",0,False,False,Manual Review,2024-03-05,2024-03-06,5,0,train
CLM-001413,Smartphone,Electronics,Nova,NV-200,SN88845892,MegaMart Electronics,2024-04-16,741.78,18,2025-10-08,2025-10-05,537,3,Manufacturing defect,True,0,SN88845892,True,"receipt,warranty_card,product_photo,serial_evidence,fault_evidence",0,False,False,Manual Review,2025-09-28,,3,0,validation
CLM-001414,Washing Machine,Home Appliance,Cleanwave,CW-700,SN34325365,MegaMart Electronics,2024-06-11,656.91,12,2025-06-06,2024-09-28,109,251,Motor malfunction,True,1,SN34325361,False,"receipt,warranty_card,product_photo,serial_evidence,fault_evidence",0,False,False,Manual Review,2024-09-21,2024-06-23,251,0,test
CLM-001415,Refrigerator,Home Appliance,FrostLine,FL-220,SN56076320,MegaMart Electronics,2021-07-12,152.93,36,2024-06-26,2023-09-10,790,290,Component failure,True,0,SN56075320,False,"receipt,warranty_card,product_photo,serial_evidence,fault_evidence",0,False,False,Manual Review,2023-09-03,,290,0,train
CLM-001416,Washing Machine,Home Appliance,Cleanwave,CW-700,SN40419133,HomeStyle Retail,2024-12-19,1543.25,18,2026-06-12,2025-07-05,198,342,Compressor failure,True,4,SN40419133,True,"receipt,warranty_card,product_photo,serial_evidence,fault_evidence",0,False,False,Manual Review,2025-06-28,2025-05-31,342,0,train
CLM-001417,Smartphone,Electronics,Nova,NV-X1,SN18173978,CityWide Appliances,2021-06-17,558.01,18,2022-12-09,2022-12-06,537,3,Manufacturing defect,True,0,SN18173978,True,"receipt,warranty_card,product_photo,serial_evidence,fault_evidence",0,False,False,Manual Review,2022-11-29,,3,0,train
CLM-001418,Smartphone,Electronics,Nova,NV-200,SN51106043,MegaMart Electronics,2024-10-30,683.18,18,2026-04-23,2024-11-21,22,518,Component failure,True,0,SN51106243,False,"receipt,warranty_card,product_photo,serial_evidence",1,False,False,Manual Review,2024-11-14,,518,1,train
CLM-001419,Television,Electronics,Vistara,VS-43,SN30759612,HomeStyle Retail,2022-01-22,723.79,24,2024-01-12,2024-01-15,723,-3,Compressor failure,True,1,SN30859612,False,"receipt,warranty_card,product_photo,serial_evidence,fault_evidence",0,False,False,Manual Review,2024-01-08,2022-07-23,3,0,train
CLM-001420,Television,Electronics,Vistara,VS-43,SN51831014,CityWide Appliances,2023-11-06,332.15,12,2024-10-31,2024-10-28,357,3,Compressor failure,True,0,SN56831014,False,"receipt,warranty_card,product_photo,serial_evidence,fault_evidence",0,False,False,Manual Review,2024-10-21,,3,0,validation
CLM-001421,Smartphone,Electronics,Nova,NV-100,SN92301184,CityWide Appliances,2022-01-05,928.02,24,2023-12-26,2023-06-08,519,201,Compressor failure,True,1,SN92301184,True,"receipt,warranty_card,product_photo,fault_evidence",1,False,False,Manual Review,2023-06-01,2023-02-08,201,1,train
CLM-001422,Washing Machine,Home Appliance,Cleanwave,CW-700,SN75869786,MegaMart Electronics,2023-07-07,848.16,36,2026-06-21,2026-06-22,1081,-1,Display fault,True,0,SN75869786,True,"receipt,warranty_card,product_photo,serial_evidence,fault_evidence",0,False,False,Manual Review,2026-06-15,,1,0,train
CLM-001423,Air Conditioner,Home Appliance,Chillmax,CM-1T,SN99055153,TechHub Store,2021-03-27,1053.5,18,2022-09-18,2021-07-16,111,429,Compressor failure,True,1,SN99055193,False,"receipt,warranty_card,product_photo,serial_evidence,fault_evidence",0,False,False,Manual Review,2021-07-09,2021-04-22,429,0,train
CLM-001424,Television,Electronics,Vistara,VS-55UHD,SN64255917,HomeStyle Retail,2022-08-02,893.86,18,2024-01-24,2023-06-07,309,231,Manufacturing defect,True,1,SN68255917,False,"receipt,warranty_card,product_photo,serial_evidence,fault_evidence",0,False,False,Manual Review,2023-05-31,2023-04-11,231,0,train
CLM-001425,Laptop,Electronics,Vertex,VT-15Pro,SN17397482,HomeStyle Retail,2021-08-02,526.81,18,2023-01-24,2022-06-21,323,217,Manufacturing defect,True,2,SN47397482,False,"receipt,warranty_card,product_photo,serial_evidence,fault_evidence",0,False,False,Manual Review,2022-06-14,2022-01-07,217,0,validation
CLM-001426,Laptop,Electronics,Vertex,VT-14,SN50660713,HomeStyle Retail,2024-04-18,633.7,24,2026-04-08,2024-06-16,59,661,Battery defect,True,0,SN50660713,True,"receipt,warranty_card,serial_evidence,fault_evidence",1,False,False,Manual Review,2024-06-09,,661,1,validation
CLM-001427,Air Conditioner,Home Appliance,Chillmax,CM-1.5T,SN16002311,CityWide Appliances,2021-04-18,689.47,24,2023-04-08,2022-10-16,546,174,Component failure,True,1,SN18002311,False,"receipt,warranty_card,product_photo,serial_evidence,fault_evidence",0,False,False,Manual Review,2022-10-09,2021-12-01,174,0,train
CLM-001428,Smartphone,Electronics,Nova,NV-200,SN37652856,CityWide Appliances,2024-12-30,636.11,18,2026-06-23,2025-01-24,25,515,Motor malfunction,True,0,SN37652856,True,"warranty_card,product_photo,serial_evidence,fault_evidence",1,False,False,Manual Review,2025-01-17,,515,1,test
CLM-001429,Air Conditioner,Home Appliance,Chillmax,CM-1.5T,SN63949988,MegaMart Electronics,2021-01-10,963.14,36,2023-12-26,2023-03-29,808,272,Component failure,True,2,SN63949988,True,"receipt,warranty_card,product_photo,serial_evidence,fault_evidence",0,False,False,Manual Review,2023-03-22,2022-09-16,272,0,train
CLM-001430,Refrigerator,Home Appliance,FrostLine,FL-300X,SN37498028,CityWide Appliances,2022-05-20,1091.81,24,2024-05-09,2023-08-05,442,278,Compressor failure,True,4,SN37498028,True,"receipt,warranty_card,product_photo,serial_evidence,fault_evidence",0,False,False,Manual Review,2023-07-29,2023-06-02,278,0,validation
CLM-001431,Laptop,Electronics,Vertex,VT-15Pro,SN35433791,TechHub Store,2022-07-13,392.29,18,2024-01-04,2023-12-30,535,5,Display fault,True,0,SN35433791,True,"receipt,warranty_card,product_photo,serial_evidence,fault_evidence",0,False,False,Manual Review,2023-12-23,,5,0,validation
CLM-001432,Refrigerator,Home Appliance,FrostLine,FL-220,SN19465618,TechHub Store,2022-06-04,1215.43,24,2024-05-24,2022-10-23,141,579,Manufacturing defect,True,1,SN19865618,False,"warranty_card,product_photo,serial_evidence,fault_evidence",1,False,False,Manual Review,2022-10-16,2022-07-21,579,1,train
CLM-001433,Washing Machine,Home Appliance,Cleanwave,CW-750D,SN48212434,CityWide Appliances,2024-01-05,983.34,18,2025-06-28,2025-02-25,417,123,Motor malfunction,True,1,SN48212434,True,"receipt,warranty_card,product_photo,serial_evidence,fault_evidence",0,False,False,Manual Review,2025-02-18,2024-03-01,123,0,train
CLM-001434,Air Conditioner,Home Appliance,Chillmax,CM-1T,SN27061090,HomeStyle Retail,2025-04-08,753.11,12,2026-04-03,2026-01-27,294,66,Display fault,True,1,SN27061090,True,"warranty_card,product_photo,serial_evidence,fault_evidence",1,False,False,Manual Review,2026-01-20,2025-12-10,66,1,train
CLM-001435,Smartphone,Electronics,Nova,NV-X1,SN19046325,MegaMart Electronics,2021-08-12,341.3,12,2022-08-07,2022-07-29,351,9,Battery defect,True,2,SN19046325,True,"receipt,warranty_card,product_photo,serial_evidence,fault_evidence",0,False,False,Manual Review,2022-07-22,2022-02-18,9,0,validation
CLM-001436,Refrigerator,Home Appliance,FrostLine,FL-220,SN38243618,TechHub Store,2023-06-17,970.29,24,2025-06-06,2023-08-08,52,668,Component failure,True,0,SN08243618,False,"receipt,warranty_card,product_photo,serial_evidence,fault_evidence",0,False,False,Manual Review,2023-08-01,,668,0,test
CLM-001437,Laptop,Electronics,Vertex,VT-14,SN62520989,HomeStyle Retail,2022-12-01,209.39,36,2025-11-15,2024-11-27,727,353,Motor malfunction,True,1,SN62520989,True,"receipt,warranty_card,product_photo,serial_evidence,fault_evidence",0,False,False,Manual Review,2024-11-20,2024-05-02,353,0,train
CLM-001438,Smartphone,Electronics,Nova,NV-200,SN19312412,TechHub Store,2021-05-11,476.79,12,2022-05-06,2021-12-31,234,126,Battery defect,True,1,SN19312412,True,"receipt,warranty_card,product_photo,serial_evidence",1,False,False,Manual Review,2021-12-24,2021-07-24,126,1,train
CLM-001439,Laptop,Electronics,Vertex,VT-14,SN93025237,TechHub Store,2024-02-15,538.13,12,2025-02-09,2024-03-29,43,317,Manufacturing defect,True,0,SN93025637,False,"receipt,warranty_card,product_photo,serial_evidence,fault_evidence",0,False,False,Manual Review,2024-03-22,,317,0,train
CLM-001440,Laptop,Electronics,Vertex,VT-15Pro,SN86095382,MegaMart Electronics,2021-10-21,671.78,36,2024-10-05,2024-10-03,1078,2,Compressor failure,True,0,SN86095382,True,"receipt,product_photo,serial_evidence,fault_evidence",1,False,False,Manual Review,2024-09-26,,2,1,train
CLM-001441,Television,Electronics,Vistara,VS-55UHD,SN47912273,TechHub Store,2021-03-14,899.04,24,2023-03-04,2023-03-01,717,3,Display fault,True,1,SN47912273,True,"receipt,warranty_card,product_photo,serial_evidence,fault_evidence",0,False,False,Manual Review,2023-02-22,2022-06-18,3,0,train
CLM-001442,Television,Electronics,Vistara,VS-55UHD,SN74307616,CityWide Appliances,2025-03-13,261.28,12,2026-03-08,2025-09-15,186,174,Battery defect,True,1,SN74807616,False,"receipt,warranty_card,product_photo,serial_evidence,fault_evidence",0,False,False,Manual Review,2025-09-08,2025-06-14,174,0,validation
CLM-001443,Television,Electronics,Vistara,VS-43,SN59402605,TechHub Store,2022-04-04,841.81,12,2023-03-30,2022-10-29,208,152,Motor malfunction,True,0,SN59402605,True,"receipt,warranty_card,product_photo,fault_evidence",1,False,False,Manual Review,2022-10-22,,152,1,train
CLM-001444,Air Conditioner,Home Appliance,Chillmax,CM-1.5T,SN26780466,TechHub Store,2021-10-22,1266.29,12,2022-10-17,2022-08-05,287,73,Display fault,True,0,SN26780366,False,"receipt,warranty_card,product_photo,serial_evidence,fault_evidence",0,False,False,Manual Review,2022-07-29,,73,0,test
CLM-001445,Television,Electronics,Vistara,VS-55UHD,SN58796232,MegaMart Electronics,2023-05-13,843.39,36,2026-04-27,2025-11-17,919,161,Compressor failure,True,0,SN58796222,False,"receipt,warranty_card,product_photo,serial_evidence,fault_evidence",0,False,False,Manual Review,2025-11-10,,161,0,train
CLM-001446,Smartphone,Electronics,Nova,NV-X1,SN98493234,TechHub Store,2023-12-22,745.02,12,2024-12-16,2024-10-18,301,59,Display fault,True,1,SN98493234,True,"receipt,warranty_card,serial_evidence,fault_evidence",1,False,False,Manual Review,2024-10-11,2024-09-28,59,1,test
CLM-001447,Washing Machine,Home Appliance,Cleanwave,CW-750D,SN24582780,HomeStyle Retail,2025-04-14,1488.18,24,2027-04-04,2025-11-28,228,492,Display fault,True,3,SN24582780,True,"receipt,warranty_card,product_photo,serial_evidence,fault_evidence",0,False,False,Manual Review,2025-11-21,2025-06-30,492,0,validation
CLM-001448,Refrigerator,Home Appliance,FrostLine,FL-300X,SN34201500,CityWide Appliances,2024-07-01,1291.62,18,2025-12-23,2024-12-18,170,370,Battery defect,True,2,SN34271500,False,"warranty_card,product_photo,serial_evidence,fault_evidence",1,False,False,Manual Review,2024-12-11,2024-08-15,370,1,train
CLM-001449,Smartphone,Electronics,Nova,NV-200,SN72891711,MegaMart Electronics,2022-07-14,378.25,36,2025-06-28,2023-09-02,415,665,Display fault,True,1,SN72891711,True,"receipt,product_photo,serial_evidence,fault_evidence",1,False,False,Manual Review,2023-08-26,2022-12-23,665,1,validation
CLM-001450,Air Conditioner,Home Appliance,Chillmax,CM-1T,SN12881127,MegaMart Electronics,2024-06-04,889.31,36,2027-05-20,2027-05-21,1081,-1,Manufacturing defect,True,1,SN12881127,True,"receipt,warranty_card,product_photo,serial_evidence,fault_evidence",0,False,False,Manual Review,2027-05-14,2026-04-14,1,0,train
CLM-001451,Television,Electronics,Vistara,VS-55UHD,SN18861468,HomeStyle Retail,2021-07-04,745.71,18,2022-12-26,2022-12-17,531,9,Motor malfunction,True,3,SN18861468,True,"receipt,warranty_card,product_photo,serial_evidence,fault_evidence",0,False,False,Manual Review,2022-12-10,2022-10-05,9,0,train
CLM-001452,Air Conditioner,Home Appliance,Chillmax,CM-1T,SN30403362,MegaMart Electronics,2023-08-31,717.95,18,2025-02-21,2023-12-22,113,427,Battery defect,True,0,SN30403362,True,"warranty_card,product_photo,serial_evidence,fault_evidence",1,False,False,Manual Review,2023-12-15,,427,1,train
CLM-001453,Refrigerator,Home Appliance,FrostLine,FL-220,SN25214980,TechHub Store,2024-06-20,1169.86,18,2025-12-12,2025-04-13,297,243,Manufacturing defect,True,0,SN25814980,False,"receipt,warranty_card,product_photo,serial_evidence,fault_evidence",0,False,False,Manual Review,2025-04-06,,243,0,train
CLM-001454,Smartphone,Electronics,Nova,NV-100,SN88675126,TechHub Store,2025-03-28,1031.6,12,2026-03-23,2025-12-07,254,106,Battery defect,True,1,SN88675826,False,"receipt,warranty_card,product_photo,serial_evidence,fault_evidence",0,False,False,Manual Review,2025-11-30,2025-08-22,106,0,train
CLM-001455,Television,Electronics,Vistara,VS-55UHD,SN55604049,CityWide Appliances,2022-01-08,378.32,18,2023-07-02,2023-06-19,527,13,Motor malfunction,True,1,SN55604049,True,"receipt,warranty_card,product_photo,serial_evidence,fault_evidence",0,False,False,Manual Review,2023-06-12,2022-03-20,13,0,train
CLM-001456,Smartphone,Electronics,Nova,NV-X1,SN36458585,CityWide Appliances,2021-12-29,847.59,12,2022-12-24,2022-03-25,86,274,Motor malfunction,True,3,SN36458585,True,"receipt,warranty_card,product_photo,serial_evidence,fault_evidence",0,False,False,Manual Review,2022-03-18,2022-02-05,274,0,train
CLM-001457,Television,Electronics,Vistara,VS-55UHD,SN12141515,HomeStyle Retail,2024-12-27,807.08,24,2026-12-17,2026-12-06,709,11,Battery defect,True,0,SN12141515,True,"receipt,warranty_card,product_photo,serial_evidence,fault_evidence",0,False,False,Manual Review,2026-11-29,,11,0,test
CLM-001458,Laptop,Electronics,Vertex,VT-14,SN75714214,MegaMart Electronics,2023-05-06,710.43,36,2026-04-20,2024-06-12,403,677,Component failure,True,5,SN75714214,True,"receipt,warranty_card,product_photo,serial_evidence,fault_evidence",0,False,False,Manual Review,2024-06-05,2023-06-02,677,0,validation
CLM-001459,Washing Machine,Home Appliance,Cleanwave,CW-750D,SN98139894,HomeStyle Retail,2024-08-22,843.96,12,2025-08-17,2025-04-10,231,129,Manufacturing defect,True,2,SN98139894,True,"receipt,warranty_card,product_photo,serial_evidence,fault_evidence",0,False,False,Manual Review,2025-04-03,2024-11-16,129,0,test
CLM-001460,Smartphone,Electronics,Nova,NV-200,SN36795548,CityWide Appliances,2024-02-04,956.36,12,2025-01-29,2025-01-24,355,5,Display fault,True,1,SN36795548,True,"receipt,warranty_card,product_photo,serial_evidence,fault_evidence",0,False,False,Manual Review,2025-01-17,2024-08-21,5,0,test
CLM-001461,Washing Machine,Home Appliance,Cleanwave,CW-750D,SN64652792,TechHub Store,2021-03-15,502.72,24,2023-03-05,2022-03-03,353,367,Component failure,True,4,SN64652792,True,"receipt,warranty_card,product_photo,serial_evidence,fault_evidence",0,False,False,Manual Review,2022-02-24,2021-09-09,367,0,train
CLM-001462,Smartphone,Electronics,Nova,NV-200,SN21381032,TechHub Store,2025-01-12,688.22,12,2026-01-07,2025-06-07,146,214,Battery defect,True,0,SN21381032,True,"receipt,warranty_card,serial_evidence,fault_evidence",1,False,False,Manual Review,2025-05-31,,214,1,train
CLM-001463,Washing Machine,Home Appliance,Cleanwave,CW-700,SN60115328,MegaMart Electronics,2021-08-21,1197.74,12,2022-08-16,2021-10-24,64,296,Component failure,True,2,SN60115328,True,"receipt,warranty_card,product_photo,serial_evidence",1,False,False,Manual Review,2021-10-17,2021-09-02,296,1,train
CLM-001464,Washing Machine,Home Appliance,Cleanwave,CW-700,SN30970686,HomeStyle Retail,2021-06-04,1277.96,12,2022-05-30,2022-06-05,366,-6,Display fault,True,3,SN30970686,True,"receipt,warranty_card,product_photo,serial_evidence,fault_evidence",0,False,False,Manual Review,2022-05-29,2022-04-24,6,0,validation
CLM-001465,Smartphone,Electronics,Nova,NV-100,SN36779296,CityWide Appliances,2022-11-09,681.44,24,2024-10-29,2024-10-28,719,1,Manufacturing defect,True,2,SN36779296,True,"receipt,warranty_card,product_photo,serial_evidence,fault_evidence",0,False,False,Manual Review,2024-10-21,2023-05-19,1,0,train
CLM-001466,Washing Machine,Home Appliance,Cleanwave,CW-700,SN20658492,HomeStyle Retail,2021-07-07,1512.74,24,2023-06-27,2023-06-21,714,6,Component failure,True,0,SN20688492,False,"receipt,warranty_card,product_photo,serial_evidence,fault_evidence",0,False,False,Manual Review,2023-06-14,,6,0,train
CLM-001467,Laptop,Electronics,Vertex,VT-14,SN20678134,MegaMart Electronics,2024-12-21,734.22,36,2027-12-06,2025-05-05,135,945,Motor malfunction,True,0,SN20678134,True,"receipt,product_photo,serial_evidence,fault_evidence",1,False,False,Manual Review,2025-04-28,,945,1,test
CLM-001468,Smartphone,Electronics,Nova,NV-200,SN40563463,MegaMart Electronics,2021-10-22,782.93,36,2024-10-06,2022-04-05,165,915,Motor malfunction,True,0,SN40563463,True,"receipt,warranty_card,product_photo,serial_evidence",1,False,False,Manual Review,2022-03-29,,915,1,train
CLM-001469,Refrigerator,Home Appliance,FrostLine,FL-220,SN97891427,CityWide Appliances,2024-05-16,1029.32,18,2025-11-07,2025-05-14,363,177,Motor malfunction,True,4,SN97891427,True,"receipt,warranty_card,serial_evidence,fault_evidence",1,False,False,Manual Review,2025-05-07,2024-08-07,177,1,validation
CLM-001470,Refrigerator,Home Appliance,FrostLine,FL-300X,SN20730923,TechHub Store,2021-05-13,827.21,12,2022-05-08,2021-06-22,40,320,Compressor failure,True,0,SN20730920,False,"receipt,warranty_card,product_photo,serial_evidence,fault_evidence",0,False,False,Manual Review,2021-06-15,,320,0,train
CLM-001471,Refrigerator,Home Appliance,FrostLine,FL-220,SN86396882,MegaMart Electronics,2024-10-13,730.64,12,2025-10-08,2025-08-29,320,40,Motor malfunction,True,3,SN86396882,True,"receipt,warranty_card,product_photo,serial_evidence,fault_evidence",0,False,False,Manual Review,2025-08-22,2025-06-01,40,0,train
CLM-001472,Air Conditioner,Home Appliance,Chillmax,CM-1.5T,SN83271725,CityWide Appliances,2023-01-04,1106.45,24,2024-12-24,2023-11-17,317,403,Battery defect,True,0,SN83231725,False,"receipt,warranty_card,product_photo,serial_evidence,fault_evidence",0,False,False,Manual Review,2023-11-10,,403,0,train
CLM-001473,Washing Machine,Home Appliance,Cleanwave,CW-750D,SN72226540,CityWide Appliances,2021-12-16,683.8,12,2022-12-11,2022-08-19,246,114,Display fault,True,5,SN72226540,True,"receipt,warranty_card,product_photo,serial_evidence,fault_evidence",0,False,False,Manual Review,2022-08-12,2022-04-11,114,0,train
CLM-001474,Television,Electronics,Vistara,VS-55UHD,SN61198338,CityWide Appliances,2021-11-09,458.13,12,2022-11-04,2021-12-01,22,338,Motor malfunction,True,2,SN61798338,False,"receipt,warranty_card,product_photo,serial_evidence,fault_evidence",0,False,False,Manual Review,2021-11-24,2021-11-10,338,0,test
CLM-001475,Smartphone,Electronics,Nova,NV-100,SN62518275,HomeStyle Retail,2023-06-09,581.94,24,2025-05-29,2025-05-26,717,3,Motor malfunction,True,0,SN62518275,True,"receipt,warranty_card,serial_evidence,fault_evidence",1,False,False,Manual Review,2025-05-19,,3,1,train
CLM-001476,Washing Machine,Home Appliance,Cleanwave,CW-750D,SN91446672,TechHub Store,2022-02-10,819.96,12,2023-02-05,2022-07-12,152,208,Component failure,True,3,SN91446662,False,"receipt,warranty_card,product_photo,serial_evidence,fault_evidence",0,False,False,Manual Review,2022-07-05,2022-06-15,208,0,train
CLM-001477,Refrigerator,Home Appliance,FrostLine,FL-300X,SN28988828,MegaMart Electronics,2024-09-25,965.98,12,2025-09-20,2025-09-17,357,3,Display fault,True,6,SN28988828,True,"receipt,warranty_card,product_photo,serial_evidence,fault_evidence",0,False,False,Manual Review,2025-09-10,2025-01-14,3,0,validation
CLM-001478,Refrigerator,Home Appliance,FrostLine,FL-300X,SN92091154,MegaMart Electronics,2023-05-03,589.87,18,2024-10-24,2024-04-23,356,184,Component failure,True,1,SN92091154,True,"receipt,warranty_card,product_photo,serial_evidence,fault_evidence",0,False,False,Manual Review,2024-04-16,2024-01-30,184,0,train
CLM-001479,Washing Machine,Home Appliance,Cleanwave,CW-750D,SN18472493,MegaMart Electronics,2022-08-01,945.0,18,2024-01-23,2022-12-20,141,399,Motor malfunction,True,6,SN18472493,True,"receipt,warranty_card,product_photo,serial_evidence,fault_evidence",0,False,False,Manual Review,2022-12-13,2022-11-16,399,0,train
CLM-001480,Refrigerator,Home Appliance,FrostLine,FL-300X,SN47652279,HomeStyle Retail,2022-05-20,903.16,12,2023-05-15,2022-11-06,170,190,Battery defect,True,2,SN47652279,True,"receipt,warranty_card,product_photo,serial_evidence,fault_evidence",0,False,False,Manual Review,2022-10-30,2022-08-13,190,0,train
CLM-001481,Laptop,Electronics,Vertex,VT-14,SN89568937,HomeStyle Retail,2024-12-01,483.18,12,2025-11-26,2025-10-30,333,27,Display fault,True,0,SN89568937,True,"receipt,product_photo,serial_evidence,fault_evidence",1,False,False,Manual Review,2025-10-23,,27,1,test
CLM-001482,Television,Electronics,Vistara,VS-55UHD,SN29911932,HomeStyle Retail,2024-02-28,364.84,18,2025-08-21,2025-08-17,536,4,Manufacturing defect,True,1,SN29911932,True,"receipt,warranty_card,product_photo,serial_evidence,fault_evidence",0,False,False,Manual Review,2025-08-10,2025-07-15,4,0,train
CLM-001483,Air Conditioner,Home Appliance,Chillmax,CM-1.5T,SN29204323,HomeStyle Retail,2023-08-06,907.07,24,2025-07-26,2024-02-29,207,513,Display fault,True,2,SN29204323,True,"warranty_card,product_photo,serial_evidence,fault_evidence",1,False,False,Manual Review,2024-02-22,2023-10-09,513,1,validation
CLM-001484,Laptop,Electronics,Vertex,VT-14,SN46608900,CityWide Appliances,2022-04-03,383.55,24,2024-03-23,2024-01-08,645,75,Display fault,True,1,SN46608900,True,"receipt,warranty_card,product_photo,serial_evidence,fault_evidence",0,False,False,Manual Review,2024-01-01,2023-02-19,75,0,train
CLM-001485,Television,Electronics,Vistara,VS-43,SN49677387,TechHub Store,2024-05-23,1167.32,36,2027-05-08,2025-06-22,395,685,Battery defect,True,0,SN49677387,True,"receipt,product_photo,serial_evidence,fault_evidence",1,False,False,Manual Review,2025-06-15,,685,1,train
CLM-001486,Washing Machine,Home Appliance,Cleanwave,CW-700,SN29335352,MegaMart Electronics,2023-10-30,620.49,12,2024-10-24,2023-11-14,15,345,Manufacturing defect,True,1,SN79335352,False,"receipt,warranty_card,product_photo,serial_evidence,fault_evidence",0,False,False,Manual Review,2023-11-07,2023-11-05,345,0,train
CLM-001487,Laptop,Electronics,Vertex,VT-15Pro,SN52156045,MegaMart Electronics,2023-08-11,825.58,24,2025-07-31,2024-09-15,401,319,Display fault,True,1,SN52156045,True,"receipt,warranty_card,serial_evidence,fault_evidence",1,False,False,Manual Review,2024-09-08,2023-12-31,319,1,validation
CLM-001488,Smartphone,Electronics,Nova,NV-100,SN26631582,MegaMart Electronics,2022-02-10,795.58,24,2024-01-31,2023-10-13,610,110,Display fault,True,0,SN26631982,False,"receipt,warranty_card,product_photo,serial_evidence,fault_evidence",0,False,False,Manual Review,2023-10-06,,110,0,train
CLM-001489,Laptop,Electronics,Vertex,VT-15Pro,SN63088171,MegaMart Electronics,2023-01-26,350.64,12,2024-01-21,2023-12-23,331,29,Motor malfunction,True,1,SN43088171,False,"receipt,warranty_card,product_photo,serial_evidence,fault_evidence",0,False,False,Manual Review,2023-12-16,2023-11-12,29,0,validation
CLM-001490,Refrigerator,Home Appliance,FrostLine,FL-300X,SN18573546,CityWide Appliances,2025-03-30,775.51,24,2027-03-20,2027-03-23,723,-3,Component failure,True,1,SN18573546,True,"receipt,warranty_card,product_photo,serial_evidence,fault_evidence",0,False,False,Manual Review,2027-03-16,2025-09-02,3,0,train
CLM-001491,Washing Machine,Home Appliance,Cleanwave,CW-750D,SN56113600,TechHub Store,2021-07-29,1064.82,18,2023-01-20,2022-08-08,375,165,Display fault,True,4,SN56113600,True,"receipt,warranty_card,product_photo,fault_evidence",1,False,False,Manual Review,2022-08-01,2022-05-05,165,1,train
CLM-001492,Air Conditioner,Home Appliance,Chillmax,CM-1.5T,SN31348733,MegaMart Electronics,2021-05-08,515.6,18,2022-10-30,2021-08-17,101,439,Component failure,True,2,SN31343733,False,"receipt,warranty_card,product_photo,serial_evidence,fault_evidence",0,False,False,Manual Review,2021-08-10,2021-05-16,439,0,train
CLM-001493,Washing Machine,Home Appliance,Cleanwave,CW-700,SN15660750,MegaMart Electronics,2024-08-13,1409.13,24,2026-08-03,2026-08-06,723,-3,Component failure,True,0,SN15620750,False,"receipt,warranty_card,product_photo,serial_evidence,fault_evidence",0,False,False,Manual Review,2026-07-30,,3,0,test
CLM-001494,Smartphone,Electronics,Nova,NV-200,SN76065625,MegaMart Electronics,2023-10-23,282.2,18,2025-04-15,2024-12-11,415,125,Manufacturing defect,True,0,SN76065695,False,"receipt,warranty_card,product_photo,serial_evidence,fault_evidence",0,False,False,Manual Review,2024-12-04,,125,0,train
CLM-001495,Laptop,Electronics,Vertex,VT-15Pro,SN20821631,HomeStyle Retail,2021-03-24,660.37,12,2022-03-19,2022-03-18,359,1,Component failure,True,1,SN20821931,False,"receipt,warranty_card,product_photo,serial_evidence,fault_evidence",0,False,False,Manual Review,2022-03-11,2021-10-14,1,0,train
CLM-001496,Air Conditioner,Home Appliance,Chillmax,CM-1.5T,SN45654499,HomeStyle Retail,2022-03-12,800.68,12,2023-03-07,2023-03-10,363,-3,Battery defect,True,1,SN45654499,True,"receipt,warranty_card,product_photo,serial_evidence,fault_evidence",0,False,False,Manual Review,2023-03-03,2022-09-27,3,0,train
CLM-001497,Television,Electronics,Vistara,VS-55UHD,SN25994412,TechHub Store,2021-11-24,435.92,24,2023-11-14,2022-11-03,344,376,Display fault,True,3,SN25994412,True,"receipt,warranty_card,product_photo,serial_evidence,fault_evidence",0,False,False,Manual Review,2022-10-27,2021-12-09,376,0,test
CLM-001498,Smartphone,Electronics,Nova,NV-100,SN37592908,MegaMart Electronics,2023-07-02,386.46,24,2025-06-21,2025-06-20,719,1,Battery defect,True,2,SN37594908,False,"receipt,warranty_card,product_photo,serial_evidence,fault_evidence",0,False,False,Manual Review,2025-06-13,2024-05-08,1,0,train
CLM-001499,Smartphone,Electronics,Nova,NV-100,SN51594284,MegaMart Electronics,2023-01-10,369.07,18,2024-07-03,2023-10-05,268,272,Motor malfunction,True,0,SN51594284,True,"receipt,product_photo,serial_evidence,fault_evidence",1,False,False,Manual Review,2023-09-28,,272,1,train
CLM-001500,Television,Electronics,Vistara,VS-43,SN75992475,HomeStyle Retail,2022-02-27,867.84,18,2023-08-21,2023-06-20,478,62,Manufacturing defect,True,0,SN75994475,False,"receipt,warranty_card,product_photo,serial_evidence,fault_evidence",0,False,False,Manual Review,2023-06-13,,62,0,test
